21 0 1 000000 00000000 0
37 4 3 000000 00000001 0
38 4 3 000001 00000001 0
39 4 3 000002 00000001 0
40 4 3 000003 00000001 0
41 4 3 000004 00000001 0
42 4 3 000005 00000001 0
43 4 3 000006 00000001 0
44 4 3 000007 00000001 0
55 0 1 000100 00000000 0
71 4 3 000100 00000001 0
72 4 3 000101 00000001 0
73 4 3 000102 00000001 0
74 4 3 000103 00000001 0
75 4 3 000104 00000001 0
76 4 3 000105 00000001 0
77 4 3 000106 00000001 0
78 4 3 000107 00000001 0
107 0 1 000110 00000000 0
123 4 3 000110 00000001 0
124 4 3 000111 00000001 0
125 4 3 000112 00000001 0
126 4 3 000113 00000001 0
127 4 3 000114 00000001 0
128 4 3 000115 00000001 0
129 4 3 000116 00000001 0
130 4 3 000117 00000001 0
159 0 1 000120 00000000 0
175 4 3 000120 00000001 0
176 4 3 000121 00000001 0
177 4 3 000122 00000001 0
178 4 3 000123 00000001 0
179 4 3 000124 00000001 0
180 4 3 000125 00000001 0
181 4 3 000126 00000001 0
182 4 3 000127 00000001 0
211 0 1 000130 00000000 0
227 4 3 000130 00000001 0
228 4 3 000131 00000001 0
229 4 3 000132 00000001 0
230 4 3 000133 00000001 0
231 4 3 000134 00000001 0
232 4 3 000135 00000001 0
233 4 3 000136 00000001 0
234 4 3 000137 00000001 0
263 0 1 000140 00000000 0
279 4 3 000140 00000001 0
280 4 3 000141 00000001 0
281 4 3 000142 00000001 0
282 4 3 000143 00000001 0
283 4 3 000144 00000001 0
284 4 3 000145 00000001 0
285 4 3 000146 00000001 0
286 4 3 000147 00000001 0
315 0 1 000150 00000000 0
331 4 3 000150 00000001 0
332 4 3 000151 00000001 0
333 4 3 000152 00000001 0
334 4 3 000153 00000001 0
335 4 3 000154 00000001 0
336 4 3 000155 00000001 0
337 4 3 000156 00000001 0
338 4 3 000157 00000001 0
367 0 1 000160 00000000 0
383 4 3 000160 00000001 0
384 4 3 000161 00000001 0
385 4 3 000162 00000001 0
386 4 3 000163 00000001 0
387 4 3 000164 00000001 0
388 4 3 000165 00000001 0
389 4 3 000166 00000001 0
390 4 3 000167 00000001 0
419 0 1 000170 00000000 0
435 4 3 000170 00000001 0
436 4 3 000171 00000001 0
437 4 3 000172 00000001 0
438 4 3 000173 00000001 0
439 4 3 000174 00000001 0
440 4 3 000175 00000001 0
441 4 3 000176 00000001 0
442 4 3 000177 00000001 0
462 0 1 000008 00000000 0
478 4 3 000008 00000001 0
479 4 3 000009 00000001 0
480 4 3 00000A 00000001 0
481 4 3 00000B 00000001 0
482 4 3 00000C 00000001 0
483 4 3 00000D 00000001 0
484 4 3 00000E 00000001 0
485 4 3 00000F 00000001 0
496 0 1 000180 00000000 0
512 4 3 000180 00000001 0
513 4 3 000181 00000001 0
514 4 3 000182 00000001 0
515 4 3 000183 00000001 0
516 4 3 000184 00000001 0
517 4 3 000185 00000001 0
518 4 3 000186 00000001 0
519 4 3 000187 00000001 0
548 0 1 000190 00000000 0
564 4 3 000190 00000001 0
565 4 3 000191 00000001 0
566 4 3 000192 00000001 0
567 4 3 000193 00000001 0
568 4 3 000194 00000001 0
569 4 3 000195 00000001 0
570 4 3 000196 00000001 0
571 4 3 000197 00000001 0
600 0 1 0001A0 00000000 0
616 4 3 0001A0 00000001 0
617 4 3 0001A1 00000001 0
618 4 3 0001A2 00000001 0
619 4 3 0001A3 00000001 0
620 4 3 0001A4 00000001 0
621 4 3 0001A5 00000001 0
622 4 3 0001A6 00000001 0
623 4 3 0001A7 00000001 0
652 0 1 0001B0 00000000 0
668 4 3 0001B0 00000001 0
669 4 3 0001B1 00000001 0
670 4 3 0001B2 00000001 0
671 4 3 0001B3 00000001 0
672 4 3 0001B4 00000001 0
673 4 3 0001B5 00000001 0
674 4 3 0001B6 00000001 0
675 4 3 0001B7 00000001 0
704 0 1 0001C0 00000000 0
720 4 3 0001C0 00000001 0
721 4 3 0001C1 00000001 0
722 4 3 0001C2 00000001 0
723 4 3 0001C3 00000001 0
724 4 3 0001C4 00000001 0
725 4 3 0001C5 00000001 0
726 4 3 0001C6 00000001 0
727 4 3 0001C7 00000001 0
756 0 1 0001D0 00000000 0
772 4 3 0001D0 00000001 0
773 4 3 0001D1 00000001 0
774 4 3 0001D2 00000001 0
775 4 3 0001D3 00000001 0
776 4 3 0001D4 00000001 0
777 4 3 0001D5 00000001 0
778 4 3 0001D6 00000001 0
779 4 3 0001D7 00000001 0
808 0 1 0001E0 00000000 0
824 4 3 0001E0 00000001 0
825 4 3 0001E1 00000001 0
826 4 3 0001E2 00000001 0
827 4 3 0001E3 00000001 0
828 4 3 0001E4 00000001 0
829 4 3 0001E5 00000001 0
830 4 3 0001E6 00000001 0
831 4 3 0001E7 00000001 0
860 0 1 0001F0 00000000 0
876 4 3 0001F0 00000001 0
877 4 3 0001F1 00000001 0
878 4 3 0001F2 00000001 0
879 4 3 0001F3 00000001 0
880 4 3 0001F4 00000001 0
881 4 3 0001F5 00000001 0
882 4 3 0001F6 00000001 0
883 4 3 0001F7 00000001 0
900 0 2 000200 00000000 0
916 4 3 000200 00000000 0
917 4 3 000201 00000000 0
918 4 3 000202 00000000 0
919 4 3 000203 00000000 0
920 4 3 000204 00000000 0
921 4 3 000205 00000000 0
922 4 3 000206 00000000 0
923 4 3 000207 00000000 0
937 0 3 000200 00000000 0
938 0 3 000200 00000010 0
939 0 3 000201 00000000 0
940 0 3 000202 00000000 0
941 0 3 000203 00000000 0
942 0 3 000204 00000000 0
943 0 3 000205 00000000 0
944 0 3 000206 00000000 0
945 0 3 000207 00000000 0
947 0 1 000000 00000000 0
963 4 3 000000 00000001 0
964 4 3 000001 00000001 0
965 4 3 000002 00000001 0
966 4 3 000003 00000001 0
967 4 3 000004 00000001 0
968 4 3 000005 00000001 0
969 4 3 000006 00000001 0
970 4 3 000007 00000001 0
1401 0 2 000201 00000000 0
1417 4 3 000200 00000010 0
1418 4 3 000201 00000000 0
1419 4 3 000202 00000000 0
1420 4 3 000203 00000000 0
1421 4 3 000204 00000000 0
1422 4 3 000205 00000000 0
1423 4 3 000206 00000000 0
1424 4 3 000207 00000000 0
1438 0 3 000200 00000000 0
1439 0 3 000200 00000010 0
1440 0 3 000201 00000010 0
1441 0 3 000202 00000000 0
1442 0 3 000203 00000000 0
1443 0 3 000204 00000000 0
1444 0 3 000205 00000000 0
1445 0 3 000206 00000000 0
1446 0 3 000207 00000000 0
1448 0 1 000000 00000000 0
1464 4 3 000000 00000001 0
1465 4 3 000001 00000001 0
1466 4 3 000002 00000001 0
1467 4 3 000003 00000001 0
1468 4 3 000004 00000001 0
1469 4 3 000005 00000001 0
1470 4 3 000006 00000001 0
1471 4 3 000007 00000001 0
1902 0 2 000202 00000000 0
1918 4 3 000200 00000010 0
1919 4 3 000201 00000010 0
1920 4 3 000202 00000000 0
1921 4 3 000203 00000000 0
1922 4 3 000204 00000000 0
1923 4 3 000205 00000000 0
1924 4 3 000206 00000000 0
1925 4 3 000207 00000000 0
1939 0 3 000200 00000000 0
1940 0 3 000200 00000010 0
1941 0 3 000201 00000010 0
1942 0 3 000202 00000010 0
1943 0 3 000203 00000000 0
1944 0 3 000204 00000000 0
1945 0 3 000205 00000000 0
1946 0 3 000206 00000000 0
1947 0 3 000207 00000000 0
1949 0 1 000000 00000000 0
1965 4 3 000000 00000001 0
1966 4 3 000001 00000001 0
1967 4 3 000002 00000001 0
1968 4 3 000003 00000001 0
1969 4 3 000004 00000001 0
1970 4 3 000005 00000001 0
1971 4 3 000006 00000001 0
1972 4 3 000007 00000001 0
2403 0 2 000203 00000000 0
2419 4 3 000200 00000010 0
2420 4 3 000201 00000010 0
2421 4 3 000202 00000010 0
2422 4 3 000203 00000000 0
2423 4 3 000204 00000000 0
2424 4 3 000205 00000000 0
2425 4 3 000206 00000000 0
2426 4 3 000207 00000000 0
2440 0 3 000200 00000000 0
2441 0 3 000200 00000010 0
2442 0 3 000201 00000010 0
2443 0 3 000202 00000010 0
2444 0 3 000203 00000010 0
2445 0 3 000204 00000000 0
2446 0 3 000205 00000000 0
2447 0 3 000206 00000000 0
2448 0 3 000207 00000000 0
2450 0 1 000000 00000000 0
2466 4 3 000000 00000001 0
2467 4 3 000001 00000001 0
2468 4 3 000002 00000001 0
2469 4 3 000003 00000001 0
2470 4 3 000004 00000001 0
2471 4 3 000005 00000001 0
2472 4 3 000006 00000001 0
2473 4 3 000007 00000001 0
2904 0 2 000204 00000000 0
2920 4 3 000200 00000010 0
2921 4 3 000201 00000010 0
2922 4 3 000202 00000010 0
2923 4 3 000203 00000010 0
2924 4 3 000204 00000000 0
2925 4 3 000205 00000000 0
2926 4 3 000206 00000000 0
2927 4 3 000207 00000000 0
2941 0 3 000200 00000000 0
2942 0 3 000200 00000010 0
2943 0 3 000201 00000010 0
2944 0 3 000202 00000010 0
2945 0 3 000203 00000010 0
2946 0 3 000204 00000010 0
2947 0 3 000205 00000000 0
2948 0 3 000206 00000000 0
2949 0 3 000207 00000000 0
2951 0 1 000000 00000000 0
2967 4 3 000000 00000001 0
2968 4 3 000001 00000001 0
2969 4 3 000002 00000001 0
2970 4 3 000003 00000001 0
2971 4 3 000004 00000001 0
2972 4 3 000005 00000001 0
2973 4 3 000006 00000001 0
2974 4 3 000007 00000001 0
3405 0 2 000205 00000000 0
3421 4 3 000200 00000010 0
3422 4 3 000201 00000010 0
3423 4 3 000202 00000010 0
3424 4 3 000203 00000010 0
3425 4 3 000204 00000010 0
3426 4 3 000205 00000000 0
3427 4 3 000206 00000000 0
3428 4 3 000207 00000000 0
3442 0 3 000200 00000000 0
3443 0 3 000200 00000010 0
3444 0 3 000201 00000010 0
3445 0 3 000202 00000010 0
3446 0 3 000203 00000010 0
3447 0 3 000204 00000010 0
3448 0 3 000205 00000010 0
3449 0 3 000206 00000000 0
3450 0 3 000207 00000000 0
3452 0 1 000000 00000000 0
3468 4 3 000000 00000001 0
3469 4 3 000001 00000001 0
3470 4 3 000002 00000001 0
3471 4 3 000003 00000001 0
3472 4 3 000004 00000001 0
3473 4 3 000005 00000001 0
3474 4 3 000006 00000001 0
3475 4 3 000007 00000001 0
3906 0 2 000206 00000000 0
3922 4 3 000200 00000010 0
3923 4 3 000201 00000010 0
3924 4 3 000202 00000010 0
3925 4 3 000203 00000010 0
3926 4 3 000204 00000010 0
3927 4 3 000205 00000010 0
3928 4 3 000206 00000000 0
3929 4 3 000207 00000000 0
3943 0 3 000200 00000000 0
3944 0 3 000200 00000010 0
3945 0 3 000201 00000010 0
3946 0 3 000202 00000010 0
3947 0 3 000203 00000010 0
3948 0 3 000204 00000010 0
3949 0 3 000205 00000010 0
3950 0 3 000206 00000010 0
3951 0 3 000207 00000000 0
3953 0 1 000000 00000000 0
3969 4 3 000000 00000001 0
3970 4 3 000001 00000001 0
3971 4 3 000002 00000001 0
3972 4 3 000003 00000001 0
3973 4 3 000004 00000001 0
3974 4 3 000005 00000001 0
3975 4 3 000006 00000001 0
3976 4 3 000007 00000001 0
4407 0 2 000207 00000000 0
4423 4 3 000200 00000010 0
4424 4 3 000201 00000010 0
4425 4 3 000202 00000010 0
4426 4 3 000203 00000010 0
4427 4 3 000204 00000010 0
4428 4 3 000205 00000010 0
4429 4 3 000206 00000010 0
4430 4 3 000207 00000000 0
4444 0 3 000200 00000000 0
4445 0 3 000200 00000010 0
4446 0 3 000201 00000010 0
4447 0 3 000202 00000010 0
4448 0 3 000203 00000010 0
4449 0 3 000204 00000010 0
4450 0 3 000205 00000010 0
4451 0 3 000206 00000010 0
4452 0 3 000207 00000010 0
4454 0 1 000000 00000000 0
4470 4 3 000000 00000001 0
4471 4 3 000001 00000001 0
4472 4 3 000002 00000001 0
4473 4 3 000003 00000001 0
4474 4 3 000004 00000001 0
4475 4 3 000005 00000001 0
4476 4 3 000006 00000001 0
4477 4 3 000007 00000001 0
4488 0 1 000108 00000000 0
4504 4 3 000108 00000001 0
4505 4 3 000109 00000001 0
4506 4 3 00010A 00000001 0
4507 4 3 00010B 00000001 0
4508 4 3 00010C 00000001 0
4509 4 3 00010D 00000001 0
4510 4 3 00010E 00000001 0
4511 4 3 00010F 00000001 0
4540 0 1 000118 00000000 0
4556 4 3 000118 00000001 0
4557 4 3 000119 00000001 0
4558 4 3 00011A 00000001 0
4559 4 3 00011B 00000001 0
4560 4 3 00011C 00000001 0
4561 4 3 00011D 00000001 0
4562 4 3 00011E 00000001 0
4563 4 3 00011F 00000001 0
4592 0 1 000128 00000000 0
4608 4 3 000128 00000001 0
4609 4 3 000129 00000001 0
4610 4 3 00012A 00000001 0
4611 4 3 00012B 00000001 0
4612 4 3 00012C 00000001 0
4613 4 3 00012D 00000001 0
4614 4 3 00012E 00000001 0
4615 4 3 00012F 00000001 0
4644 0 1 000138 00000000 0
4660 4 3 000138 00000001 0
4661 4 3 000139 00000001 0
4662 4 3 00013A 00000001 0
4663 4 3 00013B 00000001 0
4664 4 3 00013C 00000001 0
4665 4 3 00013D 00000001 0
4666 4 3 00013E 00000001 0
4667 4 3 00013F 00000001 0
4696 0 1 000148 00000000 0
4712 4 3 000148 00000001 0
4713 4 3 000149 00000001 0
4714 4 3 00014A 00000001 0
4715 4 3 00014B 00000001 0
4716 4 3 00014C 00000001 0
4717 4 3 00014D 00000001 0
4718 4 3 00014E 00000001 0
4719 4 3 00014F 00000001 0
4748 0 1 000158 00000000 0
4764 4 3 000158 00000001 0
4765 4 3 000159 00000001 0
4766 4 3 00015A 00000001 0
4767 4 3 00015B 00000001 0
4768 4 3 00015C 00000001 0
4769 4 3 00015D 00000001 0
4770 4 3 00015E 00000001 0
4771 4 3 00015F 00000001 0
4800 0 1 000168 00000000 0
4816 4 3 000168 00000001 0
4817 4 3 000169 00000001 0
4818 4 3 00016A 00000001 0
4819 4 3 00016B 00000001 0
4820 4 3 00016C 00000001 0
4821 4 3 00016D 00000001 0
4822 4 3 00016E 00000001 0
4823 4 3 00016F 00000001 0
4852 0 1 000178 00000000 0
4868 4 3 000178 00000001 0
4869 4 3 000179 00000001 0
4870 4 3 00017A 00000001 0
4871 4 3 00017B 00000001 0
4872 4 3 00017C 00000001 0
4873 4 3 00017D 00000001 0
4874 4 3 00017E 00000001 0
4875 4 3 00017F 00000001 0
4904 0 1 000188 00000000 0
4920 4 3 000188 00000001 0
4921 4 3 000189 00000001 0
4922 4 3 00018A 00000001 0
4923 4 3 00018B 00000001 0
4924 4 3 00018C 00000001 0
4925 4 3 00018D 00000001 0
4926 4 3 00018E 00000001 0
4927 4 3 00018F 00000001 0
4956 0 1 000198 00000000 0
4972 4 3 000198 00000001 0
4973 4 3 000199 00000001 0
4974 4 3 00019A 00000001 0
4975 4 3 00019B 00000001 0
4976 4 3 00019C 00000001 0
4977 4 3 00019D 00000001 0
4978 4 3 00019E 00000001 0
4979 4 3 00019F 00000001 0
5008 0 1 0001A8 00000000 0
5024 4 3 0001A8 00000001 0
5025 4 3 0001A9 00000001 0
5026 4 3 0001AA 00000001 0
5027 4 3 0001AB 00000001 0
5028 4 3 0001AC 00000001 0
5029 4 3 0001AD 00000001 0
5030 4 3 0001AE 00000001 0
5031 4 3 0001AF 00000001 0
5060 0 1 0001B8 00000000 0
5076 4 3 0001B8 00000001 0
5077 4 3 0001B9 00000001 0
5078 4 3 0001BA 00000001 0
5079 4 3 0001BB 00000001 0
5080 4 3 0001BC 00000001 0
5081 4 3 0001BD 00000001 0
5082 4 3 0001BE 00000001 0
5083 4 3 0001BF 00000001 0
5112 0 1 0001C8 00000000 0
5128 4 3 0001C8 00000001 0
5129 4 3 0001C9 00000001 0
5130 4 3 0001CA 00000001 0
5131 4 3 0001CB 00000001 0
5132 4 3 0001CC 00000001 0
5133 4 3 0001CD 00000001 0
5134 4 3 0001CE 00000001 0
5135 4 3 0001CF 00000001 0
5164 0 1 0001D8 00000000 0
5180 4 3 0001D8 00000001 0
5181 4 3 0001D9 00000001 0
5182 4 3 0001DA 00000001 0
5183 4 3 0001DB 00000001 0
5184 4 3 0001DC 00000001 0
5185 4 3 0001DD 00000001 0
5186 4 3 0001DE 00000001 0
5187 4 3 0001DF 00000001 0
5216 0 1 0001E8 00000000 0
5232 4 3 0001E8 00000001 0
5233 4 3 0001E9 00000001 0
5234 4 3 0001EA 00000001 0
5235 4 3 0001EB 00000001 0
5236 4 3 0001EC 00000001 0
5237 4 3 0001ED 00000001 0
5238 4 3 0001EE 00000001 0
5239 4 3 0001EF 00000001 0
5268 0 1 0001F8 00000000 0
5284 4 3 0001F8 00000001 0
5285 4 3 0001F9 00000001 0
5286 4 3 0001FA 00000001 0
5287 4 3 0001FB 00000001 0
5288 4 3 0001FC 00000001 0
5289 4 3 0001FD 00000001 0
5290 4 3 0001FE 00000001 0
5291 4 3 0001FF 00000001 0
5308 0 2 000208 00000000 0
5324 4 3 000208 00000000 0
5325 4 3 000209 00000000 0
5326 4 3 00020A 00000000 0
5327 4 3 00020B 00000000 0
5328 4 3 00020C 00000000 0
5329 4 3 00020D 00000000 0
5330 4 3 00020E 00000000 0
5331 4 3 00020F 00000000 0
5561 0 3 000208 00000000 0
5562 0 3 000208 00000010 0
5563 0 3 000209 00000000 0
5564 0 3 00020A 00000000 0
5565 0 3 00020B 00000000 0
5566 0 3 00020C 00000000 0
5567 0 3 00020D 00000000 0
5568 0 3 00020E 00000000 0
5569 0 3 00020F 00000000 0
5571 0 1 000008 00000000 0
5587 4 3 000008 00000001 0
5588 4 3 000009 00000001 0
5589 4 3 00000A 00000001 0
5590 4 3 00000B 00000001 0
5591 4 3 00000C 00000001 0
5592 4 3 00000D 00000001 0
5593 4 3 00000E 00000001 0
5594 4 3 00000F 00000001 0
5809 0 2 000209 00000000 0
5825 4 3 000208 00000010 0
5826 4 3 000209 00000000 0
5827 4 3 00020A 00000000 0
5828 4 3 00020B 00000000 0
5829 4 3 00020C 00000000 0
5830 4 3 00020D 00000000 0
5831 4 3 00020E 00000000 0
5832 4 3 00020F 00000000 0
6062 0 3 000208 00000000 0
6063 0 3 000208 00000010 0
6064 0 3 000209 00000010 0
6065 0 3 00020A 00000000 0
6066 0 3 00020B 00000000 0
6067 0 3 00020C 00000000 0
6068 0 3 00020D 00000000 0
6069 0 3 00020E 00000000 0
6070 0 3 00020F 00000000 0
6072 0 1 000008 00000000 0
6088 4 3 000008 00000001 0
6089 4 3 000009 00000001 0
6090 4 3 00000A 00000001 0
6091 4 3 00000B 00000001 0
6092 4 3 00000C 00000001 0
6093 4 3 00000D 00000001 0
6094 4 3 00000E 00000001 0
6095 4 3 00000F 00000001 0
6310 0 2 00020A 00000000 0
6326 4 3 000208 00000010 0
6327 4 3 000209 00000010 0
6328 4 3 00020A 00000000 0
6329 4 3 00020B 00000000 0
6330 4 3 00020C 00000000 0
6331 4 3 00020D 00000000 0
6332 4 3 00020E 00000000 0
6333 4 3 00020F 00000000 0
6563 0 3 000208 00000000 0
6564 0 3 000208 00000010 0
6565 0 3 000209 00000010 0
6566 0 3 00020A 00000010 0
6567 0 3 00020B 00000000 0
6568 0 3 00020C 00000000 0
6569 0 3 00020D 00000000 0
6570 0 3 00020E 00000000 0
6571 0 3 00020F 00000000 0
6573 0 1 000008 00000000 0
6589 4 3 000008 00000001 0
6590 4 3 000009 00000001 0
6591 4 3 00000A 00000001 0
6592 4 3 00000B 00000001 0
6593 4 3 00000C 00000001 0
6594 4 3 00000D 00000001 0
6595 4 3 00000E 00000001 0
6596 4 3 00000F 00000001 0
6811 0 2 00020B 00000000 0
6827 4 3 000208 00000010 0
6828 4 3 000209 00000010 0
6829 4 3 00020A 00000010 0
6830 4 3 00020B 00000000 0
6831 4 3 00020C 00000000 0
6832 4 3 00020D 00000000 0
6833 4 3 00020E 00000000 0
6834 4 3 00020F 00000000 0
7064 0 3 000208 00000000 0
7065 0 3 000208 00000010 0
7066 0 3 000209 00000010 0
7067 0 3 00020A 00000010 0
7068 0 3 00020B 00000010 0
7069 0 3 00020C 00000000 0
7070 0 3 00020D 00000000 0
7071 0 3 00020E 00000000 0
7072 0 3 00020F 00000000 0
7074 0 1 000008 00000000 0
7090 4 3 000008 00000001 0
7091 4 3 000009 00000001 0
7092 4 3 00000A 00000001 0
7093 4 3 00000B 00000001 0
7094 4 3 00000C 00000001 0
7095 4 3 00000D 00000001 0
7096 4 3 00000E 00000001 0
7097 4 3 00000F 00000001 0
7312 0 2 00020C 00000000 0
7328 4 3 000208 00000010 0
7329 4 3 000209 00000010 0
7330 4 3 00020A 00000010 0
7331 4 3 00020B 00000010 0
7332 4 3 00020C 00000000 0
7333 4 3 00020D 00000000 0
7334 4 3 00020E 00000000 0
7335 4 3 00020F 00000000 0
7565 0 3 000208 00000000 0
7566 0 3 000208 00000010 0
7567 0 3 000209 00000010 0
7568 0 3 00020A 00000010 0
7569 0 3 00020B 00000010 0
7570 0 3 00020C 00000010 0
7571 0 3 00020D 00000000 0
7572 0 3 00020E 00000000 0
7573 0 3 00020F 00000000 0
7575 0 1 000008 00000000 0
7591 4 3 000008 00000001 0
7592 4 3 000009 00000001 0
7593 4 3 00000A 00000001 0
7594 4 3 00000B 00000001 0
7595 4 3 00000C 00000001 0
7596 4 3 00000D 00000001 0
7597 4 3 00000E 00000001 0
7598 4 3 00000F 00000001 0
7813 0 2 00020D 00000000 0
7829 4 3 000208 00000010 0
7830 4 3 000209 00000010 0
7831 4 3 00020A 00000010 0
7832 4 3 00020B 00000010 0
7833 4 3 00020C 00000010 0
7834 4 3 00020D 00000000 0
7835 4 3 00020E 00000000 0
7836 4 3 00020F 00000000 0
8066 0 3 000208 00000000 0
8067 0 3 000208 00000010 0
8068 0 3 000209 00000010 0
8069 0 3 00020A 00000010 0
8070 0 3 00020B 00000010 0
8071 0 3 00020C 00000010 0
8072 0 3 00020D 00000010 0
8073 0 3 00020E 00000000 0
8074 0 3 00020F 00000000 0
8076 0 1 000008 00000000 0
8092 4 3 000008 00000001 0
8093 4 3 000009 00000001 0
8094 4 3 00000A 00000001 0
8095 4 3 00000B 00000001 0
8096 4 3 00000C 00000001 0
8097 4 3 00000D 00000001 0
8098 4 3 00000E 00000001 0
8099 4 3 00000F 00000001 0
8314 0 2 00020E 00000000 0
8330 4 3 000208 00000010 0
8331 4 3 000209 00000010 0
8332 4 3 00020A 00000010 0
8333 4 3 00020B 00000010 0
8334 4 3 00020C 00000010 0
8335 4 3 00020D 00000010 0
8336 4 3 00020E 00000000 0
8337 4 3 00020F 00000000 0
8567 0 3 000208 00000000 0
8568 0 3 000208 00000010 0
8569 0 3 000209 00000010 0
8570 0 3 00020A 00000010 0
8571 0 3 00020B 00000010 0
8572 0 3 00020C 00000010 0
8573 0 3 00020D 00000010 0
8574 0 3 00020E 00000010 0
8575 0 3 00020F 00000000 0
8577 0 1 000008 00000000 0
8593 4 3 000008 00000001 0
8594 4 3 000009 00000001 0
8595 4 3 00000A 00000001 0
8596 4 3 00000B 00000001 0
8597 4 3 00000C 00000001 0
8598 4 3 00000D 00000001 0
8599 4 3 00000E 00000001 0
8600 4 3 00000F 00000001 0
8815 0 2 00020F 00000000 0
8831 4 3 000208 00000010 0
8832 4 3 000209 00000010 0
8833 4 3 00020A 00000010 0
8834 4 3 00020B 00000010 0
8835 4 3 00020C 00000010 0
8836 4 3 00020D 00000010 0
8837 4 3 00020E 00000010 0
8838 4 3 00020F 00000000 0
8859 0 1 000010 00000000 0
8875 4 3 000010 00000001 0
8876 4 3 000011 00000001 0
8877 4 3 000012 00000001 0
8878 4 3 000013 00000001 0
8879 4 3 000014 00000001 0
8880 4 3 000015 00000001 0
8881 4 3 000016 00000001 0
8882 4 3 000017 00000001 0
9100 0 1 000018 00000000 0
9116 4 3 000018 00000001 0
9117 4 3 000019 00000001 0
9118 4 3 00001A 00000001 0
9119 4 3 00001B 00000001 0
9120 4 3 00001C 00000001 0
9121 4 3 00001D 00000001 0
9122 4 3 00001E 00000001 0
9123 4 3 00001F 00000001 0
9338 0 2 000210 00000000 0
9354 4 3 000210 00000000 0
9355 4 3 000211 00000000 0
9356 4 3 000212 00000000 0
9357 4 3 000213 00000000 0
9358 4 3 000214 00000000 0
9359 4 3 000215 00000000 0
9360 4 3 000216 00000000 0
9361 4 3 000217 00000000 0
9375 0 3 000210 00000000 0
9376 0 3 000210 00000010 0
9377 0 3 000211 00000000 0
9378 0 3 000212 00000000 0
9379 0 3 000213 00000000 0
9380 0 3 000214 00000000 0
9381 0 3 000215 00000000 0
9382 0 3 000216 00000000 0
9383 0 3 000217 00000000 0
9385 0 1 000010 00000000 0
9401 4 3 000010 00000001 0
9402 4 3 000011 00000001 0
9403 4 3 000012 00000001 0
9404 4 3 000013 00000001 0
9405 4 3 000014 00000001 0
9406 4 3 000015 00000001 0
9407 4 3 000016 00000001 0
9408 4 3 000017 00000001 0
9839 0 2 000211 00000000 0
9855 4 3 000210 00000010 0
9856 4 3 000211 00000000 0
9857 4 3 000212 00000000 0
9858 4 3 000213 00000000 0
9859 4 3 000214 00000000 0
9860 4 3 000215 00000000 0
9861 4 3 000216 00000000 0
9862 4 3 000217 00000000 0
9876 0 3 000210 00000000 0
9877 0 3 000210 00000010 0
9878 0 3 000211 00000010 0
9879 0 3 000212 00000000 0
9880 0 3 000213 00000000 0
9881 0 3 000214 00000000 0
9882 0 3 000215 00000000 0
9883 0 3 000216 00000000 0
9884 0 3 000217 00000000 0
9886 0 1 000010 00000000 0
9902 4 3 000010 00000001 0
9903 4 3 000011 00000001 0
9904 4 3 000012 00000001 0
9905 4 3 000013 00000001 0
9906 4 3 000014 00000001 0
9907 4 3 000015 00000001 0
9908 4 3 000016 00000001 0
9909 4 3 000017 00000001 0
10340 0 2 000212 00000000 0
10356 4 3 000210 00000010 0
10357 4 3 000211 00000010 0
10358 4 3 000212 00000000 0
10359 4 3 000213 00000000 0
10360 4 3 000214 00000000 0
10361 4 3 000215 00000000 0
10362 4 3 000216 00000000 0
10363 4 3 000217 00000000 0
10377 0 3 000210 00000000 0
10378 0 3 000210 00000010 0
10379 0 3 000211 00000010 0
10380 0 3 000212 00000010 0
10381 0 3 000213 00000000 0
10382 0 3 000214 00000000 0
10383 0 3 000215 00000000 0
10384 0 3 000216 00000000 0
10385 0 3 000217 00000000 0
10387 0 1 000010 00000000 0
10403 4 3 000010 00000001 0
10404 4 3 000011 00000001 0
10405 4 3 000012 00000001 0
10406 4 3 000013 00000001 0
10407 4 3 000014 00000001 0
10408 4 3 000015 00000001 0
10409 4 3 000016 00000001 0
10410 4 3 000017 00000001 0
10841 0 2 000213 00000000 0
10857 4 3 000210 00000010 0
10858 4 3 000211 00000010 0
10859 4 3 000212 00000010 0
10860 4 3 000213 00000000 0
10861 4 3 000214 00000000 0
10862 4 3 000215 00000000 0
10863 4 3 000216 00000000 0
10864 4 3 000217 00000000 0
10878 0 3 000210 00000000 0
10879 0 3 000210 00000010 0
10880 0 3 000211 00000010 0
10881 0 3 000212 00000010 0
10882 0 3 000213 00000010 0
10883 0 3 000214 00000000 0
10884 0 3 000215 00000000 0
10885 0 3 000216 00000000 0
10886 0 3 000217 00000000 0
10888 0 1 000010 00000000 0
10904 4 3 000010 00000001 0
10905 4 3 000011 00000001 0
10906 4 3 000012 00000001 0
10907 4 3 000013 00000001 0
10908 4 3 000014 00000001 0
10909 4 3 000015 00000001 0
10910 4 3 000016 00000001 0
10911 4 3 000017 00000001 0
11342 0 2 000214 00000000 0
11358 4 3 000210 00000010 0
11359 4 3 000211 00000010 0
11360 4 3 000212 00000010 0
11361 4 3 000213 00000010 0
11362 4 3 000214 00000000 0
11363 4 3 000215 00000000 0
11364 4 3 000216 00000000 0
11365 4 3 000217 00000000 0
11379 0 3 000210 00000000 0
11380 0 3 000210 00000010 0
11381 0 3 000211 00000010 0
11382 0 3 000212 00000010 0
11383 0 3 000213 00000010 0
11384 0 3 000214 00000010 0
11385 0 3 000215 00000000 0
11386 0 3 000216 00000000 0
11387 0 3 000217 00000000 0
11389 0 1 000010 00000000 0
11405 4 3 000010 00000001 0
11406 4 3 000011 00000001 0
11407 4 3 000012 00000001 0
11408 4 3 000013 00000001 0
11409 4 3 000014 00000001 0
11410 4 3 000015 00000001 0
11411 4 3 000016 00000001 0
11412 4 3 000017 00000001 0
11843 0 2 000215 00000000 0
11859 4 3 000210 00000010 0
11860 4 3 000211 00000010 0
11861 4 3 000212 00000010 0
11862 4 3 000213 00000010 0
11863 4 3 000214 00000010 0
11864 4 3 000215 00000000 0
11865 4 3 000216 00000000 0
11866 4 3 000217 00000000 0
11880 0 3 000210 00000000 0
11881 0 3 000210 00000010 0
11882 0 3 000211 00000010 0
11883 0 3 000212 00000010 0
11884 0 3 000213 00000010 0
11885 0 3 000214 00000010 0
11886 0 3 000215 00000010 0
11887 0 3 000216 00000000 0
11888 0 3 000217 00000000 0
11890 0 1 000010 00000000 0
11906 4 3 000010 00000001 0
11907 4 3 000011 00000001 0
11908 4 3 000012 00000001 0
11909 4 3 000013 00000001 0
11910 4 3 000014 00000001 0
11911 4 3 000015 00000001 0
11912 4 3 000016 00000001 0
11913 4 3 000017 00000001 0
12344 0 2 000216 00000000 0
12360 4 3 000210 00000010 0
12361 4 3 000211 00000010 0
12362 4 3 000212 00000010 0
12363 4 3 000213 00000010 0
12364 4 3 000214 00000010 0
12365 4 3 000215 00000010 0
12366 4 3 000216 00000000 0
12367 4 3 000217 00000000 0
12381 0 3 000210 00000000 0
12382 0 3 000210 00000010 0
12383 0 3 000211 00000010 0
12384 0 3 000212 00000010 0
12385 0 3 000213 00000010 0
12386 0 3 000214 00000010 0
12387 0 3 000215 00000010 0
12388 0 3 000216 00000010 0
12389 0 3 000217 00000000 0
12391 0 1 000010 00000000 0
12407 4 3 000010 00000001 0
12408 4 3 000011 00000001 0
12409 4 3 000012 00000001 0
12410 4 3 000013 00000001 0
12411 4 3 000014 00000001 0
12412 4 3 000015 00000001 0
12413 4 3 000016 00000001 0
12414 4 3 000017 00000001 0
12845 0 2 000217 00000000 0
12861 4 3 000210 00000010 0
12862 4 3 000211 00000010 0
12863 4 3 000212 00000010 0
12864 4 3 000213 00000010 0
12865 4 3 000214 00000010 0
12866 4 3 000215 00000010 0
12867 4 3 000216 00000010 0
12868 4 3 000217 00000000 0
12882 0 3 000210 00000000 0
12883 0 3 000210 00000010 0
12884 0 3 000211 00000010 0
12885 0 3 000212 00000010 0
12886 0 3 000213 00000010 0
12887 0 3 000214 00000010 0
12888 0 3 000215 00000010 0
12889 0 3 000216 00000010 0
12890 0 3 000217 00000010 0
12892 0 1 000010 00000000 0
12908 4 3 000010 00000001 0
12909 4 3 000011 00000001 0
12910 4 3 000012 00000001 0
12911 4 3 000013 00000001 0
12912 4 3 000014 00000001 0
12913 4 3 000015 00000001 0
12914 4 3 000016 00000001 0
12915 4 3 000017 00000001 0
13346 0 2 000218 00000000 0
13362 4 3 000218 00000000 0
13363 4 3 000219 00000000 0
13364 4 3 00021A 00000000 0
13365 4 3 00021B 00000000 0
13366 4 3 00021C 00000000 0
13367 4 3 00021D 00000000 0
13368 4 3 00021E 00000000 0
13369 4 3 00021F 00000000 0
13599 0 3 000218 00000000 0
13600 0 3 000218 00000010 0
13601 0 3 000219 00000000 0
13602 0 3 00021A 00000000 0
13603 0 3 00021B 00000000 0
13604 0 3 00021C 00000000 0
13605 0 3 00021D 00000000 0
13606 0 3 00021E 00000000 0
13607 0 3 00021F 00000000 0
13609 0 1 000018 00000000 0
13625 4 3 000018 00000001 0
13626 4 3 000019 00000001 0
13627 4 3 00001A 00000001 0
13628 4 3 00001B 00000001 0
13629 4 3 00001C 00000001 0
13630 4 3 00001D 00000001 0
13631 4 3 00001E 00000001 0
13632 4 3 00001F 00000001 0
13847 0 2 000219 00000000 0
13863 4 3 000218 00000010 0
13864 4 3 000219 00000000 0
13865 4 3 00021A 00000000 0
13866 4 3 00021B 00000000 0
13867 4 3 00021C 00000000 0
13868 4 3 00021D 00000000 0
13869 4 3 00021E 00000000 0
13870 4 3 00021F 00000000 0
14100 0 3 000218 00000000 0
14101 0 3 000218 00000010 0
14102 0 3 000219 00000010 0
14103 0 3 00021A 00000000 0
14104 0 3 00021B 00000000 0
14105 0 3 00021C 00000000 0
14106 0 3 00021D 00000000 0
14107 0 3 00021E 00000000 0
14108 0 3 00021F 00000000 0
14110 0 1 000018 00000000 0
14126 4 3 000018 00000001 0
14127 4 3 000019 00000001 0
14128 4 3 00001A 00000001 0
14129 4 3 00001B 00000001 0
14130 4 3 00001C 00000001 0
14131 4 3 00001D 00000001 0
14132 4 3 00001E 00000001 0
14133 4 3 00001F 00000001 0
14348 0 2 00021A 00000000 0
14364 4 3 000218 00000010 0
14365 4 3 000219 00000010 0
14366 4 3 00021A 00000000 0
14367 4 3 00021B 00000000 0
14368 4 3 00021C 00000000 0
14369 4 3 00021D 00000000 0
14370 4 3 00021E 00000000 0
14371 4 3 00021F 00000000 0
14601 0 3 000218 00000000 0
14602 0 3 000218 00000010 0
14603 0 3 000219 00000010 0
14604 0 3 00021A 00000010 0
14605 0 3 00021B 00000000 0
14606 0 3 00021C 00000000 0
14607 0 3 00021D 00000000 0
14608 0 3 00021E 00000000 0
14609 0 3 00021F 00000000 0
14611 0 1 000018 00000000 0
14627 4 3 000018 00000001 0
14628 4 3 000019 00000001 0
14629 4 3 00001A 00000001 0
14630 4 3 00001B 00000001 0
14631 4 3 00001C 00000001 0
14632 4 3 00001D 00000001 0
14633 4 3 00001E 00000001 0
14634 4 3 00001F 00000001 0
14849 0 2 00021B 00000000 0
14865 4 3 000218 00000010 0
14866 4 3 000219 00000010 0
14867 4 3 00021A 00000010 0
14868 4 3 00021B 00000000 0
14869 4 3 00021C 00000000 0
14870 4 3 00021D 00000000 0
14871 4 3 00021E 00000000 0
14872 4 3 00021F 00000000 0
15102 0 3 000218 00000000 0
15103 0 3 000218 00000010 0
15104 0 3 000219 00000010 0
15105 0 3 00021A 00000010 0
15106 0 3 00021B 00000010 0
15107 0 3 00021C 00000000 0
15108 0 3 00021D 00000000 0
15109 0 3 00021E 00000000 0
15110 0 3 00021F 00000000 0
15112 0 1 000018 00000000 0
15128 4 3 000018 00000001 0
15129 4 3 000019 00000001 0
15130 4 3 00001A 00000001 0
15131 4 3 00001B 00000001 0
15132 4 3 00001C 00000001 0
15133 4 3 00001D 00000001 0
15134 4 3 00001E 00000001 0
15135 4 3 00001F 00000001 0
15350 0 2 00021C 00000000 0
15366 4 3 000218 00000010 0
15367 4 3 000219 00000010 0
15368 4 3 00021A 00000010 0
15369 4 3 00021B 00000010 0
15370 4 3 00021C 00000000 0
15371 4 3 00021D 00000000 0
15372 4 3 00021E 00000000 0
15373 4 3 00021F 00000000 0
15603 0 3 000218 00000000 0
15604 0 3 000218 00000010 0
15605 0 3 000219 00000010 0
15606 0 3 00021A 00000010 0
15607 0 3 00021B 00000010 0
15608 0 3 00021C 00000010 0
15609 0 3 00021D 00000000 0
15610 0 3 00021E 00000000 0
15611 0 3 00021F 00000000 0
15613 0 1 000018 00000000 0
15629 4 3 000018 00000001 0
15630 4 3 000019 00000001 0
15631 4 3 00001A 00000001 0
15632 4 3 00001B 00000001 0
15633 4 3 00001C 00000001 0
15634 4 3 00001D 00000001 0
15635 4 3 00001E 00000001 0
15636 4 3 00001F 00000001 0
15851 0 2 00021D 00000000 0
15867 4 3 000218 00000010 0
15868 4 3 000219 00000010 0
15869 4 3 00021A 00000010 0
15870 4 3 00021B 00000010 0
15871 4 3 00021C 00000010 0
15872 4 3 00021D 00000000 0
15873 4 3 00021E 00000000 0
15874 4 3 00021F 00000000 0
16104 0 3 000218 00000000 0
16105 0 3 000218 00000010 0
16106 0 3 000219 00000010 0
16107 0 3 00021A 00000010 0
16108 0 3 00021B 00000010 0
16109 0 3 00021C 00000010 0
16110 0 3 00021D 00000010 0
16111 0 3 00021E 00000000 0
16112 0 3 00021F 00000000 0
16114 0 1 000018 00000000 0
16130 4 3 000018 00000001 0
16131 4 3 000019 00000001 0
16132 4 3 00001A 00000001 0
16133 4 3 00001B 00000001 0
16134 4 3 00001C 00000001 0
16135 4 3 00001D 00000001 0
16136 4 3 00001E 00000001 0
16137 4 3 00001F 00000001 0
16352 0 2 00021E 00000000 0
16368 4 3 000218 00000010 0
16369 4 3 000219 00000010 0
16370 4 3 00021A 00000010 0
16371 4 3 00021B 00000010 0
16372 4 3 00021C 00000010 0
16373 4 3 00021D 00000010 0
16374 4 3 00021E 00000000 0
16375 4 3 00021F 00000000 0
16605 0 3 000218 00000000 0
16606 0 3 000218 00000010 0
16607 0 3 000219 00000010 0
16608 0 3 00021A 00000010 0
16609 0 3 00021B 00000010 0
16610 0 3 00021C 00000010 0
16611 0 3 00021D 00000010 0
16612 0 3 00021E 00000010 0
16613 0 3 00021F 00000000 0
16615 0 1 000018 00000000 0
16631 4 3 000018 00000001 0
16632 4 3 000019 00000001 0
16633 4 3 00001A 00000001 0
16634 4 3 00001B 00000001 0
16635 4 3 00001C 00000001 0
16636 4 3 00001D 00000001 0
16637 4 3 00001E 00000001 0
16638 4 3 00001F 00000001 0
16853 0 2 00021F 00000000 0
16869 4 3 000218 00000010 0
16870 4 3 000219 00000010 0
16871 4 3 00021A 00000010 0
16872 4 3 00021B 00000010 0
16873 4 3 00021C 00000010 0
16874 4 3 00021D 00000010 0
16875 4 3 00021E 00000010 0
16876 4 3 00021F 00000000 0
16897 0 1 000020 00000000 0
16913 4 3 000020 00000001 0
16914 4 3 000021 00000001 0
16915 4 3 000022 00000001 0
16916 4 3 000023 00000001 0
16917 4 3 000024 00000001 0
16918 4 3 000025 00000001 0
16919 4 3 000026 00000001 0
16920 4 3 000027 00000001 0
17138 0 1 000028 00000000 0
17154 4 3 000028 00000001 0
17155 4 3 000029 00000001 0
17156 4 3 00002A 00000001 0
17157 4 3 00002B 00000001 0
17158 4 3 00002C 00000001 0
17159 4 3 00002D 00000001 0
17160 4 3 00002E 00000001 0
17161 4 3 00002F 00000001 0
17376 0 2 000220 00000000 0
17392 4 3 000220 00000000 0
17393 4 3 000221 00000000 0
17394 4 3 000222 00000000 0
17395 4 3 000223 00000000 0
17396 4 3 000224 00000000 0
17397 4 3 000225 00000000 0
17398 4 3 000226 00000000 0
17399 4 3 000227 00000000 0
17413 0 3 000220 00000000 0
17414 0 3 000220 00000010 0
17415 0 3 000221 00000000 0
17416 0 3 000222 00000000 0
17417 0 3 000223 00000000 0
17418 0 3 000224 00000000 0
17419 0 3 000225 00000000 0
17420 0 3 000226 00000000 0
17421 0 3 000227 00000000 0
17423 0 1 000020 00000000 0
17439 4 3 000020 00000001 0
17440 4 3 000021 00000001 0
17441 4 3 000022 00000001 0
17442 4 3 000023 00000001 0
17443 4 3 000024 00000001 0
17444 4 3 000025 00000001 0
17445 4 3 000026 00000001 0
17446 4 3 000027 00000001 0
17877 0 2 000221 00000000 0
17893 4 3 000220 00000010 0
17894 4 3 000221 00000000 0
17895 4 3 000222 00000000 0
17896 4 3 000223 00000000 0
17897 4 3 000224 00000000 0
17898 4 3 000225 00000000 0
17899 4 3 000226 00000000 0
17900 4 3 000227 00000000 0
17914 0 3 000220 00000000 0
17915 0 3 000220 00000010 0
17916 0 3 000221 00000010 0
17917 0 3 000222 00000000 0
17918 0 3 000223 00000000 0
17919 0 3 000224 00000000 0
17920 0 3 000225 00000000 0
17921 0 3 000226 00000000 0
17922 0 3 000227 00000000 0
17924 0 1 000020 00000000 0
17940 4 3 000020 00000001 0
17941 4 3 000021 00000001 0
17942 4 3 000022 00000001 0
17943 4 3 000023 00000001 0
17944 4 3 000024 00000001 0
17945 4 3 000025 00000001 0
17946 4 3 000026 00000001 0
17947 4 3 000027 00000001 0
18378 0 2 000222 00000000 0
18394 4 3 000220 00000010 0
18395 4 3 000221 00000010 0
18396 4 3 000222 00000000 0
18397 4 3 000223 00000000 0
18398 4 3 000224 00000000 0
18399 4 3 000225 00000000 0
18400 4 3 000226 00000000 0
18401 4 3 000227 00000000 0
18415 0 3 000220 00000000 0
18416 0 3 000220 00000010 0
18417 0 3 000221 00000010 0
18418 0 3 000222 00000010 0
18419 0 3 000223 00000000 0
18420 0 3 000224 00000000 0
18421 0 3 000225 00000000 0
18422 0 3 000226 00000000 0
18423 0 3 000227 00000000 0
18425 0 1 000020 00000000 0
18441 4 3 000020 00000001 0
18442 4 3 000021 00000001 0
18443 4 3 000022 00000001 0
18444 4 3 000023 00000001 0
18445 4 3 000024 00000001 0
18446 4 3 000025 00000001 0
18447 4 3 000026 00000001 0
18448 4 3 000027 00000001 0
18879 0 2 000223 00000000 0
18895 4 3 000220 00000010 0
18896 4 3 000221 00000010 0
18897 4 3 000222 00000010 0
18898 4 3 000223 00000000 0
18899 4 3 000224 00000000 0
18900 4 3 000225 00000000 0
18901 4 3 000226 00000000 0
18902 4 3 000227 00000000 0
18916 0 3 000220 00000000 0
18917 0 3 000220 00000010 0
18918 0 3 000221 00000010 0
18919 0 3 000222 00000010 0
18920 0 3 000223 00000010 0
18921 0 3 000224 00000000 0
18922 0 3 000225 00000000 0
18923 0 3 000226 00000000 0
18924 0 3 000227 00000000 0
18926 0 1 000020 00000000 0
18942 4 3 000020 00000001 0
18943 4 3 000021 00000001 0
18944 4 3 000022 00000001 0
18945 4 3 000023 00000001 0
18946 4 3 000024 00000001 0
18947 4 3 000025 00000001 0
18948 4 3 000026 00000001 0
18949 4 3 000027 00000001 0
19380 0 2 000224 00000000 0
19396 4 3 000220 00000010 0
19397 4 3 000221 00000010 0
19398 4 3 000222 00000010 0
19399 4 3 000223 00000010 0
19400 4 3 000224 00000000 0
19401 4 3 000225 00000000 0
19402 4 3 000226 00000000 0
19403 4 3 000227 00000000 0
19417 0 3 000220 00000000 0
19418 0 3 000220 00000010 0
19419 0 3 000221 00000010 0
19420 0 3 000222 00000010 0
19421 0 3 000223 00000010 0
19422 0 3 000224 00000010 0
19423 0 3 000225 00000000 0
19424 0 3 000226 00000000 0
19425 0 3 000227 00000000 0
19427 0 1 000020 00000000 0
19443 4 3 000020 00000001 0
19444 4 3 000021 00000001 0
19445 4 3 000022 00000001 0
19446 4 3 000023 00000001 0
19447 4 3 000024 00000001 0
19448 4 3 000025 00000001 0
19449 4 3 000026 00000001 0
19450 4 3 000027 00000001 0
19881 0 2 000225 00000000 0
19897 4 3 000220 00000010 0
19898 4 3 000221 00000010 0
19899 4 3 000222 00000010 0
19900 4 3 000223 00000010 0
19901 4 3 000224 00000010 0
19902 4 3 000225 00000000 0
19903 4 3 000226 00000000 0
19904 4 3 000227 00000000 0
19918 0 3 000220 00000000 0
19919 0 3 000220 00000010 0
19920 0 3 000221 00000010 0
19921 0 3 000222 00000010 0
19922 0 3 000223 00000010 0
19923 0 3 000224 00000010 0
19924 0 3 000225 00000010 0
19925 0 3 000226 00000000 0
19926 0 3 000227 00000000 0
19928 0 1 000020 00000000 0
19944 4 3 000020 00000001 0
19945 4 3 000021 00000001 0
19946 4 3 000022 00000001 0
19947 4 3 000023 00000001 0
19948 4 3 000024 00000001 0
19949 4 3 000025 00000001 0
19950 4 3 000026 00000001 0
19951 4 3 000027 00000001 0
20382 0 2 000226 00000000 0
20398 4 3 000220 00000010 0
20399 4 3 000221 00000010 0
20400 4 3 000222 00000010 0
20401 4 3 000223 00000010 0
20402 4 3 000224 00000010 0
20403 4 3 000225 00000010 0
20404 4 3 000226 00000000 0
20405 4 3 000227 00000000 0
20419 0 3 000220 00000000 0
20420 0 3 000220 00000010 0
20421 0 3 000221 00000010 0
20422 0 3 000222 00000010 0
20423 0 3 000223 00000010 0
20424 0 3 000224 00000010 0
20425 0 3 000225 00000010 0
20426 0 3 000226 00000010 0
20427 0 3 000227 00000000 0
20429 0 1 000020 00000000 0
20445 4 3 000020 00000001 0
20446 4 3 000021 00000001 0
20447 4 3 000022 00000001 0
20448 4 3 000023 00000001 0
20449 4 3 000024 00000001 0
20450 4 3 000025 00000001 0
20451 4 3 000026 00000001 0
20452 4 3 000027 00000001 0
20883 0 2 000227 00000000 0
20899 4 3 000220 00000010 0
20900 4 3 000221 00000010 0
20901 4 3 000222 00000010 0
20902 4 3 000223 00000010 0
20903 4 3 000224 00000010 0
20904 4 3 000225 00000010 0
20905 4 3 000226 00000010 0
20906 4 3 000227 00000000 0
20920 0 3 000220 00000000 0
20921 0 3 000220 00000010 0
20922 0 3 000221 00000010 0
20923 0 3 000222 00000010 0
20924 0 3 000223 00000010 0
20925 0 3 000224 00000010 0
20926 0 3 000225 00000010 0
20927 0 3 000226 00000010 0
20928 0 3 000227 00000010 0
20930 0 1 000020 00000000 0
20946 4 3 000020 00000001 0
20947 4 3 000021 00000001 0
20948 4 3 000022 00000001 0
20949 4 3 000023 00000001 0
20950 4 3 000024 00000001 0
20951 4 3 000025 00000001 0
20952 4 3 000026 00000001 0
20953 4 3 000027 00000001 0
21384 0 2 000228 00000000 0
21400 4 3 000228 00000000 0
21401 4 3 000229 00000000 0
21402 4 3 00022A 00000000 0
21403 4 3 00022B 00000000 0
21404 4 3 00022C 00000000 0
21405 4 3 00022D 00000000 0
21406 4 3 00022E 00000000 0
21407 4 3 00022F 00000000 0
21637 0 3 000228 00000000 0
21638 0 3 000228 00000010 0
21639 0 3 000229 00000000 0
21640 0 3 00022A 00000000 0
21641 0 3 00022B 00000000 0
21642 0 3 00022C 00000000 0
21643 0 3 00022D 00000000 0
21644 0 3 00022E 00000000 0
21645 0 3 00022F 00000000 0
21647 0 1 000028 00000000 0
21663 4 3 000028 00000001 0
21664 4 3 000029 00000001 0
21665 4 3 00002A 00000001 0
21666 4 3 00002B 00000001 0
21667 4 3 00002C 00000001 0
21668 4 3 00002D 00000001 0
21669 4 3 00002E 00000001 0
21670 4 3 00002F 00000001 0
21885 0 2 000229 00000000 0
21901 4 3 000228 00000010 0
21902 4 3 000229 00000000 0
21903 4 3 00022A 00000000 0
21904 4 3 00022B 00000000 0
21905 4 3 00022C 00000000 0
21906 4 3 00022D 00000000 0
21907 4 3 00022E 00000000 0
21908 4 3 00022F 00000000 0
22138 0 3 000228 00000000 0
22139 0 3 000228 00000010 0
22140 0 3 000229 00000010 0
22141 0 3 00022A 00000000 0
22142 0 3 00022B 00000000 0
22143 0 3 00022C 00000000 0
22144 0 3 00022D 00000000 0
22145 0 3 00022E 00000000 0
22146 0 3 00022F 00000000 0
22148 0 1 000028 00000000 0
22164 4 3 000028 00000001 0
22165 4 3 000029 00000001 0
22166 4 3 00002A 00000001 0
22167 4 3 00002B 00000001 0
22168 4 3 00002C 00000001 0
22169 4 3 00002D 00000001 0
22170 4 3 00002E 00000001 0
22171 4 3 00002F 00000001 0
22386 0 2 00022A 00000000 0
22402 4 3 000228 00000010 0
22403 4 3 000229 00000010 0
22404 4 3 00022A 00000000 0
22405 4 3 00022B 00000000 0
22406 4 3 00022C 00000000 0
22407 4 3 00022D 00000000 0
22408 4 3 00022E 00000000 0
22409 4 3 00022F 00000000 0
22639 0 3 000228 00000000 0
22640 0 3 000228 00000010 0
22641 0 3 000229 00000010 0
22642 0 3 00022A 00000010 0
22643 0 3 00022B 00000000 0
22644 0 3 00022C 00000000 0
22645 0 3 00022D 00000000 0
22646 0 3 00022E 00000000 0
22647 0 3 00022F 00000000 0
22649 0 1 000028 00000000 0
22665 4 3 000028 00000001 0
22666 4 3 000029 00000001 0
22667 4 3 00002A 00000001 0
22668 4 3 00002B 00000001 0
22669 4 3 00002C 00000001 0
22670 4 3 00002D 00000001 0
22671 4 3 00002E 00000001 0
22672 4 3 00002F 00000001 0
22887 0 2 00022B 00000000 0
22903 4 3 000228 00000010 0
22904 4 3 000229 00000010 0
22905 4 3 00022A 00000010 0
22906 4 3 00022B 00000000 0
22907 4 3 00022C 00000000 0
22908 4 3 00022D 00000000 0
22909 4 3 00022E 00000000 0
22910 4 3 00022F 00000000 0
23140 0 3 000228 00000000 0
23141 0 3 000228 00000010 0
23142 0 3 000229 00000010 0
23143 0 3 00022A 00000010 0
23144 0 3 00022B 00000010 0
23145 0 3 00022C 00000000 0
23146 0 3 00022D 00000000 0
23147 0 3 00022E 00000000 0
23148 0 3 00022F 00000000 0
23150 0 1 000028 00000000 0
23166 4 3 000028 00000001 0
23167 4 3 000029 00000001 0
23168 4 3 00002A 00000001 0
23169 4 3 00002B 00000001 0
23170 4 3 00002C 00000001 0
23171 4 3 00002D 00000001 0
23172 4 3 00002E 00000001 0
23173 4 3 00002F 00000001 0
23388 0 2 00022C 00000000 0
23404 4 3 000228 00000010 0
23405 4 3 000229 00000010 0
23406 4 3 00022A 00000010 0
23407 4 3 00022B 00000010 0
23408 4 3 00022C 00000000 0
23409 4 3 00022D 00000000 0
23410 4 3 00022E 00000000 0
23411 4 3 00022F 00000000 0
23641 0 3 000228 00000000 0
23642 0 3 000228 00000010 0
23643 0 3 000229 00000010 0
23644 0 3 00022A 00000010 0
23645 0 3 00022B 00000010 0
23646 0 3 00022C 00000010 0
23647 0 3 00022D 00000000 0
23648 0 3 00022E 00000000 0
23649 0 3 00022F 00000000 0
23651 0 1 000028 00000000 0
23667 4 3 000028 00000001 0
23668 4 3 000029 00000001 0
23669 4 3 00002A 00000001 0
23670 4 3 00002B 00000001 0
23671 4 3 00002C 00000001 0
23672 4 3 00002D 00000001 0
23673 4 3 00002E 00000001 0
23674 4 3 00002F 00000001 0
23889 0 2 00022D 00000000 0
23905 4 3 000228 00000010 0
23906 4 3 000229 00000010 0
23907 4 3 00022A 00000010 0
23908 4 3 00022B 00000010 0
23909 4 3 00022C 00000010 0
23910 4 3 00022D 00000000 0
23911 4 3 00022E 00000000 0
23912 4 3 00022F 00000000 0
24142 0 3 000228 00000000 0
24143 0 3 000228 00000010 0
24144 0 3 000229 00000010 0
24145 0 3 00022A 00000010 0
24146 0 3 00022B 00000010 0
24147 0 3 00022C 00000010 0
24148 0 3 00022D 00000010 0
24149 0 3 00022E 00000000 0
24150 0 3 00022F 00000000 0
24152 0 1 000028 00000000 0
24168 4 3 000028 00000001 0
24169 4 3 000029 00000001 0
24170 4 3 00002A 00000001 0
24171 4 3 00002B 00000001 0
24172 4 3 00002C 00000001 0
24173 4 3 00002D 00000001 0
24174 4 3 00002E 00000001 0
24175 4 3 00002F 00000001 0
24390 0 2 00022E 00000000 0
24406 4 3 000228 00000010 0
24407 4 3 000229 00000010 0
24408 4 3 00022A 00000010 0
24409 4 3 00022B 00000010 0
24410 4 3 00022C 00000010 0
24411 4 3 00022D 00000010 0
24412 4 3 00022E 00000000 0
24413 4 3 00022F 00000000 0
24643 0 3 000228 00000000 0
24644 0 3 000228 00000010 0
24645 0 3 000229 00000010 0
24646 0 3 00022A 00000010 0
24647 0 3 00022B 00000010 0
24648 0 3 00022C 00000010 0
24649 0 3 00022D 00000010 0
24650 0 3 00022E 00000010 0
24651 0 3 00022F 00000000 0
24653 0 1 000028 00000000 0
24669 4 3 000028 00000001 0
24670 4 3 000029 00000001 0
24671 4 3 00002A 00000001 0
24672 4 3 00002B 00000001 0
24673 4 3 00002C 00000001 0
24674 4 3 00002D 00000001 0
24675 4 3 00002E 00000001 0
24676 4 3 00002F 00000001 0
24891 0 2 00022F 00000000 0
24907 4 3 000228 00000010 0
24908 4 3 000229 00000010 0
24909 4 3 00022A 00000010 0
24910 4 3 00022B 00000010 0
24911 4 3 00022C 00000010 0
24912 4 3 00022D 00000010 0
24913 4 3 00022E 00000010 0
24914 4 3 00022F 00000000 0
24935 0 1 000030 00000000 0
24951 4 3 000030 00000001 0
24952 4 3 000031 00000001 0
24953 4 3 000032 00000001 0
24954 4 3 000033 00000001 0
24955 4 3 000034 00000001 0
24956 4 3 000035 00000001 0
24957 4 3 000036 00000001 0
24958 4 3 000037 00000001 0
25176 0 1 000038 00000000 0
25192 4 3 000038 00000001 0
25193 4 3 000039 00000001 0
25194 4 3 00003A 00000001 0
25195 4 3 00003B 00000001 0
25196 4 3 00003C 00000001 0
25197 4 3 00003D 00000001 0
25198 4 3 00003E 00000001 0
25199 4 3 00003F 00000001 0
25414 0 2 000230 00000000 0
25430 4 3 000230 00000000 0
25431 4 3 000231 00000000 0
25432 4 3 000232 00000000 0
25433 4 3 000233 00000000 0
25434 4 3 000234 00000000 0
25435 4 3 000235 00000000 0
25436 4 3 000236 00000000 0
25437 4 3 000237 00000000 0
25451 0 3 000230 00000000 0
25452 0 3 000230 00000010 0
25453 0 3 000231 00000000 0
25454 0 3 000232 00000000 0
25455 0 3 000233 00000000 0
25456 0 3 000234 00000000 0
25457 0 3 000235 00000000 0
25458 0 3 000236 00000000 0
25459 0 3 000237 00000000 0
25461 0 1 000030 00000000 0
25477 4 3 000030 00000001 0
25478 4 3 000031 00000001 0
25479 4 3 000032 00000001 0
25480 4 3 000033 00000001 0
25481 4 3 000034 00000001 0
25482 4 3 000035 00000001 0
25483 4 3 000036 00000001 0
25484 4 3 000037 00000001 0
25915 0 2 000231 00000000 0
25931 4 3 000230 00000010 0
25932 4 3 000231 00000000 0
25933 4 3 000232 00000000 0
25934 4 3 000233 00000000 0
25935 4 3 000234 00000000 0
25936 4 3 000235 00000000 0
25937 4 3 000236 00000000 0
25938 4 3 000237 00000000 0
25952 0 3 000230 00000000 0
25953 0 3 000230 00000010 0
25954 0 3 000231 00000010 0
25955 0 3 000232 00000000 0
25956 0 3 000233 00000000 0
25957 0 3 000234 00000000 0
25958 0 3 000235 00000000 0
25959 0 3 000236 00000000 0
25960 0 3 000237 00000000 0
25962 0 1 000030 00000000 0
25978 4 3 000030 00000001 0
25979 4 3 000031 00000001 0
25980 4 3 000032 00000001 0
25981 4 3 000033 00000001 0
25982 4 3 000034 00000001 0
25983 4 3 000035 00000001 0
25984 4 3 000036 00000001 0
25985 4 3 000037 00000001 0
26416 0 2 000232 00000000 0
26432 4 3 000230 00000010 0
26433 4 3 000231 00000010 0
26434 4 3 000232 00000000 0
26435 4 3 000233 00000000 0
26436 4 3 000234 00000000 0
26437 4 3 000235 00000000 0
26438 4 3 000236 00000000 0
26439 4 3 000237 00000000 0
26453 0 3 000230 00000000 0
26454 0 3 000230 00000010 0
26455 0 3 000231 00000010 0
26456 0 3 000232 00000010 0
26457 0 3 000233 00000000 0
26458 0 3 000234 00000000 0
26459 0 3 000235 00000000 0
26460 0 3 000236 00000000 0
26461 0 3 000237 00000000 0
26463 0 1 000030 00000000 0
26479 4 3 000030 00000001 0
26480 4 3 000031 00000001 0
26481 4 3 000032 00000001 0
26482 4 3 000033 00000001 0
26483 4 3 000034 00000001 0
26484 4 3 000035 00000001 0
26485 4 3 000036 00000001 0
26486 4 3 000037 00000001 0
26917 0 2 000233 00000000 0
26933 4 3 000230 00000010 0
26934 4 3 000231 00000010 0
26935 4 3 000232 00000010 0
26936 4 3 000233 00000000 0
26937 4 3 000234 00000000 0
26938 4 3 000235 00000000 0
26939 4 3 000236 00000000 0
26940 4 3 000237 00000000 0
26954 0 3 000230 00000000 0
26955 0 3 000230 00000010 0
26956 0 3 000231 00000010 0
26957 0 3 000232 00000010 0
26958 0 3 000233 00000010 0
26959 0 3 000234 00000000 0
26960 0 3 000235 00000000 0
26961 0 3 000236 00000000 0
26962 0 3 000237 00000000 0
26964 0 1 000030 00000000 0
26980 4 3 000030 00000001 0
26981 4 3 000031 00000001 0
26982 4 3 000032 00000001 0
26983 4 3 000033 00000001 0
26984 4 3 000034 00000001 0
26985 4 3 000035 00000001 0
26986 4 3 000036 00000001 0
26987 4 3 000037 00000001 0
27418 0 2 000234 00000000 0
27434 4 3 000230 00000010 0
27435 4 3 000231 00000010 0
27436 4 3 000232 00000010 0
27437 4 3 000233 00000010 0
27438 4 3 000234 00000000 0
27439 4 3 000235 00000000 0
27440 4 3 000236 00000000 0
27441 4 3 000237 00000000 0
27455 0 3 000230 00000000 0
27456 0 3 000230 00000010 0
27457 0 3 000231 00000010 0
27458 0 3 000232 00000010 0
27459 0 3 000233 00000010 0
27460 0 3 000234 00000010 0
27461 0 3 000235 00000000 0
27462 0 3 000236 00000000 0
27463 0 3 000237 00000000 0
27465 0 1 000030 00000000 0
27481 4 3 000030 00000001 0
27482 4 3 000031 00000001 0
27483 4 3 000032 00000001 0
27484 4 3 000033 00000001 0
27485 4 3 000034 00000001 0
27486 4 3 000035 00000001 0
27487 4 3 000036 00000001 0
27488 4 3 000037 00000001 0
27919 0 2 000235 00000000 0
27935 4 3 000230 00000010 0
27936 4 3 000231 00000010 0
27937 4 3 000232 00000010 0
27938 4 3 000233 00000010 0
27939 4 3 000234 00000010 0
27940 4 3 000235 00000000 0
27941 4 3 000236 00000000 0
27942 4 3 000237 00000000 0
27956 0 3 000230 00000000 0
27957 0 3 000230 00000010 0
27958 0 3 000231 00000010 0
27959 0 3 000232 00000010 0
27960 0 3 000233 00000010 0
27961 0 3 000234 00000010 0
27962 0 3 000235 00000010 0
27963 0 3 000236 00000000 0
27964 0 3 000237 00000000 0
27966 0 1 000030 00000000 0
27982 4 3 000030 00000001 0
27983 4 3 000031 00000001 0
27984 4 3 000032 00000001 0
27985 4 3 000033 00000001 0
27986 4 3 000034 00000001 0
27987 4 3 000035 00000001 0
27988 4 3 000036 00000001 0
27989 4 3 000037 00000001 0
28420 0 2 000236 00000000 0
28436 4 3 000230 00000010 0
28437 4 3 000231 00000010 0
28438 4 3 000232 00000010 0
28439 4 3 000233 00000010 0
28440 4 3 000234 00000010 0
28441 4 3 000235 00000010 0
28442 4 3 000236 00000000 0
28443 4 3 000237 00000000 0
28457 0 3 000230 00000000 0
28458 0 3 000230 00000010 0
28459 0 3 000231 00000010 0
28460 0 3 000232 00000010 0
28461 0 3 000233 00000010 0
28462 0 3 000234 00000010 0
28463 0 3 000235 00000010 0
28464 0 3 000236 00000010 0
28465 0 3 000237 00000000 0
28467 0 1 000030 00000000 0
28483 4 3 000030 00000001 0
28484 4 3 000031 00000001 0
28485 4 3 000032 00000001 0
28486 4 3 000033 00000001 0
28487 4 3 000034 00000001 0
28488 4 3 000035 00000001 0
28489 4 3 000036 00000001 0
28490 4 3 000037 00000001 0
28921 0 2 000237 00000000 0
28937 4 3 000230 00000010 0
28938 4 3 000231 00000010 0
28939 4 3 000232 00000010 0
28940 4 3 000233 00000010 0
28941 4 3 000234 00000010 0
28942 4 3 000235 00000010 0
28943 4 3 000236 00000010 0
28944 4 3 000237 00000000 0
28958 0 3 000230 00000000 0
28959 0 3 000230 00000010 0
28960 0 3 000231 00000010 0
28961 0 3 000232 00000010 0
28962 0 3 000233 00000010 0
28963 0 3 000234 00000010 0
28964 0 3 000235 00000010 0
28965 0 3 000236 00000010 0
28966 0 3 000237 00000010 0
28968 0 1 000030 00000000 0
28984 4 3 000030 00000001 0
28985 4 3 000031 00000001 0
28986 4 3 000032 00000001 0
28987 4 3 000033 00000001 0
28988 4 3 000034 00000001 0
28989 4 3 000035 00000001 0
28990 4 3 000036 00000001 0
28991 4 3 000037 00000001 0
29422 0 2 000238 00000000 0
29438 4 3 000238 00000000 0
29439 4 3 000239 00000000 0
29440 4 3 00023A 00000000 0
29441 4 3 00023B 00000000 0
29442 4 3 00023C 00000000 0
29443 4 3 00023D 00000000 0
29444 4 3 00023E 00000000 0
29445 4 3 00023F 00000000 0
29675 0 3 000238 00000000 0
29676 0 3 000238 00000010 0
29677 0 3 000239 00000000 0
29678 0 3 00023A 00000000 0
29679 0 3 00023B 00000000 0
29680 0 3 00023C 00000000 0
29681 0 3 00023D 00000000 0
29682 0 3 00023E 00000000 0
29683 0 3 00023F 00000000 0
29685 0 1 000038 00000000 0
29701 4 3 000038 00000001 0
29702 4 3 000039 00000001 0
29703 4 3 00003A 00000001 0
29704 4 3 00003B 00000001 0
29705 4 3 00003C 00000001 0
29706 4 3 00003D 00000001 0
29707 4 3 00003E 00000001 0
29708 4 3 00003F 00000001 0
29923 0 2 000239 00000000 0
29939 4 3 000238 00000010 0
29940 4 3 000239 00000000 0
29941 4 3 00023A 00000000 0
29942 4 3 00023B 00000000 0
29943 4 3 00023C 00000000 0
29944 4 3 00023D 00000000 0
29945 4 3 00023E 00000000 0
29946 4 3 00023F 00000000 0
30176 0 3 000238 00000000 0
30177 0 3 000238 00000010 0
30178 0 3 000239 00000010 0
30179 0 3 00023A 00000000 0
30180 0 3 00023B 00000000 0
30181 0 3 00023C 00000000 0
30182 0 3 00023D 00000000 0
30183 0 3 00023E 00000000 0
30184 0 3 00023F 00000000 0
30186 0 1 000038 00000000 0
30202 4 3 000038 00000001 0
30203 4 3 000039 00000001 0
30204 4 3 00003A 00000001 0
30205 4 3 00003B 00000001 0
30206 4 3 00003C 00000001 0
30207 4 3 00003D 00000001 0
30208 4 3 00003E 00000001 0
30209 4 3 00003F 00000001 0
30424 0 2 00023A 00000000 0
30440 4 3 000238 00000010 0
30441 4 3 000239 00000010 0
30442 4 3 00023A 00000000 0
30443 4 3 00023B 00000000 0
30444 4 3 00023C 00000000 0
30445 4 3 00023D 00000000 0
30446 4 3 00023E 00000000 0
30447 4 3 00023F 00000000 0
30677 0 3 000238 00000000 0
30678 0 3 000238 00000010 0
30679 0 3 000239 00000010 0
30680 0 3 00023A 00000010 0
30681 0 3 00023B 00000000 0
30682 0 3 00023C 00000000 0
30683 0 3 00023D 00000000 0
30684 0 3 00023E 00000000 0
30685 0 3 00023F 00000000 0
30687 0 1 000038 00000000 0
30703 4 3 000038 00000001 0
30704 4 3 000039 00000001 0
30705 4 3 00003A 00000001 0
30706 4 3 00003B 00000001 0
30707 4 3 00003C 00000001 0
30708 4 3 00003D 00000001 0
30709 4 3 00003E 00000001 0
30710 4 3 00003F 00000001 0
30925 0 2 00023B 00000000 0
30941 4 3 000238 00000010 0
30942 4 3 000239 00000010 0
30943 4 3 00023A 00000010 0
30944 4 3 00023B 00000000 0
30945 4 3 00023C 00000000 0
30946 4 3 00023D 00000000 0
30947 4 3 00023E 00000000 0
30948 4 3 00023F 00000000 0
31178 0 3 000238 00000000 0
31179 0 3 000238 00000010 0
31180 0 3 000239 00000010 0
31181 0 3 00023A 00000010 0
31182 0 3 00023B 00000010 0
31183 0 3 00023C 00000000 0
31184 0 3 00023D 00000000 0
31185 0 3 00023E 00000000 0
31186 0 3 00023F 00000000 0
31188 0 1 000038 00000000 0
31204 4 3 000038 00000001 0
31205 4 3 000039 00000001 0
31206 4 3 00003A 00000001 0
31207 4 3 00003B 00000001 0
31208 4 3 00003C 00000001 0
31209 4 3 00003D 00000001 0
31210 4 3 00003E 00000001 0
31211 4 3 00003F 00000001 0
31426 0 2 00023C 00000000 0
31442 4 3 000238 00000010 0
31443 4 3 000239 00000010 0
31444 4 3 00023A 00000010 0
31445 4 3 00023B 00000010 0
31446 4 3 00023C 00000000 0
31447 4 3 00023D 00000000 0
31448 4 3 00023E 00000000 0
31449 4 3 00023F 00000000 0
31679 0 3 000238 00000000 0
31680 0 3 000238 00000010 0
31681 0 3 000239 00000010 0
31682 0 3 00023A 00000010 0
31683 0 3 00023B 00000010 0
31684 0 3 00023C 00000010 0
31685 0 3 00023D 00000000 0
31686 0 3 00023E 00000000 0
31687 0 3 00023F 00000000 0
31689 0 1 000038 00000000 0
31705 4 3 000038 00000001 0
31706 4 3 000039 00000001 0
31707 4 3 00003A 00000001 0
31708 4 3 00003B 00000001 0
31709 4 3 00003C 00000001 0
31710 4 3 00003D 00000001 0
31711 4 3 00003E 00000001 0
31712 4 3 00003F 00000001 0
31927 0 2 00023D 00000000 0
31943 4 3 000238 00000010 0
31944 4 3 000239 00000010 0
31945 4 3 00023A 00000010 0
31946 4 3 00023B 00000010 0
31947 4 3 00023C 00000010 0
31948 4 3 00023D 00000000 0
31949 4 3 00023E 00000000 0
31950 4 3 00023F 00000000 0
32180 0 3 000238 00000000 0
32181 0 3 000238 00000010 0
32182 0 3 000239 00000010 0
32183 0 3 00023A 00000010 0
32184 0 3 00023B 00000010 0
32185 0 3 00023C 00000010 0
32186 0 3 00023D 00000010 0
32187 0 3 00023E 00000000 0
32188 0 3 00023F 00000000 0
32190 0 1 000038 00000000 0
32206 4 3 000038 00000001 0
32207 4 3 000039 00000001 0
32208 4 3 00003A 00000001 0
32209 4 3 00003B 00000001 0
32210 4 3 00003C 00000001 0
32211 4 3 00003D 00000001 0
32212 4 3 00003E 00000001 0
32213 4 3 00003F 00000001 0
32428 0 2 00023E 00000000 0
32444 4 3 000238 00000010 0
32445 4 3 000239 00000010 0
32446 4 3 00023A 00000010 0
32447 4 3 00023B 00000010 0
32448 4 3 00023C 00000010 0
32449 4 3 00023D 00000010 0
32450 4 3 00023E 00000000 0
32451 4 3 00023F 00000000 0
32681 0 3 000238 00000000 0
32682 0 3 000238 00000010 0
32683 0 3 000239 00000010 0
32684 0 3 00023A 00000010 0
32685 0 3 00023B 00000010 0
32686 0 3 00023C 00000010 0
32687 0 3 00023D 00000010 0
32688 0 3 00023E 00000010 0
32689 0 3 00023F 00000000 0
32691 0 1 000038 00000000 0
32707 4 3 000038 00000001 0
32708 4 3 000039 00000001 0
32709 4 3 00003A 00000001 0
32710 4 3 00003B 00000001 0
32711 4 3 00003C 00000001 0
32712 4 3 00003D 00000001 0
32713 4 3 00003E 00000001 0
32714 4 3 00003F 00000001 0
32929 0 2 00023F 00000000 0
32945 4 3 000238 00000010 0
32946 4 3 000239 00000010 0
32947 4 3 00023A 00000010 0
32948 4 3 00023B 00000010 0
32949 4 3 00023C 00000010 0
32950 4 3 00023D 00000010 0
32951 4 3 00023E 00000010 0
32952 4 3 00023F 00000000 0
32973 0 1 000040 00000000 0
32989 4 3 000040 00000001 0
32990 4 3 000041 00000001 0
32991 4 3 000042 00000001 0
32992 4 3 000043 00000001 0
32993 4 3 000044 00000001 0
32994 4 3 000045 00000001 0
32995 4 3 000046 00000001 0
32996 4 3 000047 00000001 0
33214 0 1 000048 00000000 0
33230 4 3 000048 00000001 0
33231 4 3 000049 00000001 0
33232 4 3 00004A 00000001 0
33233 4 3 00004B 00000001 0
33234 4 3 00004C 00000001 0
33235 4 3 00004D 00000001 0
33236 4 3 00004E 00000001 0
33237 4 3 00004F 00000001 0
33452 0 2 000240 00000000 0
33468 4 3 000240 00000000 0
33469 4 3 000241 00000000 0
33470 4 3 000242 00000000 0
33471 4 3 000243 00000000 0
33472 4 3 000244 00000000 0
33473 4 3 000245 00000000 0
33474 4 3 000246 00000000 0
33475 4 3 000247 00000000 0
33489 0 3 000240 00000000 0
33490 0 3 000240 00000010 0
33491 0 3 000241 00000000 0
33492 0 3 000242 00000000 0
33493 0 3 000243 00000000 0
33494 0 3 000244 00000000 0
33495 0 3 000245 00000000 0
33496 0 3 000246 00000000 0
33497 0 3 000247 00000000 0
33499 0 1 000040 00000000 0
33515 4 3 000040 00000001 0
33516 4 3 000041 00000001 0
33517 4 3 000042 00000001 0
33518 4 3 000043 00000001 0
33519 4 3 000044 00000001 0
33520 4 3 000045 00000001 0
33521 4 3 000046 00000001 0
33522 4 3 000047 00000001 0
33953 0 2 000241 00000000 0
33969 4 3 000240 00000010 0
33970 4 3 000241 00000000 0
33971 4 3 000242 00000000 0
33972 4 3 000243 00000000 0
33973 4 3 000244 00000000 0
33974 4 3 000245 00000000 0
33975 4 3 000246 00000000 0
33976 4 3 000247 00000000 0
33990 0 3 000240 00000000 0
33991 0 3 000240 00000010 0
33992 0 3 000241 00000010 0
33993 0 3 000242 00000000 0
33994 0 3 000243 00000000 0
33995 0 3 000244 00000000 0
33996 0 3 000245 00000000 0
33997 0 3 000246 00000000 0
33998 0 3 000247 00000000 0
34000 0 1 000040 00000000 0
34016 4 3 000040 00000001 0
34017 4 3 000041 00000001 0
34018 4 3 000042 00000001 0
34019 4 3 000043 00000001 0
34020 4 3 000044 00000001 0
34021 4 3 000045 00000001 0
34022 4 3 000046 00000001 0
34023 4 3 000047 00000001 0
34454 0 2 000242 00000000 0
34470 4 3 000240 00000010 0
34471 4 3 000241 00000010 0
34472 4 3 000242 00000000 0
34473 4 3 000243 00000000 0
34474 4 3 000244 00000000 0
34475 4 3 000245 00000000 0
34476 4 3 000246 00000000 0
34477 4 3 000247 00000000 0
34491 0 3 000240 00000000 0
34492 0 3 000240 00000010 0
34493 0 3 000241 00000010 0
34494 0 3 000242 00000010 0
34495 0 3 000243 00000000 0
34496 0 3 000244 00000000 0
34497 0 3 000245 00000000 0
34498 0 3 000246 00000000 0
34499 0 3 000247 00000000 0
34501 0 1 000040 00000000 0
34517 4 3 000040 00000001 0
34518 4 3 000041 00000001 0
34519 4 3 000042 00000001 0
34520 4 3 000043 00000001 0
34521 4 3 000044 00000001 0
34522 4 3 000045 00000001 0
34523 4 3 000046 00000001 0
34524 4 3 000047 00000001 0
34955 0 2 000243 00000000 0
34971 4 3 000240 00000010 0
34972 4 3 000241 00000010 0
34973 4 3 000242 00000010 0
34974 4 3 000243 00000000 0
34975 4 3 000244 00000000 0
34976 4 3 000245 00000000 0
34977 4 3 000246 00000000 0
34978 4 3 000247 00000000 0
34992 0 3 000240 00000000 0
34993 0 3 000240 00000010 0
34994 0 3 000241 00000010 0
34995 0 3 000242 00000010 0
34996 0 3 000243 00000010 0
34997 0 3 000244 00000000 0
34998 0 3 000245 00000000 0
34999 0 3 000246 00000000 0
35000 0 3 000247 00000000 0
35002 0 1 000040 00000000 0
35018 4 3 000040 00000001 0
35019 4 3 000041 00000001 0
35020 4 3 000042 00000001 0
35021 4 3 000043 00000001 0
35022 4 3 000044 00000001 0
35023 4 3 000045 00000001 0
35024 4 3 000046 00000001 0
35025 4 3 000047 00000001 0
35456 0 2 000244 00000000 0
35472 4 3 000240 00000010 0
35473 4 3 000241 00000010 0
35474 4 3 000242 00000010 0
35475 4 3 000243 00000010 0
35476 4 3 000244 00000000 0
35477 4 3 000245 00000000 0
35478 4 3 000246 00000000 0
35479 4 3 000247 00000000 0
35493 0 3 000240 00000000 0
35494 0 3 000240 00000010 0
35495 0 3 000241 00000010 0
35496 0 3 000242 00000010 0
35497 0 3 000243 00000010 0
35498 0 3 000244 00000010 0
35499 0 3 000245 00000000 0
35500 0 3 000246 00000000 0
35501 0 3 000247 00000000 0
35503 0 1 000040 00000000 0
35519 4 3 000040 00000001 0
35520 4 3 000041 00000001 0
35521 4 3 000042 00000001 0
35522 4 3 000043 00000001 0
35523 4 3 000044 00000001 0
35524 4 3 000045 00000001 0
35525 4 3 000046 00000001 0
35526 4 3 000047 00000001 0
35957 0 2 000245 00000000 0
35973 4 3 000240 00000010 0
35974 4 3 000241 00000010 0
35975 4 3 000242 00000010 0
35976 4 3 000243 00000010 0
35977 4 3 000244 00000010 0
35978 4 3 000245 00000000 0
35979 4 3 000246 00000000 0
35980 4 3 000247 00000000 0
35994 0 3 000240 00000000 0
35995 0 3 000240 00000010 0
35996 0 3 000241 00000010 0
35997 0 3 000242 00000010 0
35998 0 3 000243 00000010 0
35999 0 3 000244 00000010 0
36000 0 3 000245 00000010 0
36001 0 3 000246 00000000 0
36002 0 3 000247 00000000 0
36004 0 1 000040 00000000 0
36020 4 3 000040 00000001 0
36021 4 3 000041 00000001 0
36022 4 3 000042 00000001 0
36023 4 3 000043 00000001 0
36024 4 3 000044 00000001 0
36025 4 3 000045 00000001 0
36026 4 3 000046 00000001 0
36027 4 3 000047 00000001 0
36458 0 2 000246 00000000 0
36474 4 3 000240 00000010 0
36475 4 3 000241 00000010 0
36476 4 3 000242 00000010 0
36477 4 3 000243 00000010 0
36478 4 3 000244 00000010 0
36479 4 3 000245 00000010 0
36480 4 3 000246 00000000 0
36481 4 3 000247 00000000 0
36495 0 3 000240 00000000 0
36496 0 3 000240 00000010 0
36497 0 3 000241 00000010 0
36498 0 3 000242 00000010 0
36499 0 3 000243 00000010 0
36500 0 3 000244 00000010 0
36501 0 3 000245 00000010 0
36502 0 3 000246 00000010 0
36503 0 3 000247 00000000 0
36505 0 1 000040 00000000 0
36521 4 3 000040 00000001 0
36522 4 3 000041 00000001 0
36523 4 3 000042 00000001 0
36524 4 3 000043 00000001 0
36525 4 3 000044 00000001 0
36526 4 3 000045 00000001 0
36527 4 3 000046 00000001 0
36528 4 3 000047 00000001 0
36959 0 2 000247 00000000 0
36975 4 3 000240 00000010 0
36976 4 3 000241 00000010 0
36977 4 3 000242 00000010 0
36978 4 3 000243 00000010 0
36979 4 3 000244 00000010 0
36980 4 3 000245 00000010 0
36981 4 3 000246 00000010 0
36982 4 3 000247 00000000 0
36996 0 3 000240 00000000 0
36997 0 3 000240 00000010 0
36998 0 3 000241 00000010 0
36999 0 3 000242 00000010 0
37000 0 3 000243 00000010 0
37001 0 3 000244 00000010 0
37002 0 3 000245 00000010 0
37003 0 3 000246 00000010 0
37004 0 3 000247 00000010 0
37006 0 1 000040 00000000 0
37022 4 3 000040 00000001 0
37023 4 3 000041 00000001 0
37024 4 3 000042 00000001 0
37025 4 3 000043 00000001 0
37026 4 3 000044 00000001 0
37027 4 3 000045 00000001 0
37028 4 3 000046 00000001 0
37029 4 3 000047 00000001 0
37460 0 2 000248 00000000 0
37476 4 3 000248 00000000 0
37477 4 3 000249 00000000 0
37478 4 3 00024A 00000000 0
37479 4 3 00024B 00000000 0
37480 4 3 00024C 00000000 0
37481 4 3 00024D 00000000 0
37482 4 3 00024E 00000000 0
37483 4 3 00024F 00000000 0
37713 0 3 000248 00000000 0
37714 0 3 000248 00000010 0
37715 0 3 000249 00000000 0
37716 0 3 00024A 00000000 0
37717 0 3 00024B 00000000 0
37718 0 3 00024C 00000000 0
37719 0 3 00024D 00000000 0
37720 0 3 00024E 00000000 0
37721 0 3 00024F 00000000 0
37723 0 1 000048 00000000 0
37739 4 3 000048 00000001 0
37740 4 3 000049 00000001 0
37741 4 3 00004A 00000001 0
37742 4 3 00004B 00000001 0
37743 4 3 00004C 00000001 0
37744 4 3 00004D 00000001 0
37745 4 3 00004E 00000001 0
37746 4 3 00004F 00000001 0
37961 0 2 000249 00000000 0
37977 4 3 000248 00000010 0
37978 4 3 000249 00000000 0
37979 4 3 00024A 00000000 0
37980 4 3 00024B 00000000 0
37981 4 3 00024C 00000000 0
37982 4 3 00024D 00000000 0
37983 4 3 00024E 00000000 0
37984 4 3 00024F 00000000 0
38214 0 3 000248 00000000 0
38215 0 3 000248 00000010 0
38216 0 3 000249 00000010 0
38217 0 3 00024A 00000000 0
38218 0 3 00024B 00000000 0
38219 0 3 00024C 00000000 0
38220 0 3 00024D 00000000 0
38221 0 3 00024E 00000000 0
38222 0 3 00024F 00000000 0
38224 0 1 000048 00000000 0
38240 4 3 000048 00000001 0
38241 4 3 000049 00000001 0
38242 4 3 00004A 00000001 0
38243 4 3 00004B 00000001 0
38244 4 3 00004C 00000001 0
38245 4 3 00004D 00000001 0
38246 4 3 00004E 00000001 0
38247 4 3 00004F 00000001 0
38462 0 2 00024A 00000000 0
38478 4 3 000248 00000010 0
38479 4 3 000249 00000010 0
38480 4 3 00024A 00000000 0
38481 4 3 00024B 00000000 0
38482 4 3 00024C 00000000 0
38483 4 3 00024D 00000000 0
38484 4 3 00024E 00000000 0
38485 4 3 00024F 00000000 0
38715 0 3 000248 00000000 0
38716 0 3 000248 00000010 0
38717 0 3 000249 00000010 0
38718 0 3 00024A 00000010 0
38719 0 3 00024B 00000000 0
38720 0 3 00024C 00000000 0
38721 0 3 00024D 00000000 0
38722 0 3 00024E 00000000 0
38723 0 3 00024F 00000000 0
38725 0 1 000048 00000000 0
38741 4 3 000048 00000001 0
38742 4 3 000049 00000001 0
38743 4 3 00004A 00000001 0
38744 4 3 00004B 00000001 0
38745 4 3 00004C 00000001 0
38746 4 3 00004D 00000001 0
38747 4 3 00004E 00000001 0
38748 4 3 00004F 00000001 0
38963 0 2 00024B 00000000 0
38979 4 3 000248 00000010 0
38980 4 3 000249 00000010 0
38981 4 3 00024A 00000010 0
38982 4 3 00024B 00000000 0
38983 4 3 00024C 00000000 0
38984 4 3 00024D 00000000 0
38985 4 3 00024E 00000000 0
38986 4 3 00024F 00000000 0
39216 0 3 000248 00000000 0
39217 0 3 000248 00000010 0
39218 0 3 000249 00000010 0
39219 0 3 00024A 00000010 0
39220 0 3 00024B 00000010 0
39221 0 3 00024C 00000000 0
39222 0 3 00024D 00000000 0
39223 0 3 00024E 00000000 0
39224 0 3 00024F 00000000 0
39226 0 1 000048 00000000 0
39242 4 3 000048 00000001 0
39243 4 3 000049 00000001 0
39244 4 3 00004A 00000001 0
39245 4 3 00004B 00000001 0
39246 4 3 00004C 00000001 0
39247 4 3 00004D 00000001 0
39248 4 3 00004E 00000001 0
39249 4 3 00004F 00000001 0
39464 0 2 00024C 00000000 0
39480 4 3 000248 00000010 0
39481 4 3 000249 00000010 0
39482 4 3 00024A 00000010 0
39483 4 3 00024B 00000010 0
39484 4 3 00024C 00000000 0
39485 4 3 00024D 00000000 0
39486 4 3 00024E 00000000 0
39487 4 3 00024F 00000000 0
39717 0 3 000248 00000000 0
39718 0 3 000248 00000010 0
39719 0 3 000249 00000010 0
39720 0 3 00024A 00000010 0
39721 0 3 00024B 00000010 0
39722 0 3 00024C 00000010 0
39723 0 3 00024D 00000000 0
39724 0 3 00024E 00000000 0
39725 0 3 00024F 00000000 0
39727 0 1 000048 00000000 0
39743 4 3 000048 00000001 0
39744 4 3 000049 00000001 0
39745 4 3 00004A 00000001 0
39746 4 3 00004B 00000001 0
39747 4 3 00004C 00000001 0
39748 4 3 00004D 00000001 0
39749 4 3 00004E 00000001 0
39750 4 3 00004F 00000001 0
39965 0 2 00024D 00000000 0
39981 4 3 000248 00000010 0
39982 4 3 000249 00000010 0
39983 4 3 00024A 00000010 0
39984 4 3 00024B 00000010 0
39985 4 3 00024C 00000010 0
39986 4 3 00024D 00000000 0
39987 4 3 00024E 00000000 0
39988 4 3 00024F 00000000 0
40218 0 3 000248 00000000 0
40219 0 3 000248 00000010 0
40220 0 3 000249 00000010 0
40221 0 3 00024A 00000010 0
40222 0 3 00024B 00000010 0
40223 0 3 00024C 00000010 0
40224 0 3 00024D 00000010 0
40225 0 3 00024E 00000000 0
40226 0 3 00024F 00000000 0
40228 0 1 000048 00000000 0
40244 4 3 000048 00000001 0
40245 4 3 000049 00000001 0
40246 4 3 00004A 00000001 0
40247 4 3 00004B 00000001 0
40248 4 3 00004C 00000001 0
40249 4 3 00004D 00000001 0
40250 4 3 00004E 00000001 0
40251 4 3 00004F 00000001 0
40466 0 2 00024E 00000000 0
40482 4 3 000248 00000010 0
40483 4 3 000249 00000010 0
40484 4 3 00024A 00000010 0
40485 4 3 00024B 00000010 0
40486 4 3 00024C 00000010 0
40487 4 3 00024D 00000010 0
40488 4 3 00024E 00000000 0
40489 4 3 00024F 00000000 0
40719 0 3 000248 00000000 0
40720 0 3 000248 00000010 0
40721 0 3 000249 00000010 0
40722 0 3 00024A 00000010 0
40723 0 3 00024B 00000010 0
40724 0 3 00024C 00000010 0
40725 0 3 00024D 00000010 0
40726 0 3 00024E 00000010 0
40727 0 3 00024F 00000000 0
40729 0 1 000048 00000000 0
40745 4 3 000048 00000001 0
40746 4 3 000049 00000001 0
40747 4 3 00004A 00000001 0
40748 4 3 00004B 00000001 0
40749 4 3 00004C 00000001 0
40750 4 3 00004D 00000001 0
40751 4 3 00004E 00000001 0
40752 4 3 00004F 00000001 0
40967 0 2 00024F 00000000 0
40983 4 3 000248 00000010 0
40984 4 3 000249 00000010 0
40985 4 3 00024A 00000010 0
40986 4 3 00024B 00000010 0
40987 4 3 00024C 00000010 0
40988 4 3 00024D 00000010 0
40989 4 3 00024E 00000010 0
40990 4 3 00024F 00000000 0
41011 0 1 000050 00000000 0
41027 4 3 000050 00000001 0
41028 4 3 000051 00000001 0
41029 4 3 000052 00000001 0
41030 4 3 000053 00000001 0
41031 4 3 000054 00000001 0
41032 4 3 000055 00000001 0
41033 4 3 000056 00000001 0
41034 4 3 000057 00000001 0
41252 0 1 000058 00000000 0
41268 4 3 000058 00000001 0
41269 4 3 000059 00000001 0
41270 4 3 00005A 00000001 0
41271 4 3 00005B 00000001 0
41272 4 3 00005C 00000001 0
41273 4 3 00005D 00000001 0
41274 4 3 00005E 00000001 0
41275 4 3 00005F 00000001 0
41490 0 2 000250 00000000 0
41506 4 3 000250 00000000 0
41507 4 3 000251 00000000 0
41508 4 3 000252 00000000 0
41509 4 3 000253 00000000 0
41510 4 3 000254 00000000 0
41511 4 3 000255 00000000 0
41512 4 3 000256 00000000 0
41513 4 3 000257 00000000 0
41527 0 3 000250 00000000 0
41528 0 3 000250 00000010 0
41529 0 3 000251 00000000 0
41530 0 3 000252 00000000 0
41531 0 3 000253 00000000 0
41532 0 3 000254 00000000 0
41533 0 3 000255 00000000 0
41534 0 3 000256 00000000 0
41535 0 3 000257 00000000 0
41537 0 1 000050 00000000 0
41553 4 3 000050 00000001 0
41554 4 3 000051 00000001 0
41555 4 3 000052 00000001 0
41556 4 3 000053 00000001 0
41557 4 3 000054 00000001 0
41558 4 3 000055 00000001 0
41559 4 3 000056 00000001 0
41560 4 3 000057 00000001 0
41991 0 2 000251 00000000 0
42007 4 3 000250 00000010 0
42008 4 3 000251 00000000 0
42009 4 3 000252 00000000 0
42010 4 3 000253 00000000 0
42011 4 3 000254 00000000 0
42012 4 3 000255 00000000 0
42013 4 3 000256 00000000 0
42014 4 3 000257 00000000 0
42028 0 3 000250 00000000 0
42029 0 3 000250 00000010 0
42030 0 3 000251 00000010 0
42031 0 3 000252 00000000 0
42032 0 3 000253 00000000 0
42033 0 3 000254 00000000 0
42034 0 3 000255 00000000 0
42035 0 3 000256 00000000 0
42036 0 3 000257 00000000 0
42038 0 1 000050 00000000 0
42054 4 3 000050 00000001 0
42055 4 3 000051 00000001 0
42056 4 3 000052 00000001 0
42057 4 3 000053 00000001 0
42058 4 3 000054 00000001 0
42059 4 3 000055 00000001 0
42060 4 3 000056 00000001 0
42061 4 3 000057 00000001 0
42492 0 2 000252 00000000 0
42508 4 3 000250 00000010 0
42509 4 3 000251 00000010 0
42510 4 3 000252 00000000 0
42511 4 3 000253 00000000 0
42512 4 3 000254 00000000 0
42513 4 3 000255 00000000 0
42514 4 3 000256 00000000 0
42515 4 3 000257 00000000 0
42529 0 3 000250 00000000 0
42530 0 3 000250 00000010 0
42531 0 3 000251 00000010 0
42532 0 3 000252 00000010 0
42533 0 3 000253 00000000 0
42534 0 3 000254 00000000 0
42535 0 3 000255 00000000 0
42536 0 3 000256 00000000 0
42537 0 3 000257 00000000 0
42539 0 1 000050 00000000 0
42555 4 3 000050 00000001 0
42556 4 3 000051 00000001 0
42557 4 3 000052 00000001 0
42558 4 3 000053 00000001 0
42559 4 3 000054 00000001 0
42560 4 3 000055 00000001 0
42561 4 3 000056 00000001 0
42562 4 3 000057 00000001 0
42993 0 2 000253 00000000 0
43009 4 3 000250 00000010 0
43010 4 3 000251 00000010 0
43011 4 3 000252 00000010 0
43012 4 3 000253 00000000 0
43013 4 3 000254 00000000 0
43014 4 3 000255 00000000 0
43015 4 3 000256 00000000 0
43016 4 3 000257 00000000 0
43030 0 3 000250 00000000 0
43031 0 3 000250 00000010 0
43032 0 3 000251 00000010 0
43033 0 3 000252 00000010 0
43034 0 3 000253 00000010 0
43035 0 3 000254 00000000 0
43036 0 3 000255 00000000 0
43037 0 3 000256 00000000 0
43038 0 3 000257 00000000 0
43040 0 1 000050 00000000 0
43056 4 3 000050 00000001 0
43057 4 3 000051 00000001 0
43058 4 3 000052 00000001 0
43059 4 3 000053 00000001 0
43060 4 3 000054 00000001 0
43061 4 3 000055 00000001 0
43062 4 3 000056 00000001 0
43063 4 3 000057 00000001 0
43494 0 2 000254 00000000 0
43510 4 3 000250 00000010 0
43511 4 3 000251 00000010 0
43512 4 3 000252 00000010 0
43513 4 3 000253 00000010 0
43514 4 3 000254 00000000 0
43515 4 3 000255 00000000 0
43516 4 3 000256 00000000 0
43517 4 3 000257 00000000 0
43531 0 3 000250 00000000 0
43532 0 3 000250 00000010 0
43533 0 3 000251 00000010 0
43534 0 3 000252 00000010 0
43535 0 3 000253 00000010 0
43536 0 3 000254 00000010 0
43537 0 3 000255 00000000 0
43538 0 3 000256 00000000 0
43539 0 3 000257 00000000 0
43541 0 1 000050 00000000 0
43557 4 3 000050 00000001 0
43558 4 3 000051 00000001 0
43559 4 3 000052 00000001 0
43560 4 3 000053 00000001 0
43561 4 3 000054 00000001 0
43562 4 3 000055 00000001 0
43563 4 3 000056 00000001 0
43564 4 3 000057 00000001 0
43995 0 2 000255 00000000 0
44011 4 3 000250 00000010 0
44012 4 3 000251 00000010 0
44013 4 3 000252 00000010 0
44014 4 3 000253 00000010 0
44015 4 3 000254 00000010 0
44016 4 3 000255 00000000 0
44017 4 3 000256 00000000 0
44018 4 3 000257 00000000 0
44032 0 3 000250 00000000 0
44033 0 3 000250 00000010 0
44034 0 3 000251 00000010 0
44035 0 3 000252 00000010 0
44036 0 3 000253 00000010 0
44037 0 3 000254 00000010 0
44038 0 3 000255 00000010 0
44039 0 3 000256 00000000 0
44040 0 3 000257 00000000 0
44042 0 1 000050 00000000 0
44058 4 3 000050 00000001 0
44059 4 3 000051 00000001 0
44060 4 3 000052 00000001 0
44061 4 3 000053 00000001 0
44062 4 3 000054 00000001 0
44063 4 3 000055 00000001 0
44064 4 3 000056 00000001 0
44065 4 3 000057 00000001 0
44496 0 2 000256 00000000 0
44512 4 3 000250 00000010 0
44513 4 3 000251 00000010 0
44514 4 3 000252 00000010 0
44515 4 3 000253 00000010 0
44516 4 3 000254 00000010 0
44517 4 3 000255 00000010 0
44518 4 3 000256 00000000 0
44519 4 3 000257 00000000 0
44533 0 3 000250 00000000 0
44534 0 3 000250 00000010 0
44535 0 3 000251 00000010 0
44536 0 3 000252 00000010 0
44537 0 3 000253 00000010 0
44538 0 3 000254 00000010 0
44539 0 3 000255 00000010 0
44540 0 3 000256 00000010 0
44541 0 3 000257 00000000 0
44543 0 1 000050 00000000 0
44559 4 3 000050 00000001 0
44560 4 3 000051 00000001 0
44561 4 3 000052 00000001 0
44562 4 3 000053 00000001 0
44563 4 3 000054 00000001 0
44564 4 3 000055 00000001 0
44565 4 3 000056 00000001 0
44566 4 3 000057 00000001 0
44997 0 2 000257 00000000 0
45013 4 3 000250 00000010 0
45014 4 3 000251 00000010 0
45015 4 3 000252 00000010 0
45016 4 3 000253 00000010 0
45017 4 3 000254 00000010 0
45018 4 3 000255 00000010 0
45019 4 3 000256 00000010 0
45020 4 3 000257 00000000 0
45034 0 3 000250 00000000 0
45035 0 3 000250 00000010 0
45036 0 3 000251 00000010 0
45037 0 3 000252 00000010 0
45038 0 3 000253 00000010 0
45039 0 3 000254 00000010 0
45040 0 3 000255 00000010 0
45041 0 3 000256 00000010 0
45042 0 3 000257 00000010 0
45044 0 1 000050 00000000 0
45060 4 3 000050 00000001 0
45061 4 3 000051 00000001 0
45062 4 3 000052 00000001 0
45063 4 3 000053 00000001 0
45064 4 3 000054 00000001 0
45065 4 3 000055 00000001 0
45066 4 3 000056 00000001 0
45067 4 3 000057 00000001 0
45498 0 2 000258 00000000 0
45514 4 3 000258 00000000 0
45515 4 3 000259 00000000 0
45516 4 3 00025A 00000000 0
45517 4 3 00025B 00000000 0
45518 4 3 00025C 00000000 0
45519 4 3 00025D 00000000 0
45520 4 3 00025E 00000000 0
45521 4 3 00025F 00000000 0
45751 0 3 000258 00000000 0
45752 0 3 000258 00000010 0
45753 0 3 000259 00000000 0
45754 0 3 00025A 00000000 0
45755 0 3 00025B 00000000 0
45756 0 3 00025C 00000000 0
45757 0 3 00025D 00000000 0
45758 0 3 00025E 00000000 0
45759 0 3 00025F 00000000 0
45761 0 1 000058 00000000 0
45777 4 3 000058 00000001 0
45778 4 3 000059 00000001 0
45779 4 3 00005A 00000001 0
45780 4 3 00005B 00000001 0
45781 4 3 00005C 00000001 0
45782 4 3 00005D 00000001 0
45783 4 3 00005E 00000001 0
45784 4 3 00005F 00000001 0
45999 0 2 000259 00000000 0
46015 4 3 000258 00000010 0
46016 4 3 000259 00000000 0
46017 4 3 00025A 00000000 0
46018 4 3 00025B 00000000 0
46019 4 3 00025C 00000000 0
46020 4 3 00025D 00000000 0
46021 4 3 00025E 00000000 0
46022 4 3 00025F 00000000 0
46252 0 3 000258 00000000 0
46253 0 3 000258 00000010 0
46254 0 3 000259 00000010 0
46255 0 3 00025A 00000000 0
46256 0 3 00025B 00000000 0
46257 0 3 00025C 00000000 0
46258 0 3 00025D 00000000 0
46259 0 3 00025E 00000000 0
46260 0 3 00025F 00000000 0
46262 0 1 000058 00000000 0
46278 4 3 000058 00000001 0
46279 4 3 000059 00000001 0
46280 4 3 00005A 00000001 0
46281 4 3 00005B 00000001 0
46282 4 3 00005C 00000001 0
46283 4 3 00005D 00000001 0
46284 4 3 00005E 00000001 0
46285 4 3 00005F 00000001 0
46500 0 2 00025A 00000000 0
46516 4 3 000258 00000010 0
46517 4 3 000259 00000010 0
46518 4 3 00025A 00000000 0
46519 4 3 00025B 00000000 0
46520 4 3 00025C 00000000 0
46521 4 3 00025D 00000000 0
46522 4 3 00025E 00000000 0
46523 4 3 00025F 00000000 0
46753 0 3 000258 00000000 0
46754 0 3 000258 00000010 0
46755 0 3 000259 00000010 0
46756 0 3 00025A 00000010 0
46757 0 3 00025B 00000000 0
46758 0 3 00025C 00000000 0
46759 0 3 00025D 00000000 0
46760 0 3 00025E 00000000 0
46761 0 3 00025F 00000000 0
46763 0 1 000058 00000000 0
46779 4 3 000058 00000001 0
46780 4 3 000059 00000001 0
46781 4 3 00005A 00000001 0
46782 4 3 00005B 00000001 0
46783 4 3 00005C 00000001 0
46784 4 3 00005D 00000001 0
46785 4 3 00005E 00000001 0
46786 4 3 00005F 00000001 0
47001 0 2 00025B 00000000 0
47017 4 3 000258 00000010 0
47018 4 3 000259 00000010 0
47019 4 3 00025A 00000010 0
47020 4 3 00025B 00000000 0
47021 4 3 00025C 00000000 0
47022 4 3 00025D 00000000 0
47023 4 3 00025E 00000000 0
47024 4 3 00025F 00000000 0
47254 0 3 000258 00000000 0
47255 0 3 000258 00000010 0
47256 0 3 000259 00000010 0
47257 0 3 00025A 00000010 0
47258 0 3 00025B 00000010 0
47259 0 3 00025C 00000000 0
47260 0 3 00025D 00000000 0
47261 0 3 00025E 00000000 0
47262 0 3 00025F 00000000 0
47264 0 1 000058 00000000 0
47280 4 3 000058 00000001 0
47281 4 3 000059 00000001 0
47282 4 3 00005A 00000001 0
47283 4 3 00005B 00000001 0
47284 4 3 00005C 00000001 0
47285 4 3 00005D 00000001 0
47286 4 3 00005E 00000001 0
47287 4 3 00005F 00000001 0
47502 0 2 00025C 00000000 0
47518 4 3 000258 00000010 0
47519 4 3 000259 00000010 0
47520 4 3 00025A 00000010 0
47521 4 3 00025B 00000010 0
47522 4 3 00025C 00000000 0
47523 4 3 00025D 00000000 0
47524 4 3 00025E 00000000 0
47525 4 3 00025F 00000000 0
47755 0 3 000258 00000000 0
47756 0 3 000258 00000010 0
47757 0 3 000259 00000010 0
47758 0 3 00025A 00000010 0
47759 0 3 00025B 00000010 0
47760 0 3 00025C 00000010 0
47761 0 3 00025D 00000000 0
47762 0 3 00025E 00000000 0
47763 0 3 00025F 00000000 0
47765 0 1 000058 00000000 0
47781 4 3 000058 00000001 0
47782 4 3 000059 00000001 0
47783 4 3 00005A 00000001 0
47784 4 3 00005B 00000001 0
47785 4 3 00005C 00000001 0
47786 4 3 00005D 00000001 0
47787 4 3 00005E 00000001 0
47788 4 3 00005F 00000001 0
48003 0 2 00025D 00000000 0
48019 4 3 000258 00000010 0
48020 4 3 000259 00000010 0
48021 4 3 00025A 00000010 0
48022 4 3 00025B 00000010 0
48023 4 3 00025C 00000010 0
48024 4 3 00025D 00000000 0
48025 4 3 00025E 00000000 0
48026 4 3 00025F 00000000 0
48256 0 3 000258 00000000 0
48257 0 3 000258 00000010 0
48258 0 3 000259 00000010 0
48259 0 3 00025A 00000010 0
48260 0 3 00025B 00000010 0
48261 0 3 00025C 00000010 0
48262 0 3 00025D 00000010 0
48263 0 3 00025E 00000000 0
48264 0 3 00025F 00000000 0
48266 0 1 000058 00000000 0
48282 4 3 000058 00000001 0
48283 4 3 000059 00000001 0
48284 4 3 00005A 00000001 0
48285 4 3 00005B 00000001 0
48286 4 3 00005C 00000001 0
48287 4 3 00005D 00000001 0
48288 4 3 00005E 00000001 0
48289 4 3 00005F 00000001 0
48504 0 2 00025E 00000000 0
48520 4 3 000258 00000010 0
48521 4 3 000259 00000010 0
48522 4 3 00025A 00000010 0
48523 4 3 00025B 00000010 0
48524 4 3 00025C 00000010 0
48525 4 3 00025D 00000010 0
48526 4 3 00025E 00000000 0
48527 4 3 00025F 00000000 0
48757 0 3 000258 00000000 0
48758 0 3 000258 00000010 0
48759 0 3 000259 00000010 0
48760 0 3 00025A 00000010 0
48761 0 3 00025B 00000010 0
48762 0 3 00025C 00000010 0
48763 0 3 00025D 00000010 0
48764 0 3 00025E 00000010 0
48765 0 3 00025F 00000000 0
48767 0 1 000058 00000000 0
48783 4 3 000058 00000001 0
48784 4 3 000059 00000001 0
48785 4 3 00005A 00000001 0
48786 4 3 00005B 00000001 0
48787 4 3 00005C 00000001 0
48788 4 3 00005D 00000001 0
48789 4 3 00005E 00000001 0
48790 4 3 00005F 00000001 0
49005 0 2 00025F 00000000 0
49021 4 3 000258 00000010 0
49022 4 3 000259 00000010 0
49023 4 3 00025A 00000010 0
49024 4 3 00025B 00000010 0
49025 4 3 00025C 00000010 0
49026 4 3 00025D 00000010 0
49027 4 3 00025E 00000010 0
49028 4 3 00025F 00000000 0
49049 0 1 000060 00000000 0
49065 4 3 000060 00000001 0
49066 4 3 000061 00000001 0
49067 4 3 000062 00000001 0
49068 4 3 000063 00000001 0
49069 4 3 000064 00000001 0
49070 4 3 000065 00000001 0
49071 4 3 000066 00000001 0
49072 4 3 000067 00000001 0
49290 0 1 000068 00000000 0
49306 4 3 000068 00000001 0
49307 4 3 000069 00000001 0
49308 4 3 00006A 00000001 0
49309 4 3 00006B 00000001 0
49310 4 3 00006C 00000001 0
49311 4 3 00006D 00000001 0
49312 4 3 00006E 00000001 0
49313 4 3 00006F 00000001 0
49528 0 2 000260 00000000 0
49544 4 3 000260 00000000 0
49545 4 3 000261 00000000 0
49546 4 3 000262 00000000 0
49547 4 3 000263 00000000 0
49548 4 3 000264 00000000 0
49549 4 3 000265 00000000 0
49550 4 3 000266 00000000 0
49551 4 3 000267 00000000 0
49565 0 3 000260 00000000 0
49566 0 3 000260 00000010 0
49567 0 3 000261 00000000 0
49568 0 3 000262 00000000 0
49569 0 3 000263 00000000 0
49570 0 3 000264 00000000 0
49571 0 3 000265 00000000 0
49572 0 3 000266 00000000 0
49573 0 3 000267 00000000 0
49575 0 1 000060 00000000 0
49591 4 3 000060 00000001 0
49592 4 3 000061 00000001 0
49593 4 3 000062 00000001 0
49594 4 3 000063 00000001 0
49595 4 3 000064 00000001 0
49596 4 3 000065 00000001 0
49597 4 3 000066 00000001 0
49598 4 3 000067 00000001 0
50029 0 2 000261 00000000 0
50045 4 3 000260 00000010 0
50046 4 3 000261 00000000 0
50047 4 3 000262 00000000 0
50048 4 3 000263 00000000 0
50049 4 3 000264 00000000 0
50050 4 3 000265 00000000 0
50051 4 3 000266 00000000 0
50052 4 3 000267 00000000 0
50066 0 3 000260 00000000 0
50067 0 3 000260 00000010 0
50068 0 3 000261 00000010 0
50069 0 3 000262 00000000 0
50070 0 3 000263 00000000 0
50071 0 3 000264 00000000 0
50072 0 3 000265 00000000 0
50073 0 3 000266 00000000 0
50074 0 3 000267 00000000 0
50076 0 1 000060 00000000 0
50092 4 3 000060 00000001 0
50093 4 3 000061 00000001 0
50094 4 3 000062 00000001 0
50095 4 3 000063 00000001 0
50096 4 3 000064 00000001 0
50097 4 3 000065 00000001 0
50098 4 3 000066 00000001 0
50099 4 3 000067 00000001 0
50530 0 2 000262 00000000 0
50546 4 3 000260 00000010 0
50547 4 3 000261 00000010 0
50548 4 3 000262 00000000 0
50549 4 3 000263 00000000 0
50550 4 3 000264 00000000 0
50551 4 3 000265 00000000 0
50552 4 3 000266 00000000 0
50553 4 3 000267 00000000 0
50567 0 3 000260 00000000 0
50568 0 3 000260 00000010 0
50569 0 3 000261 00000010 0
50570 0 3 000262 00000010 0
50571 0 3 000263 00000000 0
50572 0 3 000264 00000000 0
50573 0 3 000265 00000000 0
50574 0 3 000266 00000000 0
50575 0 3 000267 00000000 0
50577 0 1 000060 00000000 0
50593 4 3 000060 00000001 0
50594 4 3 000061 00000001 0
50595 4 3 000062 00000001 0
50596 4 3 000063 00000001 0
50597 4 3 000064 00000001 0
50598 4 3 000065 00000001 0
50599 4 3 000066 00000001 0
50600 4 3 000067 00000001 0
51031 0 2 000263 00000000 0
51047 4 3 000260 00000010 0
51048 4 3 000261 00000010 0
51049 4 3 000262 00000010 0
51050 4 3 000263 00000000 0
51051 4 3 000264 00000000 0
51052 4 3 000265 00000000 0
51053 4 3 000266 00000000 0
51054 4 3 000267 00000000 0
51068 0 3 000260 00000000 0
51069 0 3 000260 00000010 0
51070 0 3 000261 00000010 0
51071 0 3 000262 00000010 0
51072 0 3 000263 00000010 0
51073 0 3 000264 00000000 0
51074 0 3 000265 00000000 0
51075 0 3 000266 00000000 0
51076 0 3 000267 00000000 0
51078 0 1 000060 00000000 0
51094 4 3 000060 00000001 0
51095 4 3 000061 00000001 0
51096 4 3 000062 00000001 0
51097 4 3 000063 00000001 0
51098 4 3 000064 00000001 0
51099 4 3 000065 00000001 0
51100 4 3 000066 00000001 0
51101 4 3 000067 00000001 0
51532 0 2 000264 00000000 0
51548 4 3 000260 00000010 0
51549 4 3 000261 00000010 0
51550 4 3 000262 00000010 0
51551 4 3 000263 00000010 0
51552 4 3 000264 00000000 0
51553 4 3 000265 00000000 0
51554 4 3 000266 00000000 0
51555 4 3 000267 00000000 0
51569 0 3 000260 00000000 0
51570 0 3 000260 00000010 0
51571 0 3 000261 00000010 0
51572 0 3 000262 00000010 0
51573 0 3 000263 00000010 0
51574 0 3 000264 00000010 0
51575 0 3 000265 00000000 0
51576 0 3 000266 00000000 0
51577 0 3 000267 00000000 0
51579 0 1 000060 00000000 0
51595 4 3 000060 00000001 0
51596 4 3 000061 00000001 0
51597 4 3 000062 00000001 0
51598 4 3 000063 00000001 0
51599 4 3 000064 00000001 0
51600 4 3 000065 00000001 0
51601 4 3 000066 00000001 0
51602 4 3 000067 00000001 0
52033 0 2 000265 00000000 0
52049 4 3 000260 00000010 0
52050 4 3 000261 00000010 0
52051 4 3 000262 00000010 0
52052 4 3 000263 00000010 0
52053 4 3 000264 00000010 0
52054 4 3 000265 00000000 0
52055 4 3 000266 00000000 0
52056 4 3 000267 00000000 0
52070 0 3 000260 00000000 0
52071 0 3 000260 00000010 0
52072 0 3 000261 00000010 0
52073 0 3 000262 00000010 0
52074 0 3 000263 00000010 0
52075 0 3 000264 00000010 0
52076 0 3 000265 00000010 0
52077 0 3 000266 00000000 0
52078 0 3 000267 00000000 0
52080 0 1 000060 00000000 0
52096 4 3 000060 00000001 0
52097 4 3 000061 00000001 0
52098 4 3 000062 00000001 0
52099 4 3 000063 00000001 0
52100 4 3 000064 00000001 0
52101 4 3 000065 00000001 0
52102 4 3 000066 00000001 0
52103 4 3 000067 00000001 0
52534 0 2 000266 00000000 0
52550 4 3 000260 00000010 0
52551 4 3 000261 00000010 0
52552 4 3 000262 00000010 0
52553 4 3 000263 00000010 0
52554 4 3 000264 00000010 0
52555 4 3 000265 00000010 0
52556 4 3 000266 00000000 0
52557 4 3 000267 00000000 0
52571 0 3 000260 00000000 0
52572 0 3 000260 00000010 0
52573 0 3 000261 00000010 0
52574 0 3 000262 00000010 0
52575 0 3 000263 00000010 0
52576 0 3 000264 00000010 0
52577 0 3 000265 00000010 0
52578 0 3 000266 00000010 0
52579 0 3 000267 00000000 0
52581 0 1 000060 00000000 0
52597 4 3 000060 00000001 0
52598 4 3 000061 00000001 0
52599 4 3 000062 00000001 0
52600 4 3 000063 00000001 0
52601 4 3 000064 00000001 0
52602 4 3 000065 00000001 0
52603 4 3 000066 00000001 0
52604 4 3 000067 00000001 0
53035 0 2 000267 00000000 0
53051 4 3 000260 00000010 0
53052 4 3 000261 00000010 0
53053 4 3 000262 00000010 0
53054 4 3 000263 00000010 0
53055 4 3 000264 00000010 0
53056 4 3 000265 00000010 0
53057 4 3 000266 00000010 0
53058 4 3 000267 00000000 0
53072 0 3 000260 00000000 0
53073 0 3 000260 00000010 0
53074 0 3 000261 00000010 0
53075 0 3 000262 00000010 0
53076 0 3 000263 00000010 0
53077 0 3 000264 00000010 0
53078 0 3 000265 00000010 0
53079 0 3 000266 00000010 0
53080 0 3 000267 00000010 0
53082 0 1 000060 00000000 0
53098 4 3 000060 00000001 0
53099 4 3 000061 00000001 0
53100 4 3 000062 00000001 0
53101 4 3 000063 00000001 0
53102 4 3 000064 00000001 0
53103 4 3 000065 00000001 0
53104 4 3 000066 00000001 0
53105 4 3 000067 00000001 0
53536 0 2 000268 00000000 0
53552 4 3 000268 00000000 0
53553 4 3 000269 00000000 0
53554 4 3 00026A 00000000 0
53555 4 3 00026B 00000000 0
53556 4 3 00026C 00000000 0
53557 4 3 00026D 00000000 0
53558 4 3 00026E 00000000 0
53559 4 3 00026F 00000000 0
53789 0 3 000268 00000000 0
53790 0 3 000268 00000010 0
53791 0 3 000269 00000000 0
53792 0 3 00026A 00000000 0
53793 0 3 00026B 00000000 0
53794 0 3 00026C 00000000 0
53795 0 3 00026D 00000000 0
53796 0 3 00026E 00000000 0
53797 0 3 00026F 00000000 0
53799 0 1 000068 00000000 0
53815 4 3 000068 00000001 0
53816 4 3 000069 00000001 0
53817 4 3 00006A 00000001 0
53818 4 3 00006B 00000001 0
53819 4 3 00006C 00000001 0
53820 4 3 00006D 00000001 0
53821 4 3 00006E 00000001 0
53822 4 3 00006F 00000001 0
54037 0 2 000269 00000000 0
54053 4 3 000268 00000010 0
54054 4 3 000269 00000000 0
54055 4 3 00026A 00000000 0
54056 4 3 00026B 00000000 0
54057 4 3 00026C 00000000 0
54058 4 3 00026D 00000000 0
54059 4 3 00026E 00000000 0
54060 4 3 00026F 00000000 0
54290 0 3 000268 00000000 0
54291 0 3 000268 00000010 0
54292 0 3 000269 00000010 0
54293 0 3 00026A 00000000 0
54294 0 3 00026B 00000000 0
54295 0 3 00026C 00000000 0
54296 0 3 00026D 00000000 0
54297 0 3 00026E 00000000 0
54298 0 3 00026F 00000000 0
54300 0 1 000068 00000000 0
54316 4 3 000068 00000001 0
54317 4 3 000069 00000001 0
54318 4 3 00006A 00000001 0
54319 4 3 00006B 00000001 0
54320 4 3 00006C 00000001 0
54321 4 3 00006D 00000001 0
54322 4 3 00006E 00000001 0
54323 4 3 00006F 00000001 0
54538 0 2 00026A 00000000 0
54554 4 3 000268 00000010 0
54555 4 3 000269 00000010 0
54556 4 3 00026A 00000000 0
54557 4 3 00026B 00000000 0
54558 4 3 00026C 00000000 0
54559 4 3 00026D 00000000 0
54560 4 3 00026E 00000000 0
54561 4 3 00026F 00000000 0
54791 0 3 000268 00000000 0
54792 0 3 000268 00000010 0
54793 0 3 000269 00000010 0
54794 0 3 00026A 00000010 0
54795 0 3 00026B 00000000 0
54796 0 3 00026C 00000000 0
54797 0 3 00026D 00000000 0
54798 0 3 00026E 00000000 0
54799 0 3 00026F 00000000 0
54801 0 1 000068 00000000 0
54817 4 3 000068 00000001 0
54818 4 3 000069 00000001 0
54819 4 3 00006A 00000001 0
54820 4 3 00006B 00000001 0
54821 4 3 00006C 00000001 0
54822 4 3 00006D 00000001 0
54823 4 3 00006E 00000001 0
54824 4 3 00006F 00000001 0
55039 0 2 00026B 00000000 0
55055 4 3 000268 00000010 0
55056 4 3 000269 00000010 0
55057 4 3 00026A 00000010 0
55058 4 3 00026B 00000000 0
55059 4 3 00026C 00000000 0
55060 4 3 00026D 00000000 0
55061 4 3 00026E 00000000 0
55062 4 3 00026F 00000000 0
55292 0 3 000268 00000000 0
55293 0 3 000268 00000010 0
55294 0 3 000269 00000010 0
55295 0 3 00026A 00000010 0
55296 0 3 00026B 00000010 0
55297 0 3 00026C 00000000 0
55298 0 3 00026D 00000000 0
55299 0 3 00026E 00000000 0
55300 0 3 00026F 00000000 0
55302 0 1 000068 00000000 0
55318 4 3 000068 00000001 0
55319 4 3 000069 00000001 0
55320 4 3 00006A 00000001 0
55321 4 3 00006B 00000001 0
55322 4 3 00006C 00000001 0
55323 4 3 00006D 00000001 0
55324 4 3 00006E 00000001 0
55325 4 3 00006F 00000001 0
55540 0 2 00026C 00000000 0
55556 4 3 000268 00000010 0
55557 4 3 000269 00000010 0
55558 4 3 00026A 00000010 0
55559 4 3 00026B 00000010 0
55560 4 3 00026C 00000000 0
55561 4 3 00026D 00000000 0
55562 4 3 00026E 00000000 0
55563 4 3 00026F 00000000 0
55793 0 3 000268 00000000 0
55794 0 3 000268 00000010 0
55795 0 3 000269 00000010 0
55796 0 3 00026A 00000010 0
55797 0 3 00026B 00000010 0
55798 0 3 00026C 00000010 0
55799 0 3 00026D 00000000 0
55800 0 3 00026E 00000000 0
55801 0 3 00026F 00000000 0
55803 0 1 000068 00000000 0
55819 4 3 000068 00000001 0
55820 4 3 000069 00000001 0
55821 4 3 00006A 00000001 0
55822 4 3 00006B 00000001 0
55823 4 3 00006C 00000001 0
55824 4 3 00006D 00000001 0
55825 4 3 00006E 00000001 0
55826 4 3 00006F 00000001 0
56041 0 2 00026D 00000000 0
56057 4 3 000268 00000010 0
56058 4 3 000269 00000010 0
56059 4 3 00026A 00000010 0
56060 4 3 00026B 00000010 0
56061 4 3 00026C 00000010 0
56062 4 3 00026D 00000000 0
56063 4 3 00026E 00000000 0
56064 4 3 00026F 00000000 0
56294 0 3 000268 00000000 0
56295 0 3 000268 00000010 0
56296 0 3 000269 00000010 0
56297 0 3 00026A 00000010 0
56298 0 3 00026B 00000010 0
56299 0 3 00026C 00000010 0
56300 0 3 00026D 00000010 0
56301 0 3 00026E 00000000 0
56302 0 3 00026F 00000000 0
56304 0 1 000068 00000000 0
56320 4 3 000068 00000001 0
56321 4 3 000069 00000001 0
56322 4 3 00006A 00000001 0
56323 4 3 00006B 00000001 0
56324 4 3 00006C 00000001 0
56325 4 3 00006D 00000001 0
56326 4 3 00006E 00000001 0
56327 4 3 00006F 00000001 0
56542 0 2 00026E 00000000 0
56558 4 3 000268 00000010 0
56559 4 3 000269 00000010 0
56560 4 3 00026A 00000010 0
56561 4 3 00026B 00000010 0
56562 4 3 00026C 00000010 0
56563 4 3 00026D 00000010 0
56564 4 3 00026E 00000000 0
56565 4 3 00026F 00000000 0
56795 0 3 000268 00000000 0
56796 0 3 000268 00000010 0
56797 0 3 000269 00000010 0
56798 0 3 00026A 00000010 0
56799 0 3 00026B 00000010 0
56800 0 3 00026C 00000010 0
56801 0 3 00026D 00000010 0
56802 0 3 00026E 00000010 0
56803 0 3 00026F 00000000 0
56805 0 1 000068 00000000 0
56821 4 3 000068 00000001 0
56822 4 3 000069 00000001 0
56823 4 3 00006A 00000001 0
56824 4 3 00006B 00000001 0
56825 4 3 00006C 00000001 0
56826 4 3 00006D 00000001 0
56827 4 3 00006E 00000001 0
56828 4 3 00006F 00000001 0
57043 0 2 00026F 00000000 0
57059 4 3 000268 00000010 0
57060 4 3 000269 00000010 0
57061 4 3 00026A 00000010 0
57062 4 3 00026B 00000010 0
57063 4 3 00026C 00000010 0
57064 4 3 00026D 00000010 0
57065 4 3 00026E 00000010 0
57066 4 3 00026F 00000000 0
57087 0 1 000070 00000000 0
57103 4 3 000070 00000001 0
57104 4 3 000071 00000001 0
57105 4 3 000072 00000001 0
57106 4 3 000073 00000001 0
57107 4 3 000074 00000001 0
57108 4 3 000075 00000001 0
57109 4 3 000076 00000001 0
57110 4 3 000077 00000001 0
57328 0 1 000078 00000000 0
57344 4 3 000078 00000001 0
57345 4 3 000079 00000001 0
57346 4 3 00007A 00000001 0
57347 4 3 00007B 00000001 0
57348 4 3 00007C 00000001 0
57349 4 3 00007D 00000001 0
57350 4 3 00007E 00000001 0
57351 4 3 00007F 00000001 0
57566 0 2 000270 00000000 0
57582 4 3 000270 00000000 0
57583 4 3 000271 00000000 0
57584 4 3 000272 00000000 0
57585 4 3 000273 00000000 0
57586 4 3 000274 00000000 0
57587 4 3 000275 00000000 0
57588 4 3 000276 00000000 0
57589 4 3 000277 00000000 0
57603 0 3 000270 00000000 0
57604 0 3 000270 00000010 0
57605 0 3 000271 00000000 0
57606 0 3 000272 00000000 0
57607 0 3 000273 00000000 0
57608 0 3 000274 00000000 0
57609 0 3 000275 00000000 0
57610 0 3 000276 00000000 0
57611 0 3 000277 00000000 0
57613 0 1 000070 00000000 0
57629 4 3 000070 00000001 0
57630 4 3 000071 00000001 0
57631 4 3 000072 00000001 0
57632 4 3 000073 00000001 0
57633 4 3 000074 00000001 0
57634 4 3 000075 00000001 0
57635 4 3 000076 00000001 0
57636 4 3 000077 00000001 0
58067 0 2 000271 00000000 0
58083 4 3 000270 00000010 0
58084 4 3 000271 00000000 0
58085 4 3 000272 00000000 0
58086 4 3 000273 00000000 0
58087 4 3 000274 00000000 0
58088 4 3 000275 00000000 0
58089 4 3 000276 00000000 0
58090 4 3 000277 00000000 0
58104 0 3 000270 00000000 0
58105 0 3 000270 00000010 0
58106 0 3 000271 00000010 0
58107 0 3 000272 00000000 0
58108 0 3 000273 00000000 0
58109 0 3 000274 00000000 0
58110 0 3 000275 00000000 0
58111 0 3 000276 00000000 0
58112 0 3 000277 00000000 0
58114 0 1 000070 00000000 0
58130 4 3 000070 00000001 0
58131 4 3 000071 00000001 0
58132 4 3 000072 00000001 0
58133 4 3 000073 00000001 0
58134 4 3 000074 00000001 0
58135 4 3 000075 00000001 0
58136 4 3 000076 00000001 0
58137 4 3 000077 00000001 0
58568 0 2 000272 00000000 0
58584 4 3 000270 00000010 0
58585 4 3 000271 00000010 0
58586 4 3 000272 00000000 0
58587 4 3 000273 00000000 0
58588 4 3 000274 00000000 0
58589 4 3 000275 00000000 0
58590 4 3 000276 00000000 0
58591 4 3 000277 00000000 0
58605 0 3 000270 00000000 0
58606 0 3 000270 00000010 0
58607 0 3 000271 00000010 0
58608 0 3 000272 00000010 0
58609 0 3 000273 00000000 0
58610 0 3 000274 00000000 0
58611 0 3 000275 00000000 0
58612 0 3 000276 00000000 0
58613 0 3 000277 00000000 0
58615 0 1 000070 00000000 0
58631 4 3 000070 00000001 0
58632 4 3 000071 00000001 0
58633 4 3 000072 00000001 0
58634 4 3 000073 00000001 0
58635 4 3 000074 00000001 0
58636 4 3 000075 00000001 0
58637 4 3 000076 00000001 0
58638 4 3 000077 00000001 0
59069 0 2 000273 00000000 0
59085 4 3 000270 00000010 0
59086 4 3 000271 00000010 0
59087 4 3 000272 00000010 0
59088 4 3 000273 00000000 0
59089 4 3 000274 00000000 0
59090 4 3 000275 00000000 0
59091 4 3 000276 00000000 0
59092 4 3 000277 00000000 0
59106 0 3 000270 00000000 0
59107 0 3 000270 00000010 0
59108 0 3 000271 00000010 0
59109 0 3 000272 00000010 0
59110 0 3 000273 00000010 0
59111 0 3 000274 00000000 0
59112 0 3 000275 00000000 0
59113 0 3 000276 00000000 0
59114 0 3 000277 00000000 0
59116 0 1 000070 00000000 0
59132 4 3 000070 00000001 0
59133 4 3 000071 00000001 0
59134 4 3 000072 00000001 0
59135 4 3 000073 00000001 0
59136 4 3 000074 00000001 0
59137 4 3 000075 00000001 0
59138 4 3 000076 00000001 0
59139 4 3 000077 00000001 0
59570 0 2 000274 00000000 0
59586 4 3 000270 00000010 0
59587 4 3 000271 00000010 0
59588 4 3 000272 00000010 0
59589 4 3 000273 00000010 0
59590 4 3 000274 00000000 0
59591 4 3 000275 00000000 0
59592 4 3 000276 00000000 0
59593 4 3 000277 00000000 0
59607 0 3 000270 00000000 0
59608 0 3 000270 00000010 0
59609 0 3 000271 00000010 0
59610 0 3 000272 00000010 0
59611 0 3 000273 00000010 0
59612 0 3 000274 00000010 0
59613 0 3 000275 00000000 0
59614 0 3 000276 00000000 0
59615 0 3 000277 00000000 0
59617 0 1 000070 00000000 0
59633 4 3 000070 00000001 0
59634 4 3 000071 00000001 0
59635 4 3 000072 00000001 0
59636 4 3 000073 00000001 0
59637 4 3 000074 00000001 0
59638 4 3 000075 00000001 0
59639 4 3 000076 00000001 0
59640 4 3 000077 00000001 0
60071 0 2 000275 00000000 0
60087 4 3 000270 00000010 0
60088 4 3 000271 00000010 0
60089 4 3 000272 00000010 0
60090 4 3 000273 00000010 0
60091 4 3 000274 00000010 0
60092 4 3 000275 00000000 0
60093 4 3 000276 00000000 0
60094 4 3 000277 00000000 0
60108 0 3 000270 00000000 0
60109 0 3 000270 00000010 0
60110 0 3 000271 00000010 0
60111 0 3 000272 00000010 0
60112 0 3 000273 00000010 0
60113 0 3 000274 00000010 0
60114 0 3 000275 00000010 0
60115 0 3 000276 00000000 0
60116 0 3 000277 00000000 0
60118 0 1 000070 00000000 0
60134 4 3 000070 00000001 0
60135 4 3 000071 00000001 0
60136 4 3 000072 00000001 0
60137 4 3 000073 00000001 0
60138 4 3 000074 00000001 0
60139 4 3 000075 00000001 0
60140 4 3 000076 00000001 0
60141 4 3 000077 00000001 0
60572 0 2 000276 00000000 0
60588 4 3 000270 00000010 0
60589 4 3 000271 00000010 0
60590 4 3 000272 00000010 0
60591 4 3 000273 00000010 0
60592 4 3 000274 00000010 0
60593 4 3 000275 00000010 0
60594 4 3 000276 00000000 0
60595 4 3 000277 00000000 0
60609 0 3 000270 00000000 0
60610 0 3 000270 00000010 0
60611 0 3 000271 00000010 0
60612 0 3 000272 00000010 0
60613 0 3 000273 00000010 0
60614 0 3 000274 00000010 0
60615 0 3 000275 00000010 0
60616 0 3 000276 00000010 0
60617 0 3 000277 00000000 0
60619 0 1 000070 00000000 0
60635 4 3 000070 00000001 0
60636 4 3 000071 00000001 0
60637 4 3 000072 00000001 0
60638 4 3 000073 00000001 0
60639 4 3 000074 00000001 0
60640 4 3 000075 00000001 0
60641 4 3 000076 00000001 0
60642 4 3 000077 00000001 0
61073 0 2 000277 00000000 0
61089 4 3 000270 00000010 0
61090 4 3 000271 00000010 0
61091 4 3 000272 00000010 0
61092 4 3 000273 00000010 0
61093 4 3 000274 00000010 0
61094 4 3 000275 00000010 0
61095 4 3 000276 00000010 0
61096 4 3 000277 00000000 0
61110 0 3 000270 00000000 0
61111 0 3 000270 00000010 0
61112 0 3 000271 00000010 0
61113 0 3 000272 00000010 0
61114 0 3 000273 00000010 0
61115 0 3 000274 00000010 0
61116 0 3 000275 00000010 0
61117 0 3 000276 00000010 0
61118 0 3 000277 00000010 0
61120 0 1 000070 00000000 0
61136 4 3 000070 00000001 0
61137 4 3 000071 00000001 0
61138 4 3 000072 00000001 0
61139 4 3 000073 00000001 0
61140 4 3 000074 00000001 0
61141 4 3 000075 00000001 0
61142 4 3 000076 00000001 0
61143 4 3 000077 00000001 0
61574 0 2 000278 00000000 0
61590 4 3 000278 00000000 0
61591 4 3 000279 00000000 0
61592 4 3 00027A 00000000 0
61593 4 3 00027B 00000000 0
61594 4 3 00027C 00000000 0
61595 4 3 00027D 00000000 0
61596 4 3 00027E 00000000 0
61597 4 3 00027F 00000000 0
61827 0 3 000278 00000000 0
61828 0 3 000278 00000010 0
61829 0 3 000279 00000000 0
61830 0 3 00027A 00000000 0
61831 0 3 00027B 00000000 0
61832 0 3 00027C 00000000 0
61833 0 3 00027D 00000000 0
61834 0 3 00027E 00000000 0
61835 0 3 00027F 00000000 0
61837 0 1 000078 00000000 0
61853 4 3 000078 00000001 0
61854 4 3 000079 00000001 0
61855 4 3 00007A 00000001 0
61856 4 3 00007B 00000001 0
61857 4 3 00007C 00000001 0
61858 4 3 00007D 00000001 0
61859 4 3 00007E 00000001 0
61860 4 3 00007F 00000001 0
62075 0 2 000279 00000000 0
62091 4 3 000278 00000010 0
62092 4 3 000279 00000000 0
62093 4 3 00027A 00000000 0
62094 4 3 00027B 00000000 0
62095 4 3 00027C 00000000 0
62096 4 3 00027D 00000000 0
62097 4 3 00027E 00000000 0
62098 4 3 00027F 00000000 0
62328 0 3 000278 00000000 0
62329 0 3 000278 00000010 0
62330 0 3 000279 00000010 0
62331 0 3 00027A 00000000 0
62332 0 3 00027B 00000000 0
62333 0 3 00027C 00000000 0
62334 0 3 00027D 00000000 0
62335 0 3 00027E 00000000 0
62336 0 3 00027F 00000000 0
62338 0 1 000078 00000000 0
62354 4 3 000078 00000001 0
62355 4 3 000079 00000001 0
62356 4 3 00007A 00000001 0
62357 4 3 00007B 00000001 0
62358 4 3 00007C 00000001 0
62359 4 3 00007D 00000001 0
62360 4 3 00007E 00000001 0
62361 4 3 00007F 00000001 0
62576 0 2 00027A 00000000 0
62592 4 3 000278 00000010 0
62593 4 3 000279 00000010 0
62594 4 3 00027A 00000000 0
62595 4 3 00027B 00000000 0
62596 4 3 00027C 00000000 0
62597 4 3 00027D 00000000 0
62598 4 3 00027E 00000000 0
62599 4 3 00027F 00000000 0
62829 0 3 000278 00000000 0
62830 0 3 000278 00000010 0
62831 0 3 000279 00000010 0
62832 0 3 00027A 00000010 0
62833 0 3 00027B 00000000 0
62834 0 3 00027C 00000000 0
62835 0 3 00027D 00000000 0
62836 0 3 00027E 00000000 0
62837 0 3 00027F 00000000 0
62839 0 1 000078 00000000 0
62855 4 3 000078 00000001 0
62856 4 3 000079 00000001 0
62857 4 3 00007A 00000001 0
62858 4 3 00007B 00000001 0
62859 4 3 00007C 00000001 0
62860 4 3 00007D 00000001 0
62861 4 3 00007E 00000001 0
62862 4 3 00007F 00000001 0
63077 0 2 00027B 00000000 0
63093 4 3 000278 00000010 0
63094 4 3 000279 00000010 0
63095 4 3 00027A 00000010 0
63096 4 3 00027B 00000000 0
63097 4 3 00027C 00000000 0
63098 4 3 00027D 00000000 0
63099 4 3 00027E 00000000 0
63100 4 3 00027F 00000000 0
63330 0 3 000278 00000000 0
63331 0 3 000278 00000010 0
63332 0 3 000279 00000010 0
63333 0 3 00027A 00000010 0
63334 0 3 00027B 00000010 0
63335 0 3 00027C 00000000 0
63336 0 3 00027D 00000000 0
63337 0 3 00027E 00000000 0
63338 0 3 00027F 00000000 0
63340 0 1 000078 00000000 0
63356 4 3 000078 00000001 0
63357 4 3 000079 00000001 0
63358 4 3 00007A 00000001 0
63359 4 3 00007B 00000001 0
63360 4 3 00007C 00000001 0
63361 4 3 00007D 00000001 0
63362 4 3 00007E 00000001 0
63363 4 3 00007F 00000001 0
63578 0 2 00027C 00000000 0
63594 4 3 000278 00000010 0
63595 4 3 000279 00000010 0
63596 4 3 00027A 00000010 0
63597 4 3 00027B 00000010 0
63598 4 3 00027C 00000000 0
63599 4 3 00027D 00000000 0
63600 4 3 00027E 00000000 0
63601 4 3 00027F 00000000 0
63831 0 3 000278 00000000 0
63832 0 3 000278 00000010 0
63833 0 3 000279 00000010 0
63834 0 3 00027A 00000010 0
63835 0 3 00027B 00000010 0
63836 0 3 00027C 00000010 0
63837 0 3 00027D 00000000 0
63838 0 3 00027E 00000000 0
63839 0 3 00027F 00000000 0
63841 0 1 000078 00000000 0
63857 4 3 000078 00000001 0
63858 4 3 000079 00000001 0
63859 4 3 00007A 00000001 0
63860 4 3 00007B 00000001 0
63861 4 3 00007C 00000001 0
63862 4 3 00007D 00000001 0
63863 4 3 00007E 00000001 0
63864 4 3 00007F 00000001 0
64079 0 2 00027D 00000000 0
64095 4 3 000278 00000010 0
64096 4 3 000279 00000010 0
64097 4 3 00027A 00000010 0
64098 4 3 00027B 00000010 0
64099 4 3 00027C 00000010 0
64100 4 3 00027D 00000000 0
64101 4 3 00027E 00000000 0
64102 4 3 00027F 00000000 0
64332 0 3 000278 00000000 0
64333 0 3 000278 00000010 0
64334 0 3 000279 00000010 0
64335 0 3 00027A 00000010 0
64336 0 3 00027B 00000010 0
64337 0 3 00027C 00000010 0
64338 0 3 00027D 00000010 0
64339 0 3 00027E 00000000 0
64340 0 3 00027F 00000000 0
64342 0 1 000078 00000000 0
64358 4 3 000078 00000001 0
64359 4 3 000079 00000001 0
64360 4 3 00007A 00000001 0
64361 4 3 00007B 00000001 0
64362 4 3 00007C 00000001 0
64363 4 3 00007D 00000001 0
64364 4 3 00007E 00000001 0
64365 4 3 00007F 00000001 0
64580 0 2 00027E 00000000 0
64596 4 3 000278 00000010 0
64597 4 3 000279 00000010 0
64598 4 3 00027A 00000010 0
64599 4 3 00027B 00000010 0
64600 4 3 00027C 00000010 0
64601 4 3 00027D 00000010 0
64602 4 3 00027E 00000000 0
64603 4 3 00027F 00000000 0
64833 0 3 000278 00000000 0
64834 0 3 000278 00000010 0
64835 0 3 000279 00000010 0
64836 0 3 00027A 00000010 0
64837 0 3 00027B 00000010 0
64838 0 3 00027C 00000010 0
64839 0 3 00027D 00000010 0
64840 0 3 00027E 00000010 0
64841 0 3 00027F 00000000 0
64843 0 1 000078 00000000 0
64859 4 3 000078 00000001 0
64860 4 3 000079 00000001 0
64861 4 3 00007A 00000001 0
64862 4 3 00007B 00000001 0
64863 4 3 00007C 00000001 0
64864 4 3 00007D 00000001 0
64865 4 3 00007E 00000001 0
64866 4 3 00007F 00000001 0
65081 0 2 00027F 00000000 0
65097 4 3 000278 00000010 0
65098 4 3 000279 00000010 0
65099 4 3 00027A 00000010 0
65100 4 3 00027B 00000010 0
65101 4 3 00027C 00000010 0
65102 4 3 00027D 00000010 0
65103 4 3 00027E 00000010 0
65104 4 3 00027F 00000000 0
65125 0 1 000080 00000000 0
65141 4 3 000080 00000001 0
65142 4 3 000081 00000001 0
65143 4 3 000082 00000001 0
65144 4 3 000083 00000001 0
65145 4 3 000084 00000001 0
65146 4 3 000085 00000001 0
65147 4 3 000086 00000001 0
65148 4 3 000087 00000001 0
65366 0 1 000088 00000000 0
65382 4 3 000088 00000001 0
65383 4 3 000089 00000001 0
65384 4 3 00008A 00000001 0
65385 4 3 00008B 00000001 0
65386 4 3 00008C 00000001 0
65387 4 3 00008D 00000001 0
65388 4 3 00008E 00000001 0
65389 4 3 00008F 00000001 0
65604 0 2 000280 00000000 0
65620 4 3 000280 00000000 0
65621 4 3 000281 00000000 0
65622 4 3 000282 00000000 0
65623 4 3 000283 00000000 0
65624 4 3 000284 00000000 0
65625 4 3 000285 00000000 0
65626 4 3 000286 00000000 0
65627 4 3 000287 00000000 0
65641 0 3 000280 00000000 0
65642 0 3 000280 00000010 0
65643 0 3 000281 00000000 0
65644 0 3 000282 00000000 0
65645 0 3 000283 00000000 0
65646 0 3 000284 00000000 0
65647 0 3 000285 00000000 0
65648 0 3 000286 00000000 0
65649 0 3 000287 00000000 0
65651 0 1 000080 00000000 0
65667 4 3 000080 00000001 0
65668 4 3 000081 00000001 0
65669 4 3 000082 00000001 0
65670 4 3 000083 00000001 0
65671 4 3 000084 00000001 0
65672 4 3 000085 00000001 0
65673 4 3 000086 00000001 0
65674 4 3 000087 00000001 0
66105 0 2 000281 00000000 0
66121 4 3 000280 00000010 0
66122 4 3 000281 00000000 0
66123 4 3 000282 00000000 0
66124 4 3 000283 00000000 0
66125 4 3 000284 00000000 0
66126 4 3 000285 00000000 0
66127 4 3 000286 00000000 0
66128 4 3 000287 00000000 0
66142 0 3 000280 00000000 0
66143 0 3 000280 00000010 0
66144 0 3 000281 00000010 0
66145 0 3 000282 00000000 0
66146 0 3 000283 00000000 0
66147 0 3 000284 00000000 0
66148 0 3 000285 00000000 0
66149 0 3 000286 00000000 0
66150 0 3 000287 00000000 0
66152 0 1 000080 00000000 0
66168 4 3 000080 00000001 0
66169 4 3 000081 00000001 0
66170 4 3 000082 00000001 0
66171 4 3 000083 00000001 0
66172 4 3 000084 00000001 0
66173 4 3 000085 00000001 0
66174 4 3 000086 00000001 0
66175 4 3 000087 00000001 0
66606 0 2 000282 00000000 0
66622 4 3 000280 00000010 0
66623 4 3 000281 00000010 0
66624 4 3 000282 00000000 0
66625 4 3 000283 00000000 0
66626 4 3 000284 00000000 0
66627 4 3 000285 00000000 0
66628 4 3 000286 00000000 0
66629 4 3 000287 00000000 0
66643 0 3 000280 00000000 0
66644 0 3 000280 00000010 0
66645 0 3 000281 00000010 0
66646 0 3 000282 00000010 0
66647 0 3 000283 00000000 0
66648 0 3 000284 00000000 0
66649 0 3 000285 00000000 0
66650 0 3 000286 00000000 0
66651 0 3 000287 00000000 0
66653 0 1 000080 00000000 0
66669 4 3 000080 00000001 0
66670 4 3 000081 00000001 0
66671 4 3 000082 00000001 0
66672 4 3 000083 00000001 0
66673 4 3 000084 00000001 0
66674 4 3 000085 00000001 0
66675 4 3 000086 00000001 0
66676 4 3 000087 00000001 0
67107 0 2 000283 00000000 0
67123 4 3 000280 00000010 0
67124 4 3 000281 00000010 0
67125 4 3 000282 00000010 0
67126 4 3 000283 00000000 0
67127 4 3 000284 00000000 0
67128 4 3 000285 00000000 0
67129 4 3 000286 00000000 0
67130 4 3 000287 00000000 0
67144 0 3 000280 00000000 0
67145 0 3 000280 00000010 0
67146 0 3 000281 00000010 0
67147 0 3 000282 00000010 0
67148 0 3 000283 00000010 0
67149 0 3 000284 00000000 0
67150 0 3 000285 00000000 0
67151 0 3 000286 00000000 0
67152 0 3 000287 00000000 0
67154 0 1 000080 00000000 0
67170 4 3 000080 00000001 0
67171 4 3 000081 00000001 0
67172 4 3 000082 00000001 0
67173 4 3 000083 00000001 0
67174 4 3 000084 00000001 0
67175 4 3 000085 00000001 0
67176 4 3 000086 00000001 0
67177 4 3 000087 00000001 0
67608 0 2 000284 00000000 0
67624 4 3 000280 00000010 0
67625 4 3 000281 00000010 0
67626 4 3 000282 00000010 0
67627 4 3 000283 00000010 0
67628 4 3 000284 00000000 0
67629 4 3 000285 00000000 0
67630 4 3 000286 00000000 0
67631 4 3 000287 00000000 0
67645 0 3 000280 00000000 0
67646 0 3 000280 00000010 0
67647 0 3 000281 00000010 0
67648 0 3 000282 00000010 0
67649 0 3 000283 00000010 0
67650 0 3 000284 00000010 0
67651 0 3 000285 00000000 0
67652 0 3 000286 00000000 0
67653 0 3 000287 00000000 0
67655 0 1 000080 00000000 0
67671 4 3 000080 00000001 0
67672 4 3 000081 00000001 0
67673 4 3 000082 00000001 0
67674 4 3 000083 00000001 0
67675 4 3 000084 00000001 0
67676 4 3 000085 00000001 0
67677 4 3 000086 00000001 0
67678 4 3 000087 00000001 0
68109 0 2 000285 00000000 0
68125 4 3 000280 00000010 0
68126 4 3 000281 00000010 0
68127 4 3 000282 00000010 0
68128 4 3 000283 00000010 0
68129 4 3 000284 00000010 0
68130 4 3 000285 00000000 0
68131 4 3 000286 00000000 0
68132 4 3 000287 00000000 0
68146 0 3 000280 00000000 0
68147 0 3 000280 00000010 0
68148 0 3 000281 00000010 0
68149 0 3 000282 00000010 0
68150 0 3 000283 00000010 0
68151 0 3 000284 00000010 0
68152 0 3 000285 00000010 0
68153 0 3 000286 00000000 0
68154 0 3 000287 00000000 0
68156 0 1 000080 00000000 0
68172 4 3 000080 00000001 0
68173 4 3 000081 00000001 0
68174 4 3 000082 00000001 0
68175 4 3 000083 00000001 0
68176 4 3 000084 00000001 0
68177 4 3 000085 00000001 0
68178 4 3 000086 00000001 0
68179 4 3 000087 00000001 0
68610 0 2 000286 00000000 0
68626 4 3 000280 00000010 0
68627 4 3 000281 00000010 0
68628 4 3 000282 00000010 0
68629 4 3 000283 00000010 0
68630 4 3 000284 00000010 0
68631 4 3 000285 00000010 0
68632 4 3 000286 00000000 0
68633 4 3 000287 00000000 0
68647 0 3 000280 00000000 0
68648 0 3 000280 00000010 0
68649 0 3 000281 00000010 0
68650 0 3 000282 00000010 0
68651 0 3 000283 00000010 0
68652 0 3 000284 00000010 0
68653 0 3 000285 00000010 0
68654 0 3 000286 00000010 0
68655 0 3 000287 00000000 0
68657 0 1 000080 00000000 0
68673 4 3 000080 00000001 0
68674 4 3 000081 00000001 0
68675 4 3 000082 00000001 0
68676 4 3 000083 00000001 0
68677 4 3 000084 00000001 0
68678 4 3 000085 00000001 0
68679 4 3 000086 00000001 0
68680 4 3 000087 00000001 0
69111 0 2 000287 00000000 0
69127 4 3 000280 00000010 0
69128 4 3 000281 00000010 0
69129 4 3 000282 00000010 0
69130 4 3 000283 00000010 0
69131 4 3 000284 00000010 0
69132 4 3 000285 00000010 0
69133 4 3 000286 00000010 0
69134 4 3 000287 00000000 0
69148 0 3 000280 00000000 0
69149 0 3 000280 00000010 0
69150 0 3 000281 00000010 0
69151 0 3 000282 00000010 0
69152 0 3 000283 00000010 0
69153 0 3 000284 00000010 0
69154 0 3 000285 00000010 0
69155 0 3 000286 00000010 0
69156 0 3 000287 00000010 0
69158 0 1 000080 00000000 0
69174 4 3 000080 00000001 0
69175 4 3 000081 00000001 0
69176 4 3 000082 00000001 0
69177 4 3 000083 00000001 0
69178 4 3 000084 00000001 0
69179 4 3 000085 00000001 0
69180 4 3 000086 00000001 0
69181 4 3 000087 00000001 0
69612 0 2 000288 00000000 0
69628 4 3 000288 00000000 0
69629 4 3 000289 00000000 0
69630 4 3 00028A 00000000 0
69631 4 3 00028B 00000000 0
69632 4 3 00028C 00000000 0
69633 4 3 00028D 00000000 0
69634 4 3 00028E 00000000 0
69635 4 3 00028F 00000000 0
69865 0 3 000288 00000000 0
69866 0 3 000288 00000010 0
69867 0 3 000289 00000000 0
69868 0 3 00028A 00000000 0
69869 0 3 00028B 00000000 0
69870 0 3 00028C 00000000 0
69871 0 3 00028D 00000000 0
69872 0 3 00028E 00000000 0
69873 0 3 00028F 00000000 0
69875 0 1 000088 00000000 0
69891 4 3 000088 00000001 0
69892 4 3 000089 00000001 0
69893 4 3 00008A 00000001 0
69894 4 3 00008B 00000001 0
69895 4 3 00008C 00000001 0
69896 4 3 00008D 00000001 0
69897 4 3 00008E 00000001 0
69898 4 3 00008F 00000001 0
70113 0 2 000289 00000000 0
70129 4 3 000288 00000010 0
70130 4 3 000289 00000000 0
70131 4 3 00028A 00000000 0
70132 4 3 00028B 00000000 0
70133 4 3 00028C 00000000 0
70134 4 3 00028D 00000000 0
70135 4 3 00028E 00000000 0
70136 4 3 00028F 00000000 0
70366 0 3 000288 00000000 0
70367 0 3 000288 00000010 0
70368 0 3 000289 00000010 0
70369 0 3 00028A 00000000 0
70370 0 3 00028B 00000000 0
70371 0 3 00028C 00000000 0
70372 0 3 00028D 00000000 0
70373 0 3 00028E 00000000 0
70374 0 3 00028F 00000000 0
70376 0 1 000088 00000000 0
70392 4 3 000088 00000001 0
70393 4 3 000089 00000001 0
70394 4 3 00008A 00000001 0
70395 4 3 00008B 00000001 0
70396 4 3 00008C 00000001 0
70397 4 3 00008D 00000001 0
70398 4 3 00008E 00000001 0
70399 4 3 00008F 00000001 0
70614 0 2 00028A 00000000 0
70630 4 3 000288 00000010 0
70631 4 3 000289 00000010 0
70632 4 3 00028A 00000000 0
70633 4 3 00028B 00000000 0
70634 4 3 00028C 00000000 0
70635 4 3 00028D 00000000 0
70636 4 3 00028E 00000000 0
70637 4 3 00028F 00000000 0
70867 0 3 000288 00000000 0
70868 0 3 000288 00000010 0
70869 0 3 000289 00000010 0
70870 0 3 00028A 00000010 0
70871 0 3 00028B 00000000 0
70872 0 3 00028C 00000000 0
70873 0 3 00028D 00000000 0
70874 0 3 00028E 00000000 0
70875 0 3 00028F 00000000 0
70877 0 1 000088 00000000 0
70893 4 3 000088 00000001 0
70894 4 3 000089 00000001 0
70895 4 3 00008A 00000001 0
70896 4 3 00008B 00000001 0
70897 4 3 00008C 00000001 0
70898 4 3 00008D 00000001 0
70899 4 3 00008E 00000001 0
70900 4 3 00008F 00000001 0
71115 0 2 00028B 00000000 0
71131 4 3 000288 00000010 0
71132 4 3 000289 00000010 0
71133 4 3 00028A 00000010 0
71134 4 3 00028B 00000000 0
71135 4 3 00028C 00000000 0
71136 4 3 00028D 00000000 0
71137 4 3 00028E 00000000 0
71138 4 3 00028F 00000000 0
71368 0 3 000288 00000000 0
71369 0 3 000288 00000010 0
71370 0 3 000289 00000010 0
71371 0 3 00028A 00000010 0
71372 0 3 00028B 00000010 0
71373 0 3 00028C 00000000 0
71374 0 3 00028D 00000000 0
71375 0 3 00028E 00000000 0
71376 0 3 00028F 00000000 0
71378 0 1 000088 00000000 0
71394 4 3 000088 00000001 0
71395 4 3 000089 00000001 0
71396 4 3 00008A 00000001 0
71397 4 3 00008B 00000001 0
71398 4 3 00008C 00000001 0
71399 4 3 00008D 00000001 0
71400 4 3 00008E 00000001 0
71401 4 3 00008F 00000001 0
71616 0 2 00028C 00000000 0
71632 4 3 000288 00000010 0
71633 4 3 000289 00000010 0
71634 4 3 00028A 00000010 0
71635 4 3 00028B 00000010 0
71636 4 3 00028C 00000000 0
71637 4 3 00028D 00000000 0
71638 4 3 00028E 00000000 0
71639 4 3 00028F 00000000 0
71869 0 3 000288 00000000 0
71870 0 3 000288 00000010 0
71871 0 3 000289 00000010 0
71872 0 3 00028A 00000010 0
71873 0 3 00028B 00000010 0
71874 0 3 00028C 00000010 0
71875 0 3 00028D 00000000 0
71876 0 3 00028E 00000000 0
71877 0 3 00028F 00000000 0
71879 0 1 000088 00000000 0
71895 4 3 000088 00000001 0
71896 4 3 000089 00000001 0
71897 4 3 00008A 00000001 0
71898 4 3 00008B 00000001 0
71899 4 3 00008C 00000001 0
71900 4 3 00008D 00000001 0
71901 4 3 00008E 00000001 0
71902 4 3 00008F 00000001 0
72117 0 2 00028D 00000000 0
72133 4 3 000288 00000010 0
72134 4 3 000289 00000010 0
72135 4 3 00028A 00000010 0
72136 4 3 00028B 00000010 0
72137 4 3 00028C 00000010 0
72138 4 3 00028D 00000000 0
72139 4 3 00028E 00000000 0
72140 4 3 00028F 00000000 0
72370 0 3 000288 00000000 0
72371 0 3 000288 00000010 0
72372 0 3 000289 00000010 0
72373 0 3 00028A 00000010 0
72374 0 3 00028B 00000010 0
72375 0 3 00028C 00000010 0
72376 0 3 00028D 00000010 0
72377 0 3 00028E 00000000 0
72378 0 3 00028F 00000000 0
72380 0 1 000088 00000000 0
72396 4 3 000088 00000001 0
72397 4 3 000089 00000001 0
72398 4 3 00008A 00000001 0
72399 4 3 00008B 00000001 0
72400 4 3 00008C 00000001 0
72401 4 3 00008D 00000001 0
72402 4 3 00008E 00000001 0
72403 4 3 00008F 00000001 0
72618 0 2 00028E 00000000 0
72634 4 3 000288 00000010 0
72635 4 3 000289 00000010 0
72636 4 3 00028A 00000010 0
72637 4 3 00028B 00000010 0
72638 4 3 00028C 00000010 0
72639 4 3 00028D 00000010 0
72640 4 3 00028E 00000000 0
72641 4 3 00028F 00000000 0
72871 0 3 000288 00000000 0
72872 0 3 000288 00000010 0
72873 0 3 000289 00000010 0
72874 0 3 00028A 00000010 0
72875 0 3 00028B 00000010 0
72876 0 3 00028C 00000010 0
72877 0 3 00028D 00000010 0
72878 0 3 00028E 00000010 0
72879 0 3 00028F 00000000 0
72881 0 1 000088 00000000 0
72897 4 3 000088 00000001 0
72898 4 3 000089 00000001 0
72899 4 3 00008A 00000001 0
72900 4 3 00008B 00000001 0
72901 4 3 00008C 00000001 0
72902 4 3 00008D 00000001 0
72903 4 3 00008E 00000001 0
72904 4 3 00008F 00000001 0
73119 0 2 00028F 00000000 0
73135 4 3 000288 00000010 0
73136 4 3 000289 00000010 0
73137 4 3 00028A 00000010 0
73138 4 3 00028B 00000010 0
73139 4 3 00028C 00000010 0
73140 4 3 00028D 00000010 0
73141 4 3 00028E 00000010 0
73142 4 3 00028F 00000000 0
73163 0 1 000090 00000000 0
73179 4 3 000090 00000001 0
73180 4 3 000091 00000001 0
73181 4 3 000092 00000001 0
73182 4 3 000093 00000001 0
73183 4 3 000094 00000001 0
73184 4 3 000095 00000001 0
73185 4 3 000096 00000001 0
73186 4 3 000097 00000001 0
73404 0 1 000098 00000000 0
73420 4 3 000098 00000001 0
73421 4 3 000099 00000001 0
73422 4 3 00009A 00000001 0
73423 4 3 00009B 00000001 0
73424 4 3 00009C 00000001 0
73425 4 3 00009D 00000001 0
73426 4 3 00009E 00000001 0
73427 4 3 00009F 00000001 0
73642 0 2 000290 00000000 0
73658 4 3 000290 00000000 0
73659 4 3 000291 00000000 0
73660 4 3 000292 00000000 0
73661 4 3 000293 00000000 0
73662 4 3 000294 00000000 0
73663 4 3 000295 00000000 0
73664 4 3 000296 00000000 0
73665 4 3 000297 00000000 0
73679 0 3 000290 00000000 0
73680 0 3 000290 00000010 0
73681 0 3 000291 00000000 0
73682 0 3 000292 00000000 0
73683 0 3 000293 00000000 0
73684 0 3 000294 00000000 0
73685 0 3 000295 00000000 0
73686 0 3 000296 00000000 0
73687 0 3 000297 00000000 0
73689 0 1 000090 00000000 0
73705 4 3 000090 00000001 0
73706 4 3 000091 00000001 0
73707 4 3 000092 00000001 0
73708 4 3 000093 00000001 0
73709 4 3 000094 00000001 0
73710 4 3 000095 00000001 0
73711 4 3 000096 00000001 0
73712 4 3 000097 00000001 0
74143 0 2 000291 00000000 0
74159 4 3 000290 00000010 0
74160 4 3 000291 00000000 0
74161 4 3 000292 00000000 0
74162 4 3 000293 00000000 0
74163 4 3 000294 00000000 0
74164 4 3 000295 00000000 0
74165 4 3 000296 00000000 0
74166 4 3 000297 00000000 0
74180 0 3 000290 00000000 0
74181 0 3 000290 00000010 0
74182 0 3 000291 00000010 0
74183 0 3 000292 00000000 0
74184 0 3 000293 00000000 0
74185 0 3 000294 00000000 0
74186 0 3 000295 00000000 0
74187 0 3 000296 00000000 0
74188 0 3 000297 00000000 0
74190 0 1 000090 00000000 0
74206 4 3 000090 00000001 0
74207 4 3 000091 00000001 0
74208 4 3 000092 00000001 0
74209 4 3 000093 00000001 0
74210 4 3 000094 00000001 0
74211 4 3 000095 00000001 0
74212 4 3 000096 00000001 0
74213 4 3 000097 00000001 0
74644 0 2 000292 00000000 0
74660 4 3 000290 00000010 0
74661 4 3 000291 00000010 0
74662 4 3 000292 00000000 0
74663 4 3 000293 00000000 0
74664 4 3 000294 00000000 0
74665 4 3 000295 00000000 0
74666 4 3 000296 00000000 0
74667 4 3 000297 00000000 0
74681 0 3 000290 00000000 0
74682 0 3 000290 00000010 0
74683 0 3 000291 00000010 0
74684 0 3 000292 00000010 0
74685 0 3 000293 00000000 0
74686 0 3 000294 00000000 0
74687 0 3 000295 00000000 0
74688 0 3 000296 00000000 0
74689 0 3 000297 00000000 0
74691 0 1 000090 00000000 0
74707 4 3 000090 00000001 0
74708 4 3 000091 00000001 0
74709 4 3 000092 00000001 0
74710 4 3 000093 00000001 0
74711 4 3 000094 00000001 0
74712 4 3 000095 00000001 0
74713 4 3 000096 00000001 0
74714 4 3 000097 00000001 0
75145 0 2 000293 00000000 0
75161 4 3 000290 00000010 0
75162 4 3 000291 00000010 0
75163 4 3 000292 00000010 0
75164 4 3 000293 00000000 0
75165 4 3 000294 00000000 0
75166 4 3 000295 00000000 0
75167 4 3 000296 00000000 0
75168 4 3 000297 00000000 0
75182 0 3 000290 00000000 0
75183 0 3 000290 00000010 0
75184 0 3 000291 00000010 0
75185 0 3 000292 00000010 0
75186 0 3 000293 00000010 0
75187 0 3 000294 00000000 0
75188 0 3 000295 00000000 0
75189 0 3 000296 00000000 0
75190 0 3 000297 00000000 0
75192 0 1 000090 00000000 0
75208 4 3 000090 00000001 0
75209 4 3 000091 00000001 0
75210 4 3 000092 00000001 0
75211 4 3 000093 00000001 0
75212 4 3 000094 00000001 0
75213 4 3 000095 00000001 0
75214 4 3 000096 00000001 0
75215 4 3 000097 00000001 0
75646 0 2 000294 00000000 0
75662 4 3 000290 00000010 0
75663 4 3 000291 00000010 0
75664 4 3 000292 00000010 0
75665 4 3 000293 00000010 0
75666 4 3 000294 00000000 0
75667 4 3 000295 00000000 0
75668 4 3 000296 00000000 0
75669 4 3 000297 00000000 0
75683 0 3 000290 00000000 0
75684 0 3 000290 00000010 0
75685 0 3 000291 00000010 0
75686 0 3 000292 00000010 0
75687 0 3 000293 00000010 0
75688 0 3 000294 00000010 0
75689 0 3 000295 00000000 0
75690 0 3 000296 00000000 0
75691 0 3 000297 00000000 0
75693 0 1 000090 00000000 0
75709 4 3 000090 00000001 0
75710 4 3 000091 00000001 0
75711 4 3 000092 00000001 0
75712 4 3 000093 00000001 0
75713 4 3 000094 00000001 0
75714 4 3 000095 00000001 0
75715 4 3 000096 00000001 0
75716 4 3 000097 00000001 0
76147 0 2 000295 00000000 0
76163 4 3 000290 00000010 0
76164 4 3 000291 00000010 0
76165 4 3 000292 00000010 0
76166 4 3 000293 00000010 0
76167 4 3 000294 00000010 0
76168 4 3 000295 00000000 0
76169 4 3 000296 00000000 0
76170 4 3 000297 00000000 0
76184 0 3 000290 00000000 0
76185 0 3 000290 00000010 0
76186 0 3 000291 00000010 0
76187 0 3 000292 00000010 0
76188 0 3 000293 00000010 0
76189 0 3 000294 00000010 0
76190 0 3 000295 00000010 0
76191 0 3 000296 00000000 0
76192 0 3 000297 00000000 0
76194 0 1 000090 00000000 0
76210 4 3 000090 00000001 0
76211 4 3 000091 00000001 0
76212 4 3 000092 00000001 0
76213 4 3 000093 00000001 0
76214 4 3 000094 00000001 0
76215 4 3 000095 00000001 0
76216 4 3 000096 00000001 0
76217 4 3 000097 00000001 0
76648 0 2 000296 00000000 0
76664 4 3 000290 00000010 0
76665 4 3 000291 00000010 0
76666 4 3 000292 00000010 0
76667 4 3 000293 00000010 0
76668 4 3 000294 00000010 0
76669 4 3 000295 00000010 0
76670 4 3 000296 00000000 0
76671 4 3 000297 00000000 0
76685 0 3 000290 00000000 0
76686 0 3 000290 00000010 0
76687 0 3 000291 00000010 0
76688 0 3 000292 00000010 0
76689 0 3 000293 00000010 0
76690 0 3 000294 00000010 0
76691 0 3 000295 00000010 0
76692 0 3 000296 00000010 0
76693 0 3 000297 00000000 0
76695 0 1 000090 00000000 0
76711 4 3 000090 00000001 0
76712 4 3 000091 00000001 0
76713 4 3 000092 00000001 0
76714 4 3 000093 00000001 0
76715 4 3 000094 00000001 0
76716 4 3 000095 00000001 0
76717 4 3 000096 00000001 0
76718 4 3 000097 00000001 0
77149 0 2 000297 00000000 0
77165 4 3 000290 00000010 0
77166 4 3 000291 00000010 0
77167 4 3 000292 00000010 0
77168 4 3 000293 00000010 0
77169 4 3 000294 00000010 0
77170 4 3 000295 00000010 0
77171 4 3 000296 00000010 0
77172 4 3 000297 00000000 0
77186 0 3 000290 00000000 0
77187 0 3 000290 00000010 0
77188 0 3 000291 00000010 0
77189 0 3 000292 00000010 0
77190 0 3 000293 00000010 0
77191 0 3 000294 00000010 0
77192 0 3 000295 00000010 0
77193 0 3 000296 00000010 0
77194 0 3 000297 00000010 0
77196 0 1 000090 00000000 0
77212 4 3 000090 00000001 0
77213 4 3 000091 00000001 0
77214 4 3 000092 00000001 0
77215 4 3 000093 00000001 0
77216 4 3 000094 00000001 0
77217 4 3 000095 00000001 0
77218 4 3 000096 00000001 0
77219 4 3 000097 00000001 0
77650 0 2 000298 00000000 0
77666 4 3 000298 00000000 0
77667 4 3 000299 00000000 0
77668 4 3 00029A 00000000 0
77669 4 3 00029B 00000000 0
77670 4 3 00029C 00000000 0
77671 4 3 00029D 00000000 0
77672 4 3 00029E 00000000 0
77673 4 3 00029F 00000000 0
77903 0 3 000298 00000000 0
77904 0 3 000298 00000010 0
77905 0 3 000299 00000000 0
77906 0 3 00029A 00000000 0
77907 0 3 00029B 00000000 0
77908 0 3 00029C 00000000 0
77909 0 3 00029D 00000000 0
77910 0 3 00029E 00000000 0
77911 0 3 00029F 00000000 0
77913 0 1 000098 00000000 0
77929 4 3 000098 00000001 0
77930 4 3 000099 00000001 0
77931 4 3 00009A 00000001 0
77932 4 3 00009B 00000001 0
77933 4 3 00009C 00000001 0
77934 4 3 00009D 00000001 0
77935 4 3 00009E 00000001 0
77936 4 3 00009F 00000001 0
78151 0 2 000299 00000000 0
78167 4 3 000298 00000010 0
78168 4 3 000299 00000000 0
78169 4 3 00029A 00000000 0
78170 4 3 00029B 00000000 0
78171 4 3 00029C 00000000 0
78172 4 3 00029D 00000000 0
78173 4 3 00029E 00000000 0
78174 4 3 00029F 00000000 0
78404 0 3 000298 00000000 0
78405 0 3 000298 00000010 0
78406 0 3 000299 00000010 0
78407 0 3 00029A 00000000 0
78408 0 3 00029B 00000000 0
78409 0 3 00029C 00000000 0
78410 0 3 00029D 00000000 0
78411 0 3 00029E 00000000 0
78412 0 3 00029F 00000000 0
78414 0 1 000098 00000000 0
78430 4 3 000098 00000001 0
78431 4 3 000099 00000001 0
78432 4 3 00009A 00000001 0
78433 4 3 00009B 00000001 0
78434 4 3 00009C 00000001 0
78435 4 3 00009D 00000001 0
78436 4 3 00009E 00000001 0
78437 4 3 00009F 00000001 0
78652 0 2 00029A 00000000 0
78668 4 3 000298 00000010 0
78669 4 3 000299 00000010 0
78670 4 3 00029A 00000000 0
78671 4 3 00029B 00000000 0
78672 4 3 00029C 00000000 0
78673 4 3 00029D 00000000 0
78674 4 3 00029E 00000000 0
78675 4 3 00029F 00000000 0
78905 0 3 000298 00000000 0
78906 0 3 000298 00000010 0
78907 0 3 000299 00000010 0
78908 0 3 00029A 00000010 0
78909 0 3 00029B 00000000 0
78910 0 3 00029C 00000000 0
78911 0 3 00029D 00000000 0
78912 0 3 00029E 00000000 0
78913 0 3 00029F 00000000 0
78915 0 1 000098 00000000 0
78931 4 3 000098 00000001 0
78932 4 3 000099 00000001 0
78933 4 3 00009A 00000001 0
78934 4 3 00009B 00000001 0
78935 4 3 00009C 00000001 0
78936 4 3 00009D 00000001 0
78937 4 3 00009E 00000001 0
78938 4 3 00009F 00000001 0
79153 0 2 00029B 00000000 0
79169 4 3 000298 00000010 0
79170 4 3 000299 00000010 0
79171 4 3 00029A 00000010 0
79172 4 3 00029B 00000000 0
79173 4 3 00029C 00000000 0
79174 4 3 00029D 00000000 0
79175 4 3 00029E 00000000 0
79176 4 3 00029F 00000000 0
79406 0 3 000298 00000000 0
79407 0 3 000298 00000010 0
79408 0 3 000299 00000010 0
79409 0 3 00029A 00000010 0
79410 0 3 00029B 00000010 0
79411 0 3 00029C 00000000 0
79412 0 3 00029D 00000000 0
79413 0 3 00029E 00000000 0
79414 0 3 00029F 00000000 0
79416 0 1 000098 00000000 0
79432 4 3 000098 00000001 0
79433 4 3 000099 00000001 0
79434 4 3 00009A 00000001 0
79435 4 3 00009B 00000001 0
79436 4 3 00009C 00000001 0
79437 4 3 00009D 00000001 0
79438 4 3 00009E 00000001 0
79439 4 3 00009F 00000001 0
79654 0 2 00029C 00000000 0
79670 4 3 000298 00000010 0
79671 4 3 000299 00000010 0
79672 4 3 00029A 00000010 0
79673 4 3 00029B 00000010 0
79674 4 3 00029C 00000000 0
79675 4 3 00029D 00000000 0
79676 4 3 00029E 00000000 0
79677 4 3 00029F 00000000 0
79907 0 3 000298 00000000 0
79908 0 3 000298 00000010 0
79909 0 3 000299 00000010 0
79910 0 3 00029A 00000010 0
79911 0 3 00029B 00000010 0
79912 0 3 00029C 00000010 0
79913 0 3 00029D 00000000 0
79914 0 3 00029E 00000000 0
79915 0 3 00029F 00000000 0
79917 0 1 000098 00000000 0
79933 4 3 000098 00000001 0
79934 4 3 000099 00000001 0
79935 4 3 00009A 00000001 0
79936 4 3 00009B 00000001 0
79937 4 3 00009C 00000001 0
79938 4 3 00009D 00000001 0
79939 4 3 00009E 00000001 0
79940 4 3 00009F 00000001 0
80155 0 2 00029D 00000000 0
80171 4 3 000298 00000010 0
80172 4 3 000299 00000010 0
80173 4 3 00029A 00000010 0
80174 4 3 00029B 00000010 0
80175 4 3 00029C 00000010 0
80176 4 3 00029D 00000000 0
80177 4 3 00029E 00000000 0
80178 4 3 00029F 00000000 0
80408 0 3 000298 00000000 0
80409 0 3 000298 00000010 0
80410 0 3 000299 00000010 0
80411 0 3 00029A 00000010 0
80412 0 3 00029B 00000010 0
80413 0 3 00029C 00000010 0
80414 0 3 00029D 00000010 0
80415 0 3 00029E 00000000 0
80416 0 3 00029F 00000000 0
80418 0 1 000098 00000000 0
80434 4 3 000098 00000001 0
80435 4 3 000099 00000001 0
80436 4 3 00009A 00000001 0
80437 4 3 00009B 00000001 0
80438 4 3 00009C 00000001 0
80439 4 3 00009D 00000001 0
80440 4 3 00009E 00000001 0
80441 4 3 00009F 00000001 0
80656 0 2 00029E 00000000 0
80672 4 3 000298 00000010 0
80673 4 3 000299 00000010 0
80674 4 3 00029A 00000010 0
80675 4 3 00029B 00000010 0
80676 4 3 00029C 00000010 0
80677 4 3 00029D 00000010 0
80678 4 3 00029E 00000000 0
80679 4 3 00029F 00000000 0
80909 0 3 000298 00000000 0
80910 0 3 000298 00000010 0
80911 0 3 000299 00000010 0
80912 0 3 00029A 00000010 0
80913 0 3 00029B 00000010 0
80914 0 3 00029C 00000010 0
80915 0 3 00029D 00000010 0
80916 0 3 00029E 00000010 0
80917 0 3 00029F 00000000 0
80919 0 1 000098 00000000 0
80935 4 3 000098 00000001 0
80936 4 3 000099 00000001 0
80937 4 3 00009A 00000001 0
80938 4 3 00009B 00000001 0
80939 4 3 00009C 00000001 0
80940 4 3 00009D 00000001 0
80941 4 3 00009E 00000001 0
80942 4 3 00009F 00000001 0
81157 0 2 00029F 00000000 0
81173 4 3 000298 00000010 0
81174 4 3 000299 00000010 0
81175 4 3 00029A 00000010 0
81176 4 3 00029B 00000010 0
81177 4 3 00029C 00000010 0
81178 4 3 00029D 00000010 0
81179 4 3 00029E 00000010 0
81180 4 3 00029F 00000000 0
81201 0 1 0000A0 00000000 0
81217 4 3 0000A0 00000001 0
81218 4 3 0000A1 00000001 0
81219 4 3 0000A2 00000001 0
81220 4 3 0000A3 00000001 0
81221 4 3 0000A4 00000001 0
81222 4 3 0000A5 00000001 0
81223 4 3 0000A6 00000001 0
81224 4 3 0000A7 00000001 0
81442 0 1 0000A8 00000000 0
81458 4 3 0000A8 00000001 0
81459 4 3 0000A9 00000001 0
81460 4 3 0000AA 00000001 0
81461 4 3 0000AB 00000001 0
81462 4 3 0000AC 00000001 0
81463 4 3 0000AD 00000001 0
81464 4 3 0000AE 00000001 0
81465 4 3 0000AF 00000001 0
81680 0 2 0002A0 00000000 0
81696 4 3 0002A0 00000000 0
81697 4 3 0002A1 00000000 0
81698 4 3 0002A2 00000000 0
81699 4 3 0002A3 00000000 0
81700 4 3 0002A4 00000000 0
81701 4 3 0002A5 00000000 0
81702 4 3 0002A6 00000000 0
81703 4 3 0002A7 00000000 0
81717 0 3 0002A0 00000000 0
81718 0 3 0002A0 00000010 0
81719 0 3 0002A1 00000000 0
81720 0 3 0002A2 00000000 0
81721 0 3 0002A3 00000000 0
81722 0 3 0002A4 00000000 0
81723 0 3 0002A5 00000000 0
81724 0 3 0002A6 00000000 0
81725 0 3 0002A7 00000000 0
81727 0 1 0000A0 00000000 0
81743 4 3 0000A0 00000001 0
81744 4 3 0000A1 00000001 0
81745 4 3 0000A2 00000001 0
81746 4 3 0000A3 00000001 0
81747 4 3 0000A4 00000001 0
81748 4 3 0000A5 00000001 0
81749 4 3 0000A6 00000001 0
81750 4 3 0000A7 00000001 0
82181 0 2 0002A1 00000000 0
82197 4 3 0002A0 00000010 0
82198 4 3 0002A1 00000000 0
82199 4 3 0002A2 00000000 0
82200 4 3 0002A3 00000000 0
82201 4 3 0002A4 00000000 0
82202 4 3 0002A5 00000000 0
82203 4 3 0002A6 00000000 0
82204 4 3 0002A7 00000000 0
82218 0 3 0002A0 00000000 0
82219 0 3 0002A0 00000010 0
82220 0 3 0002A1 00000010 0
82221 0 3 0002A2 00000000 0
82222 0 3 0002A3 00000000 0
82223 0 3 0002A4 00000000 0
82224 0 3 0002A5 00000000 0
82225 0 3 0002A6 00000000 0
82226 0 3 0002A7 00000000 0
82228 0 1 0000A0 00000000 0
82244 4 3 0000A0 00000001 0
82245 4 3 0000A1 00000001 0
82246 4 3 0000A2 00000001 0
82247 4 3 0000A3 00000001 0
82248 4 3 0000A4 00000001 0
82249 4 3 0000A5 00000001 0
82250 4 3 0000A6 00000001 0
82251 4 3 0000A7 00000001 0
82682 0 2 0002A2 00000000 0
82698 4 3 0002A0 00000010 0
82699 4 3 0002A1 00000010 0
82700 4 3 0002A2 00000000 0
82701 4 3 0002A3 00000000 0
82702 4 3 0002A4 00000000 0
82703 4 3 0002A5 00000000 0
82704 4 3 0002A6 00000000 0
82705 4 3 0002A7 00000000 0
82719 0 3 0002A0 00000000 0
82720 0 3 0002A0 00000010 0
82721 0 3 0002A1 00000010 0
82722 0 3 0002A2 00000010 0
82723 0 3 0002A3 00000000 0
82724 0 3 0002A4 00000000 0
82725 0 3 0002A5 00000000 0
82726 0 3 0002A6 00000000 0
82727 0 3 0002A7 00000000 0
82729 0 1 0000A0 00000000 0
82745 4 3 0000A0 00000001 0
82746 4 3 0000A1 00000001 0
82747 4 3 0000A2 00000001 0
82748 4 3 0000A3 00000001 0
82749 4 3 0000A4 00000001 0
82750 4 3 0000A5 00000001 0
82751 4 3 0000A6 00000001 0
82752 4 3 0000A7 00000001 0
83183 0 2 0002A3 00000000 0
83199 4 3 0002A0 00000010 0
83200 4 3 0002A1 00000010 0
83201 4 3 0002A2 00000010 0
83202 4 3 0002A3 00000000 0
83203 4 3 0002A4 00000000 0
83204 4 3 0002A5 00000000 0
83205 4 3 0002A6 00000000 0
83206 4 3 0002A7 00000000 0
83220 0 3 0002A0 00000000 0
83221 0 3 0002A0 00000010 0
83222 0 3 0002A1 00000010 0
83223 0 3 0002A2 00000010 0
83224 0 3 0002A3 00000010 0
83225 0 3 0002A4 00000000 0
83226 0 3 0002A5 00000000 0
83227 0 3 0002A6 00000000 0
83228 0 3 0002A7 00000000 0
83230 0 1 0000A0 00000000 0
83246 4 3 0000A0 00000001 0
83247 4 3 0000A1 00000001 0
83248 4 3 0000A2 00000001 0
83249 4 3 0000A3 00000001 0
83250 4 3 0000A4 00000001 0
83251 4 3 0000A5 00000001 0
83252 4 3 0000A6 00000001 0
83253 4 3 0000A7 00000001 0
83684 0 2 0002A4 00000000 0
83700 4 3 0002A0 00000010 0
83701 4 3 0002A1 00000010 0
83702 4 3 0002A2 00000010 0
83703 4 3 0002A3 00000010 0
83704 4 3 0002A4 00000000 0
83705 4 3 0002A5 00000000 0
83706 4 3 0002A6 00000000 0
83707 4 3 0002A7 00000000 0
83721 0 3 0002A0 00000000 0
83722 0 3 0002A0 00000010 0
83723 0 3 0002A1 00000010 0
83724 0 3 0002A2 00000010 0
83725 0 3 0002A3 00000010 0
83726 0 3 0002A4 00000010 0
83727 0 3 0002A5 00000000 0
83728 0 3 0002A6 00000000 0
83729 0 3 0002A7 00000000 0
83731 0 1 0000A0 00000000 0
83747 4 3 0000A0 00000001 0
83748 4 3 0000A1 00000001 0
83749 4 3 0000A2 00000001 0
83750 4 3 0000A3 00000001 0
83751 4 3 0000A4 00000001 0
83752 4 3 0000A5 00000001 0
83753 4 3 0000A6 00000001 0
83754 4 3 0000A7 00000001 0
84185 0 2 0002A5 00000000 0
84201 4 3 0002A0 00000010 0
84202 4 3 0002A1 00000010 0
84203 4 3 0002A2 00000010 0
84204 4 3 0002A3 00000010 0
84205 4 3 0002A4 00000010 0
84206 4 3 0002A5 00000000 0
84207 4 3 0002A6 00000000 0
84208 4 3 0002A7 00000000 0
84222 0 3 0002A0 00000000 0
84223 0 3 0002A0 00000010 0
84224 0 3 0002A1 00000010 0
84225 0 3 0002A2 00000010 0
84226 0 3 0002A3 00000010 0
84227 0 3 0002A4 00000010 0
84228 0 3 0002A5 00000010 0
84229 0 3 0002A6 00000000 0
84230 0 3 0002A7 00000000 0
84232 0 1 0000A0 00000000 0
84248 4 3 0000A0 00000001 0
84249 4 3 0000A1 00000001 0
84250 4 3 0000A2 00000001 0
84251 4 3 0000A3 00000001 0
84252 4 3 0000A4 00000001 0
84253 4 3 0000A5 00000001 0
84254 4 3 0000A6 00000001 0
84255 4 3 0000A7 00000001 0
84686 0 2 0002A6 00000000 0
84702 4 3 0002A0 00000010 0
84703 4 3 0002A1 00000010 0
84704 4 3 0002A2 00000010 0
84705 4 3 0002A3 00000010 0
84706 4 3 0002A4 00000010 0
84707 4 3 0002A5 00000010 0
84708 4 3 0002A6 00000000 0
84709 4 3 0002A7 00000000 0
84723 0 3 0002A0 00000000 0
84724 0 3 0002A0 00000010 0
84725 0 3 0002A1 00000010 0
84726 0 3 0002A2 00000010 0
84727 0 3 0002A3 00000010 0
84728 0 3 0002A4 00000010 0
84729 0 3 0002A5 00000010 0
84730 0 3 0002A6 00000010 0
84731 0 3 0002A7 00000000 0
84733 0 1 0000A0 00000000 0
84749 4 3 0000A0 00000001 0
84750 4 3 0000A1 00000001 0
84751 4 3 0000A2 00000001 0
84752 4 3 0000A3 00000001 0
84753 4 3 0000A4 00000001 0
84754 4 3 0000A5 00000001 0
84755 4 3 0000A6 00000001 0
84756 4 3 0000A7 00000001 0
85187 0 2 0002A7 00000000 0
85203 4 3 0002A0 00000010 0
85204 4 3 0002A1 00000010 0
85205 4 3 0002A2 00000010 0
85206 4 3 0002A3 00000010 0
85207 4 3 0002A4 00000010 0
85208 4 3 0002A5 00000010 0
85209 4 3 0002A6 00000010 0
85210 4 3 0002A7 00000000 0
85224 0 3 0002A0 00000000 0
85225 0 3 0002A0 00000010 0
85226 0 3 0002A1 00000010 0
85227 0 3 0002A2 00000010 0
85228 0 3 0002A3 00000010 0
85229 0 3 0002A4 00000010 0
85230 0 3 0002A5 00000010 0
85231 0 3 0002A6 00000010 0
85232 0 3 0002A7 00000010 0
85234 0 1 0000A0 00000000 0
85250 4 3 0000A0 00000001 0
85251 4 3 0000A1 00000001 0
85252 4 3 0000A2 00000001 0
85253 4 3 0000A3 00000001 0
85254 4 3 0000A4 00000001 0
85255 4 3 0000A5 00000001 0
85256 4 3 0000A6 00000001 0
85257 4 3 0000A7 00000001 0
85688 0 2 0002A8 00000000 0
85704 4 3 0002A8 00000000 0
85705 4 3 0002A9 00000000 0
85706 4 3 0002AA 00000000 0
85707 4 3 0002AB 00000000 0
85708 4 3 0002AC 00000000 0
85709 4 3 0002AD 00000000 0
85710 4 3 0002AE 00000000 0
85711 4 3 0002AF 00000000 0
85941 0 3 0002A8 00000000 0
85942 0 3 0002A8 00000010 0
85943 0 3 0002A9 00000000 0
85944 0 3 0002AA 00000000 0
85945 0 3 0002AB 00000000 0
85946 0 3 0002AC 00000000 0
85947 0 3 0002AD 00000000 0
85948 0 3 0002AE 00000000 0
85949 0 3 0002AF 00000000 0
85951 0 1 0000A8 00000000 0
85967 4 3 0000A8 00000001 0
85968 4 3 0000A9 00000001 0
85969 4 3 0000AA 00000001 0
85970 4 3 0000AB 00000001 0
85971 4 3 0000AC 00000001 0
85972 4 3 0000AD 00000001 0
85973 4 3 0000AE 00000001 0
85974 4 3 0000AF 00000001 0
86189 0 2 0002A9 00000000 0
86205 4 3 0002A8 00000010 0
86206 4 3 0002A9 00000000 0
86207 4 3 0002AA 00000000 0
86208 4 3 0002AB 00000000 0
86209 4 3 0002AC 00000000 0
86210 4 3 0002AD 00000000 0
86211 4 3 0002AE 00000000 0
86212 4 3 0002AF 00000000 0
86442 0 3 0002A8 00000000 0
86443 0 3 0002A8 00000010 0
86444 0 3 0002A9 00000010 0
86445 0 3 0002AA 00000000 0
86446 0 3 0002AB 00000000 0
86447 0 3 0002AC 00000000 0
86448 0 3 0002AD 00000000 0
86449 0 3 0002AE 00000000 0
86450 0 3 0002AF 00000000 0
86452 0 1 0000A8 00000000 0
86468 4 3 0000A8 00000001 0
86469 4 3 0000A9 00000001 0
86470 4 3 0000AA 00000001 0
86471 4 3 0000AB 00000001 0
86472 4 3 0000AC 00000001 0
86473 4 3 0000AD 00000001 0
86474 4 3 0000AE 00000001 0
86475 4 3 0000AF 00000001 0
86690 0 2 0002AA 00000000 0
86706 4 3 0002A8 00000010 0
86707 4 3 0002A9 00000010 0
86708 4 3 0002AA 00000000 0
86709 4 3 0002AB 00000000 0
86710 4 3 0002AC 00000000 0
86711 4 3 0002AD 00000000 0
86712 4 3 0002AE 00000000 0
86713 4 3 0002AF 00000000 0
86943 0 3 0002A8 00000000 0
86944 0 3 0002A8 00000010 0
86945 0 3 0002A9 00000010 0
86946 0 3 0002AA 00000010 0
86947 0 3 0002AB 00000000 0
86948 0 3 0002AC 00000000 0
86949 0 3 0002AD 00000000 0
86950 0 3 0002AE 00000000 0
86951 0 3 0002AF 00000000 0
86953 0 1 0000A8 00000000 0
86969 4 3 0000A8 00000001 0
86970 4 3 0000A9 00000001 0
86971 4 3 0000AA 00000001 0
86972 4 3 0000AB 00000001 0
86973 4 3 0000AC 00000001 0
86974 4 3 0000AD 00000001 0
86975 4 3 0000AE 00000001 0
86976 4 3 0000AF 00000001 0
87191 0 2 0002AB 00000000 0
87207 4 3 0002A8 00000010 0
87208 4 3 0002A9 00000010 0
87209 4 3 0002AA 00000010 0
87210 4 3 0002AB 00000000 0
87211 4 3 0002AC 00000000 0
87212 4 3 0002AD 00000000 0
87213 4 3 0002AE 00000000 0
87214 4 3 0002AF 00000000 0
87444 0 3 0002A8 00000000 0
87445 0 3 0002A8 00000010 0
87446 0 3 0002A9 00000010 0
87447 0 3 0002AA 00000010 0
87448 0 3 0002AB 00000010 0
87449 0 3 0002AC 00000000 0
87450 0 3 0002AD 00000000 0
87451 0 3 0002AE 00000000 0
87452 0 3 0002AF 00000000 0
87454 0 1 0000A8 00000000 0
87470 4 3 0000A8 00000001 0
87471 4 3 0000A9 00000001 0
87472 4 3 0000AA 00000001 0
87473 4 3 0000AB 00000001 0
87474 4 3 0000AC 00000001 0
87475 4 3 0000AD 00000001 0
87476 4 3 0000AE 00000001 0
87477 4 3 0000AF 00000001 0
87692 0 2 0002AC 00000000 0
87708 4 3 0002A8 00000010 0
87709 4 3 0002A9 00000010 0
87710 4 3 0002AA 00000010 0
87711 4 3 0002AB 00000010 0
87712 4 3 0002AC 00000000 0
87713 4 3 0002AD 00000000 0
87714 4 3 0002AE 00000000 0
87715 4 3 0002AF 00000000 0
87945 0 3 0002A8 00000000 0
87946 0 3 0002A8 00000010 0
87947 0 3 0002A9 00000010 0
87948 0 3 0002AA 00000010 0
87949 0 3 0002AB 00000010 0
87950 0 3 0002AC 00000010 0
87951 0 3 0002AD 00000000 0
87952 0 3 0002AE 00000000 0
87953 0 3 0002AF 00000000 0
87955 0 1 0000A8 00000000 0
87971 4 3 0000A8 00000001 0
87972 4 3 0000A9 00000001 0
87973 4 3 0000AA 00000001 0
87974 4 3 0000AB 00000001 0
87975 4 3 0000AC 00000001 0
87976 4 3 0000AD 00000001 0
87977 4 3 0000AE 00000001 0
87978 4 3 0000AF 00000001 0
88193 0 2 0002AD 00000000 0
88209 4 3 0002A8 00000010 0
88210 4 3 0002A9 00000010 0
88211 4 3 0002AA 00000010 0
88212 4 3 0002AB 00000010 0
88213 4 3 0002AC 00000010 0
88214 4 3 0002AD 00000000 0
88215 4 3 0002AE 00000000 0
88216 4 3 0002AF 00000000 0
88446 0 3 0002A8 00000000 0
88447 0 3 0002A8 00000010 0
88448 0 3 0002A9 00000010 0
88449 0 3 0002AA 00000010 0
88450 0 3 0002AB 00000010 0
88451 0 3 0002AC 00000010 0
88452 0 3 0002AD 00000010 0
88453 0 3 0002AE 00000000 0
88454 0 3 0002AF 00000000 0
88456 0 1 0000A8 00000000 0
88472 4 3 0000A8 00000001 0
88473 4 3 0000A9 00000001 0
88474 4 3 0000AA 00000001 0
88475 4 3 0000AB 00000001 0
88476 4 3 0000AC 00000001 0
88477 4 3 0000AD 00000001 0
88478 4 3 0000AE 00000001 0
88479 4 3 0000AF 00000001 0
88694 0 2 0002AE 00000000 0
88710 4 3 0002A8 00000010 0
88711 4 3 0002A9 00000010 0
88712 4 3 0002AA 00000010 0
88713 4 3 0002AB 00000010 0
88714 4 3 0002AC 00000010 0
88715 4 3 0002AD 00000010 0
88716 4 3 0002AE 00000000 0
88717 4 3 0002AF 00000000 0
88947 0 3 0002A8 00000000 0
88948 0 3 0002A8 00000010 0
88949 0 3 0002A9 00000010 0
88950 0 3 0002AA 00000010 0
88951 0 3 0002AB 00000010 0
88952 0 3 0002AC 00000010 0
88953 0 3 0002AD 00000010 0
88954 0 3 0002AE 00000010 0
88955 0 3 0002AF 00000000 0
88957 0 1 0000A8 00000000 0
88973 4 3 0000A8 00000001 0
88974 4 3 0000A9 00000001 0
88975 4 3 0000AA 00000001 0
88976 4 3 0000AB 00000001 0
88977 4 3 0000AC 00000001 0
88978 4 3 0000AD 00000001 0
88979 4 3 0000AE 00000001 0
88980 4 3 0000AF 00000001 0
89195 0 2 0002AF 00000000 0
89211 4 3 0002A8 00000010 0
89212 4 3 0002A9 00000010 0
89213 4 3 0002AA 00000010 0
89214 4 3 0002AB 00000010 0
89215 4 3 0002AC 00000010 0
89216 4 3 0002AD 00000010 0
89217 4 3 0002AE 00000010 0
89218 4 3 0002AF 00000000 0
89239 0 1 0000B0 00000000 0
89255 4 3 0000B0 00000001 0
89256 4 3 0000B1 00000001 0
89257 4 3 0000B2 00000001 0
89258 4 3 0000B3 00000001 0
89259 4 3 0000B4 00000001 0
89260 4 3 0000B5 00000001 0
89261 4 3 0000B6 00000001 0
89262 4 3 0000B7 00000001 0
89480 0 1 0000B8 00000000 0
89496 4 3 0000B8 00000001 0
89497 4 3 0000B9 00000001 0
89498 4 3 0000BA 00000001 0
89499 4 3 0000BB 00000001 0
89500 4 3 0000BC 00000001 0
89501 4 3 0000BD 00000001 0
89502 4 3 0000BE 00000001 0
89503 4 3 0000BF 00000001 0
89718 0 2 0002B0 00000000 0
89734 4 3 0002B0 00000000 0
89735 4 3 0002B1 00000000 0
89736 4 3 0002B2 00000000 0
89737 4 3 0002B3 00000000 0
89738 4 3 0002B4 00000000 0
89739 4 3 0002B5 00000000 0
89740 4 3 0002B6 00000000 0
89741 4 3 0002B7 00000000 0
89755 0 3 0002B0 00000000 0
89756 0 3 0002B0 00000010 0
89757 0 3 0002B1 00000000 0
89758 0 3 0002B2 00000000 0
89759 0 3 0002B3 00000000 0
89760 0 3 0002B4 00000000 0
89761 0 3 0002B5 00000000 0
89762 0 3 0002B6 00000000 0
89763 0 3 0002B7 00000000 0
89765 0 1 0000B0 00000000 0
89781 4 3 0000B0 00000001 0
89782 4 3 0000B1 00000001 0
89783 4 3 0000B2 00000001 0
89784 4 3 0000B3 00000001 0
89785 4 3 0000B4 00000001 0
89786 4 3 0000B5 00000001 0
89787 4 3 0000B6 00000001 0
89788 4 3 0000B7 00000001 0
90219 0 2 0002B1 00000000 0
90235 4 3 0002B0 00000010 0
90236 4 3 0002B1 00000000 0
90237 4 3 0002B2 00000000 0
90238 4 3 0002B3 00000000 0
90239 4 3 0002B4 00000000 0
90240 4 3 0002B5 00000000 0
90241 4 3 0002B6 00000000 0
90242 4 3 0002B7 00000000 0
90256 0 3 0002B0 00000000 0
90257 0 3 0002B0 00000010 0
90258 0 3 0002B1 00000010 0
90259 0 3 0002B2 00000000 0
90260 0 3 0002B3 00000000 0
90261 0 3 0002B4 00000000 0
90262 0 3 0002B5 00000000 0
90263 0 3 0002B6 00000000 0
90264 0 3 0002B7 00000000 0
90266 0 1 0000B0 00000000 0
90282 4 3 0000B0 00000001 0
90283 4 3 0000B1 00000001 0
90284 4 3 0000B2 00000001 0
90285 4 3 0000B3 00000001 0
90286 4 3 0000B4 00000001 0
90287 4 3 0000B5 00000001 0
90288 4 3 0000B6 00000001 0
90289 4 3 0000B7 00000001 0
90720 0 2 0002B2 00000000 0
90736 4 3 0002B0 00000010 0
90737 4 3 0002B1 00000010 0
90738 4 3 0002B2 00000000 0
90739 4 3 0002B3 00000000 0
90740 4 3 0002B4 00000000 0
90741 4 3 0002B5 00000000 0
90742 4 3 0002B6 00000000 0
90743 4 3 0002B7 00000000 0
90757 0 3 0002B0 00000000 0
90758 0 3 0002B0 00000010 0
90759 0 3 0002B1 00000010 0
90760 0 3 0002B2 00000010 0
90761 0 3 0002B3 00000000 0
90762 0 3 0002B4 00000000 0
90763 0 3 0002B5 00000000 0
90764 0 3 0002B6 00000000 0
90765 0 3 0002B7 00000000 0
90767 0 1 0000B0 00000000 0
90783 4 3 0000B0 00000001 0
90784 4 3 0000B1 00000001 0
90785 4 3 0000B2 00000001 0
90786 4 3 0000B3 00000001 0
90787 4 3 0000B4 00000001 0
90788 4 3 0000B5 00000001 0
90789 4 3 0000B6 00000001 0
90790 4 3 0000B7 00000001 0
91221 0 2 0002B3 00000000 0
91237 4 3 0002B0 00000010 0
91238 4 3 0002B1 00000010 0
91239 4 3 0002B2 00000010 0
91240 4 3 0002B3 00000000 0
91241 4 3 0002B4 00000000 0
91242 4 3 0002B5 00000000 0
91243 4 3 0002B6 00000000 0
91244 4 3 0002B7 00000000 0
91258 0 3 0002B0 00000000 0
91259 0 3 0002B0 00000010 0
91260 0 3 0002B1 00000010 0
91261 0 3 0002B2 00000010 0
91262 0 3 0002B3 00000010 0
91263 0 3 0002B4 00000000 0
91264 0 3 0002B5 00000000 0
91265 0 3 0002B6 00000000 0
91266 0 3 0002B7 00000000 0
91268 0 1 0000B0 00000000 0
91284 4 3 0000B0 00000001 0
91285 4 3 0000B1 00000001 0
91286 4 3 0000B2 00000001 0
91287 4 3 0000B3 00000001 0
91288 4 3 0000B4 00000001 0
91289 4 3 0000B5 00000001 0
91290 4 3 0000B6 00000001 0
91291 4 3 0000B7 00000001 0
91722 0 2 0002B4 00000000 0
91738 4 3 0002B0 00000010 0
91739 4 3 0002B1 00000010 0
91740 4 3 0002B2 00000010 0
91741 4 3 0002B3 00000010 0
91742 4 3 0002B4 00000000 0
91743 4 3 0002B5 00000000 0
91744 4 3 0002B6 00000000 0
91745 4 3 0002B7 00000000 0
91759 0 3 0002B0 00000000 0
91760 0 3 0002B0 00000010 0
91761 0 3 0002B1 00000010 0
91762 0 3 0002B2 00000010 0
91763 0 3 0002B3 00000010 0
91764 0 3 0002B4 00000010 0
91765 0 3 0002B5 00000000 0
91766 0 3 0002B6 00000000 0
91767 0 3 0002B7 00000000 0
91769 0 1 0000B0 00000000 0
91785 4 3 0000B0 00000001 0
91786 4 3 0000B1 00000001 0
91787 4 3 0000B2 00000001 0
91788 4 3 0000B3 00000001 0
91789 4 3 0000B4 00000001 0
91790 4 3 0000B5 00000001 0
91791 4 3 0000B6 00000001 0
91792 4 3 0000B7 00000001 0
92223 0 2 0002B5 00000000 0
92239 4 3 0002B0 00000010 0
92240 4 3 0002B1 00000010 0
92241 4 3 0002B2 00000010 0
92242 4 3 0002B3 00000010 0
92243 4 3 0002B4 00000010 0
92244 4 3 0002B5 00000000 0
92245 4 3 0002B6 00000000 0
92246 4 3 0002B7 00000000 0
92260 0 3 0002B0 00000000 0
92261 0 3 0002B0 00000010 0
92262 0 3 0002B1 00000010 0
92263 0 3 0002B2 00000010 0
92264 0 3 0002B3 00000010 0
92265 0 3 0002B4 00000010 0
92266 0 3 0002B5 00000010 0
92267 0 3 0002B6 00000000 0
92268 0 3 0002B7 00000000 0
92270 0 1 0000B0 00000000 0
92286 4 3 0000B0 00000001 0
92287 4 3 0000B1 00000001 0
92288 4 3 0000B2 00000001 0
92289 4 3 0000B3 00000001 0
92290 4 3 0000B4 00000001 0
92291 4 3 0000B5 00000001 0
92292 4 3 0000B6 00000001 0
92293 4 3 0000B7 00000001 0
92724 0 2 0002B6 00000000 0
92740 4 3 0002B0 00000010 0
92741 4 3 0002B1 00000010 0
92742 4 3 0002B2 00000010 0
92743 4 3 0002B3 00000010 0
92744 4 3 0002B4 00000010 0
92745 4 3 0002B5 00000010 0
92746 4 3 0002B6 00000000 0
92747 4 3 0002B7 00000000 0
92761 0 3 0002B0 00000000 0
92762 0 3 0002B0 00000010 0
92763 0 3 0002B1 00000010 0
92764 0 3 0002B2 00000010 0
92765 0 3 0002B3 00000010 0
92766 0 3 0002B4 00000010 0
92767 0 3 0002B5 00000010 0
92768 0 3 0002B6 00000010 0
92769 0 3 0002B7 00000000 0
92771 0 1 0000B0 00000000 0
92787 4 3 0000B0 00000001 0
92788 4 3 0000B1 00000001 0
92789 4 3 0000B2 00000001 0
92790 4 3 0000B3 00000001 0
92791 4 3 0000B4 00000001 0
92792 4 3 0000B5 00000001 0
92793 4 3 0000B6 00000001 0
92794 4 3 0000B7 00000001 0
93225 0 2 0002B7 00000000 0
93241 4 3 0002B0 00000010 0
93242 4 3 0002B1 00000010 0
93243 4 3 0002B2 00000010 0
93244 4 3 0002B3 00000010 0
93245 4 3 0002B4 00000010 0
93246 4 3 0002B5 00000010 0
93247 4 3 0002B6 00000010 0
93248 4 3 0002B7 00000000 0
93262 0 3 0002B0 00000000 0
93263 0 3 0002B0 00000010 0
93264 0 3 0002B1 00000010 0
93265 0 3 0002B2 00000010 0
93266 0 3 0002B3 00000010 0
93267 0 3 0002B4 00000010 0
93268 0 3 0002B5 00000010 0
93269 0 3 0002B6 00000010 0
93270 0 3 0002B7 00000010 0
93272 0 1 0000B0 00000000 0
93288 4 3 0000B0 00000001 0
93289 4 3 0000B1 00000001 0
93290 4 3 0000B2 00000001 0
93291 4 3 0000B3 00000001 0
93292 4 3 0000B4 00000001 0
93293 4 3 0000B5 00000001 0
93294 4 3 0000B6 00000001 0
93295 4 3 0000B7 00000001 0
93726 0 2 0002B8 00000000 0
93742 4 3 0002B8 00000000 0
93743 4 3 0002B9 00000000 0
93744 4 3 0002BA 00000000 0
93745 4 3 0002BB 00000000 0
93746 4 3 0002BC 00000000 0
93747 4 3 0002BD 00000000 0
93748 4 3 0002BE 00000000 0
93749 4 3 0002BF 00000000 0
93979 0 3 0002B8 00000000 0
93980 0 3 0002B8 00000010 0
93981 0 3 0002B9 00000000 0
93982 0 3 0002BA 00000000 0
93983 0 3 0002BB 00000000 0
93984 0 3 0002BC 00000000 0
93985 0 3 0002BD 00000000 0
93986 0 3 0002BE 00000000 0
93987 0 3 0002BF 00000000 0
93989 0 1 0000B8 00000000 0
94005 4 3 0000B8 00000001 0
94006 4 3 0000B9 00000001 0
94007 4 3 0000BA 00000001 0
94008 4 3 0000BB 00000001 0
94009 4 3 0000BC 00000001 0
94010 4 3 0000BD 00000001 0
94011 4 3 0000BE 00000001 0
94012 4 3 0000BF 00000001 0
94227 0 2 0002B9 00000000 0
94243 4 3 0002B8 00000010 0
94244 4 3 0002B9 00000000 0
94245 4 3 0002BA 00000000 0
94246 4 3 0002BB 00000000 0
94247 4 3 0002BC 00000000 0
94248 4 3 0002BD 00000000 0
94249 4 3 0002BE 00000000 0
94250 4 3 0002BF 00000000 0
94480 0 3 0002B8 00000000 0
94481 0 3 0002B8 00000010 0
94482 0 3 0002B9 00000010 0
94483 0 3 0002BA 00000000 0
94484 0 3 0002BB 00000000 0
94485 0 3 0002BC 00000000 0
94486 0 3 0002BD 00000000 0
94487 0 3 0002BE 00000000 0
94488 0 3 0002BF 00000000 0
94490 0 1 0000B8 00000000 0
94506 4 3 0000B8 00000001 0
94507 4 3 0000B9 00000001 0
94508 4 3 0000BA 00000001 0
94509 4 3 0000BB 00000001 0
94510 4 3 0000BC 00000001 0
94511 4 3 0000BD 00000001 0
94512 4 3 0000BE 00000001 0
94513 4 3 0000BF 00000001 0
94728 0 2 0002BA 00000000 0
94744 4 3 0002B8 00000010 0
94745 4 3 0002B9 00000010 0
94746 4 3 0002BA 00000000 0
94747 4 3 0002BB 00000000 0
94748 4 3 0002BC 00000000 0
94749 4 3 0002BD 00000000 0
94750 4 3 0002BE 00000000 0
94751 4 3 0002BF 00000000 0
94981 0 3 0002B8 00000000 0
94982 0 3 0002B8 00000010 0
94983 0 3 0002B9 00000010 0
94984 0 3 0002BA 00000010 0
94985 0 3 0002BB 00000000 0
94986 0 3 0002BC 00000000 0
94987 0 3 0002BD 00000000 0
94988 0 3 0002BE 00000000 0
94989 0 3 0002BF 00000000 0
94991 0 1 0000B8 00000000 0
95007 4 3 0000B8 00000001 0
95008 4 3 0000B9 00000001 0
95009 4 3 0000BA 00000001 0
95010 4 3 0000BB 00000001 0
95011 4 3 0000BC 00000001 0
95012 4 3 0000BD 00000001 0
95013 4 3 0000BE 00000001 0
95014 4 3 0000BF 00000001 0
95229 0 2 0002BB 00000000 0
95245 4 3 0002B8 00000010 0
95246 4 3 0002B9 00000010 0
95247 4 3 0002BA 00000010 0
95248 4 3 0002BB 00000000 0
95249 4 3 0002BC 00000000 0
95250 4 3 0002BD 00000000 0
95251 4 3 0002BE 00000000 0
95252 4 3 0002BF 00000000 0
95482 0 3 0002B8 00000000 0
95483 0 3 0002B8 00000010 0
95484 0 3 0002B9 00000010 0
95485 0 3 0002BA 00000010 0
95486 0 3 0002BB 00000010 0
95487 0 3 0002BC 00000000 0
95488 0 3 0002BD 00000000 0
95489 0 3 0002BE 00000000 0
95490 0 3 0002BF 00000000 0
95492 0 1 0000B8 00000000 0
95508 4 3 0000B8 00000001 0
95509 4 3 0000B9 00000001 0
95510 4 3 0000BA 00000001 0
95511 4 3 0000BB 00000001 0
95512 4 3 0000BC 00000001 0
95513 4 3 0000BD 00000001 0
95514 4 3 0000BE 00000001 0
95515 4 3 0000BF 00000001 0
95730 0 2 0002BC 00000000 0
95746 4 3 0002B8 00000010 0
95747 4 3 0002B9 00000010 0
95748 4 3 0002BA 00000010 0
95749 4 3 0002BB 00000010 0
95750 4 3 0002BC 00000000 0
95751 4 3 0002BD 00000000 0
95752 4 3 0002BE 00000000 0
95753 4 3 0002BF 00000000 0
95983 0 3 0002B8 00000000 0
95984 0 3 0002B8 00000010 0
95985 0 3 0002B9 00000010 0
95986 0 3 0002BA 00000010 0
95987 0 3 0002BB 00000010 0
95988 0 3 0002BC 00000010 0
95989 0 3 0002BD 00000000 0
95990 0 3 0002BE 00000000 0
95991 0 3 0002BF 00000000 0
95993 0 1 0000B8 00000000 0
96009 4 3 0000B8 00000001 0
96010 4 3 0000B9 00000001 0
96011 4 3 0000BA 00000001 0
96012 4 3 0000BB 00000001 0
96013 4 3 0000BC 00000001 0
96014 4 3 0000BD 00000001 0
96015 4 3 0000BE 00000001 0
96016 4 3 0000BF 00000001 0
96231 0 2 0002BD 00000000 0
96247 4 3 0002B8 00000010 0
96248 4 3 0002B9 00000010 0
96249 4 3 0002BA 00000010 0
96250 4 3 0002BB 00000010 0
96251 4 3 0002BC 00000010 0
96252 4 3 0002BD 00000000 0
96253 4 3 0002BE 00000000 0
96254 4 3 0002BF 00000000 0
96484 0 3 0002B8 00000000 0
96485 0 3 0002B8 00000010 0
96486 0 3 0002B9 00000010 0
96487 0 3 0002BA 00000010 0
96488 0 3 0002BB 00000010 0
96489 0 3 0002BC 00000010 0
96490 0 3 0002BD 00000010 0
96491 0 3 0002BE 00000000 0
96492 0 3 0002BF 00000000 0
96494 0 1 0000B8 00000000 0
96510 4 3 0000B8 00000001 0
96511 4 3 0000B9 00000001 0
96512 4 3 0000BA 00000001 0
96513 4 3 0000BB 00000001 0
96514 4 3 0000BC 00000001 0
96515 4 3 0000BD 00000001 0
96516 4 3 0000BE 00000001 0
96517 4 3 0000BF 00000001 0
96732 0 2 0002BE 00000000 0
96748 4 3 0002B8 00000010 0
96749 4 3 0002B9 00000010 0
96750 4 3 0002BA 00000010 0
96751 4 3 0002BB 00000010 0
96752 4 3 0002BC 00000010 0
96753 4 3 0002BD 00000010 0
96754 4 3 0002BE 00000000 0
96755 4 3 0002BF 00000000 0
96985 0 3 0002B8 00000000 0
96986 0 3 0002B8 00000010 0
96987 0 3 0002B9 00000010 0
96988 0 3 0002BA 00000010 0
96989 0 3 0002BB 00000010 0
96990 0 3 0002BC 00000010 0
96991 0 3 0002BD 00000010 0
96992 0 3 0002BE 00000010 0
96993 0 3 0002BF 00000000 0
96995 0 1 0000B8 00000000 0
97011 4 3 0000B8 00000001 0
97012 4 3 0000B9 00000001 0
97013 4 3 0000BA 00000001 0
97014 4 3 0000BB 00000001 0
97015 4 3 0000BC 00000001 0
97016 4 3 0000BD 00000001 0
97017 4 3 0000BE 00000001 0
97018 4 3 0000BF 00000001 0
97233 0 2 0002BF 00000000 0
97249 4 3 0002B8 00000010 0
97250 4 3 0002B9 00000010 0
97251 4 3 0002BA 00000010 0
97252 4 3 0002BB 00000010 0
97253 4 3 0002BC 00000010 0
97254 4 3 0002BD 00000010 0
97255 4 3 0002BE 00000010 0
97256 4 3 0002BF 00000000 0
97277 0 1 0000C0 00000000 0
97293 4 3 0000C0 00000001 0
97294 4 3 0000C1 00000001 0
97295 4 3 0000C2 00000001 0
97296 4 3 0000C3 00000001 0
97297 4 3 0000C4 00000001 0
97298 4 3 0000C5 00000001 0
97299 4 3 0000C6 00000001 0
97300 4 3 0000C7 00000001 0
97518 0 1 0000C8 00000000 0
97534 4 3 0000C8 00000001 0
97535 4 3 0000C9 00000001 0
97536 4 3 0000CA 00000001 0
97537 4 3 0000CB 00000001 0
97538 4 3 0000CC 00000001 0
97539 4 3 0000CD 00000001 0
97540 4 3 0000CE 00000001 0
97541 4 3 0000CF 00000001 0
97756 0 2 0002C0 00000000 0
97772 4 3 0002C0 00000000 0
97773 4 3 0002C1 00000000 0
97774 4 3 0002C2 00000000 0
97775 4 3 0002C3 00000000 0
97776 4 3 0002C4 00000000 0
97777 4 3 0002C5 00000000 0
97778 4 3 0002C6 00000000 0
97779 4 3 0002C7 00000000 0
97793 0 3 0002C0 00000000 0
97794 0 3 0002C0 00000010 0
97795 0 3 0002C1 00000000 0
97796 0 3 0002C2 00000000 0
97797 0 3 0002C3 00000000 0
97798 0 3 0002C4 00000000 0
97799 0 3 0002C5 00000000 0
97800 0 3 0002C6 00000000 0
97801 0 3 0002C7 00000000 0
97803 0 1 0000C0 00000000 0
97819 4 3 0000C0 00000001 0
97820 4 3 0000C1 00000001 0
97821 4 3 0000C2 00000001 0
97822 4 3 0000C3 00000001 0
97823 4 3 0000C4 00000001 0
97824 4 3 0000C5 00000001 0
97825 4 3 0000C6 00000001 0
97826 4 3 0000C7 00000001 0
98257 0 2 0002C1 00000000 0
98273 4 3 0002C0 00000010 0
98274 4 3 0002C1 00000000 0
98275 4 3 0002C2 00000000 0
98276 4 3 0002C3 00000000 0
98277 4 3 0002C4 00000000 0
98278 4 3 0002C5 00000000 0
98279 4 3 0002C6 00000000 0
98280 4 3 0002C7 00000000 0
98294 0 3 0002C0 00000000 0
98295 0 3 0002C0 00000010 0
98296 0 3 0002C1 00000010 0
98297 0 3 0002C2 00000000 0
98298 0 3 0002C3 00000000 0
98299 0 3 0002C4 00000000 0
98300 0 3 0002C5 00000000 0
98301 0 3 0002C6 00000000 0
98302 0 3 0002C7 00000000 0
98304 0 1 0000C0 00000000 0
98320 4 3 0000C0 00000001 0
98321 4 3 0000C1 00000001 0
98322 4 3 0000C2 00000001 0
98323 4 3 0000C3 00000001 0
98324 4 3 0000C4 00000001 0
98325 4 3 0000C5 00000001 0
98326 4 3 0000C6 00000001 0
98327 4 3 0000C7 00000001 0
98758 0 2 0002C2 00000000 0
98774 4 3 0002C0 00000010 0
98775 4 3 0002C1 00000010 0
98776 4 3 0002C2 00000000 0
98777 4 3 0002C3 00000000 0
98778 4 3 0002C4 00000000 0
98779 4 3 0002C5 00000000 0
98780 4 3 0002C6 00000000 0
98781 4 3 0002C7 00000000 0
98795 0 3 0002C0 00000000 0
98796 0 3 0002C0 00000010 0
98797 0 3 0002C1 00000010 0
98798 0 3 0002C2 00000010 0
98799 0 3 0002C3 00000000 0
98800 0 3 0002C4 00000000 0
98801 0 3 0002C5 00000000 0
98802 0 3 0002C6 00000000 0
98803 0 3 0002C7 00000000 0
98805 0 1 0000C0 00000000 0
98821 4 3 0000C0 00000001 0
98822 4 3 0000C1 00000001 0
98823 4 3 0000C2 00000001 0
98824 4 3 0000C3 00000001 0
98825 4 3 0000C4 00000001 0
98826 4 3 0000C5 00000001 0
98827 4 3 0000C6 00000001 0
98828 4 3 0000C7 00000001 0
99259 0 2 0002C3 00000000 0
99275 4 3 0002C0 00000010 0
99276 4 3 0002C1 00000010 0
99277 4 3 0002C2 00000010 0
99278 4 3 0002C3 00000000 0
99279 4 3 0002C4 00000000 0
99280 4 3 0002C5 00000000 0
99281 4 3 0002C6 00000000 0
99282 4 3 0002C7 00000000 0
99296 0 3 0002C0 00000000 0
99297 0 3 0002C0 00000010 0
99298 0 3 0002C1 00000010 0
99299 0 3 0002C2 00000010 0
99300 0 3 0002C3 00000010 0
99301 0 3 0002C4 00000000 0
99302 0 3 0002C5 00000000 0
99303 0 3 0002C6 00000000 0
99304 0 3 0002C7 00000000 0
99306 0 1 0000C0 00000000 0
99322 4 3 0000C0 00000001 0
99323 4 3 0000C1 00000001 0
99324 4 3 0000C2 00000001 0
99325 4 3 0000C3 00000001 0
99326 4 3 0000C4 00000001 0
99327 4 3 0000C5 00000001 0
99328 4 3 0000C6 00000001 0
99329 4 3 0000C7 00000001 0
99760 0 2 0002C4 00000000 0
99776 4 3 0002C0 00000010 0
99777 4 3 0002C1 00000010 0
99778 4 3 0002C2 00000010 0
99779 4 3 0002C3 00000010 0
99780 4 3 0002C4 00000000 0
99781 4 3 0002C5 00000000 0
99782 4 3 0002C6 00000000 0
99783 4 3 0002C7 00000000 0
99797 0 3 0002C0 00000000 0
99798 0 3 0002C0 00000010 0
99799 0 3 0002C1 00000010 0
99800 0 3 0002C2 00000010 0
99801 0 3 0002C3 00000010 0
99802 0 3 0002C4 00000010 0
99803 0 3 0002C5 00000000 0
99804 0 3 0002C6 00000000 0
99805 0 3 0002C7 00000000 0
99807 0 1 0000C0 00000000 0
99823 4 3 0000C0 00000001 0
99824 4 3 0000C1 00000001 0
99825 4 3 0000C2 00000001 0
99826 4 3 0000C3 00000001 0
99827 4 3 0000C4 00000001 0
99828 4 3 0000C5 00000001 0
99829 4 3 0000C6 00000001 0
99830 4 3 0000C7 00000001 0
100261 0 2 0002C5 00000000 0
100277 4 3 0002C0 00000010 0
100278 4 3 0002C1 00000010 0
100279 4 3 0002C2 00000010 0
100280 4 3 0002C3 00000010 0
100281 4 3 0002C4 00000010 0
100282 4 3 0002C5 00000000 0
100283 4 3 0002C6 00000000 0
100284 4 3 0002C7 00000000 0
100298 0 3 0002C0 00000000 0
100299 0 3 0002C0 00000010 0
100300 0 3 0002C1 00000010 0
100301 0 3 0002C2 00000010 0
100302 0 3 0002C3 00000010 0
100303 0 3 0002C4 00000010 0
100304 0 3 0002C5 00000010 0
100305 0 3 0002C6 00000000 0
100306 0 3 0002C7 00000000 0
100308 0 1 0000C0 00000000 0
100324 4 3 0000C0 00000001 0
100325 4 3 0000C1 00000001 0
100326 4 3 0000C2 00000001 0
100327 4 3 0000C3 00000001 0
100328 4 3 0000C4 00000001 0
100329 4 3 0000C5 00000001 0
100330 4 3 0000C6 00000001 0
100331 4 3 0000C7 00000001 0
100762 0 2 0002C6 00000000 0
100778 4 3 0002C0 00000010 0
100779 4 3 0002C1 00000010 0
100780 4 3 0002C2 00000010 0
100781 4 3 0002C3 00000010 0
100782 4 3 0002C4 00000010 0
100783 4 3 0002C5 00000010 0
100784 4 3 0002C6 00000000 0
100785 4 3 0002C7 00000000 0
100799 0 3 0002C0 00000000 0
100800 0 3 0002C0 00000010 0
100801 0 3 0002C1 00000010 0
100802 0 3 0002C2 00000010 0
100803 0 3 0002C3 00000010 0
100804 0 3 0002C4 00000010 0
100805 0 3 0002C5 00000010 0
100806 0 3 0002C6 00000010 0
100807 0 3 0002C7 00000000 0
100809 0 1 0000C0 00000000 0
100825 4 3 0000C0 00000001 0
100826 4 3 0000C1 00000001 0
100827 4 3 0000C2 00000001 0
100828 4 3 0000C3 00000001 0
100829 4 3 0000C4 00000001 0
100830 4 3 0000C5 00000001 0
100831 4 3 0000C6 00000001 0
100832 4 3 0000C7 00000001 0
101263 0 2 0002C7 00000000 0
101279 4 3 0002C0 00000010 0
101280 4 3 0002C1 00000010 0
101281 4 3 0002C2 00000010 0
101282 4 3 0002C3 00000010 0
101283 4 3 0002C4 00000010 0
101284 4 3 0002C5 00000010 0
101285 4 3 0002C6 00000010 0
101286 4 3 0002C7 00000000 0
101300 0 3 0002C0 00000000 0
101301 0 3 0002C0 00000010 0
101302 0 3 0002C1 00000010 0
101303 0 3 0002C2 00000010 0
101304 0 3 0002C3 00000010 0
101305 0 3 0002C4 00000010 0
101306 0 3 0002C5 00000010 0
101307 0 3 0002C6 00000010 0
101308 0 3 0002C7 00000010 0
101310 0 1 0000C0 00000000 0
101326 4 3 0000C0 00000001 0
101327 4 3 0000C1 00000001 0
101328 4 3 0000C2 00000001 0
101329 4 3 0000C3 00000001 0
101330 4 3 0000C4 00000001 0
101331 4 3 0000C5 00000001 0
101332 4 3 0000C6 00000001 0
101333 4 3 0000C7 00000001 0
101764 0 2 0002C8 00000000 0
101780 4 3 0002C8 00000000 0
101781 4 3 0002C9 00000000 0
101782 4 3 0002CA 00000000 0
101783 4 3 0002CB 00000000 0
101784 4 3 0002CC 00000000 0
101785 4 3 0002CD 00000000 0
101786 4 3 0002CE 00000000 0
101787 4 3 0002CF 00000000 0
102017 0 3 0002C8 00000000 0
102018 0 3 0002C8 00000010 0
102019 0 3 0002C9 00000000 0
102020 0 3 0002CA 00000000 0
102021 0 3 0002CB 00000000 0
102022 0 3 0002CC 00000000 0
102023 0 3 0002CD 00000000 0
102024 0 3 0002CE 00000000 0
102025 0 3 0002CF 00000000 0
102027 0 1 0000C8 00000000 0
102043 4 3 0000C8 00000001 0
102044 4 3 0000C9 00000001 0
102045 4 3 0000CA 00000001 0
102046 4 3 0000CB 00000001 0
102047 4 3 0000CC 00000001 0
102048 4 3 0000CD 00000001 0
102049 4 3 0000CE 00000001 0
102050 4 3 0000CF 00000001 0
102265 0 2 0002C9 00000000 0
102281 4 3 0002C8 00000010 0
102282 4 3 0002C9 00000000 0
102283 4 3 0002CA 00000000 0
102284 4 3 0002CB 00000000 0
102285 4 3 0002CC 00000000 0
102286 4 3 0002CD 00000000 0
102287 4 3 0002CE 00000000 0
102288 4 3 0002CF 00000000 0
102518 0 3 0002C8 00000000 0
102519 0 3 0002C8 00000010 0
102520 0 3 0002C9 00000010 0
102521 0 3 0002CA 00000000 0
102522 0 3 0002CB 00000000 0
102523 0 3 0002CC 00000000 0
102524 0 3 0002CD 00000000 0
102525 0 3 0002CE 00000000 0
102526 0 3 0002CF 00000000 0
102528 0 1 0000C8 00000000 0
102544 4 3 0000C8 00000001 0
102545 4 3 0000C9 00000001 0
102546 4 3 0000CA 00000001 0
102547 4 3 0000CB 00000001 0
102548 4 3 0000CC 00000001 0
102549 4 3 0000CD 00000001 0
102550 4 3 0000CE 00000001 0
102551 4 3 0000CF 00000001 0
102766 0 2 0002CA 00000000 0
102782 4 3 0002C8 00000010 0
102783 4 3 0002C9 00000010 0
102784 4 3 0002CA 00000000 0
102785 4 3 0002CB 00000000 0
102786 4 3 0002CC 00000000 0
102787 4 3 0002CD 00000000 0
102788 4 3 0002CE 00000000 0
102789 4 3 0002CF 00000000 0
103019 0 3 0002C8 00000000 0
103020 0 3 0002C8 00000010 0
103021 0 3 0002C9 00000010 0
103022 0 3 0002CA 00000010 0
103023 0 3 0002CB 00000000 0
103024 0 3 0002CC 00000000 0
103025 0 3 0002CD 00000000 0
103026 0 3 0002CE 00000000 0
103027 0 3 0002CF 00000000 0
103029 0 1 0000C8 00000000 0
103045 4 3 0000C8 00000001 0
103046 4 3 0000C9 00000001 0
103047 4 3 0000CA 00000001 0
103048 4 3 0000CB 00000001 0
103049 4 3 0000CC 00000001 0
103050 4 3 0000CD 00000001 0
103051 4 3 0000CE 00000001 0
103052 4 3 0000CF 00000001 0
103267 0 2 0002CB 00000000 0
103283 4 3 0002C8 00000010 0
103284 4 3 0002C9 00000010 0
103285 4 3 0002CA 00000010 0
103286 4 3 0002CB 00000000 0
103287 4 3 0002CC 00000000 0
103288 4 3 0002CD 00000000 0
103289 4 3 0002CE 00000000 0
103290 4 3 0002CF 00000000 0
103520 0 3 0002C8 00000000 0
103521 0 3 0002C8 00000010 0
103522 0 3 0002C9 00000010 0
103523 0 3 0002CA 00000010 0
103524 0 3 0002CB 00000010 0
103525 0 3 0002CC 00000000 0
103526 0 3 0002CD 00000000 0
103527 0 3 0002CE 00000000 0
103528 0 3 0002CF 00000000 0
103530 0 1 0000C8 00000000 0
103546 4 3 0000C8 00000001 0
103547 4 3 0000C9 00000001 0
103548 4 3 0000CA 00000001 0
103549 4 3 0000CB 00000001 0
103550 4 3 0000CC 00000001 0
103551 4 3 0000CD 00000001 0
103552 4 3 0000CE 00000001 0
103553 4 3 0000CF 00000001 0
103768 0 2 0002CC 00000000 0
103784 4 3 0002C8 00000010 0
103785 4 3 0002C9 00000010 0
103786 4 3 0002CA 00000010 0
103787 4 3 0002CB 00000010 0
103788 4 3 0002CC 00000000 0
103789 4 3 0002CD 00000000 0
103790 4 3 0002CE 00000000 0
103791 4 3 0002CF 00000000 0
104021 0 3 0002C8 00000000 0
104022 0 3 0002C8 00000010 0
104023 0 3 0002C9 00000010 0
104024 0 3 0002CA 00000010 0
104025 0 3 0002CB 00000010 0
104026 0 3 0002CC 00000010 0
104027 0 3 0002CD 00000000 0
104028 0 3 0002CE 00000000 0
104029 0 3 0002CF 00000000 0
104031 0 1 0000C8 00000000 0
104047 4 3 0000C8 00000001 0
104048 4 3 0000C9 00000001 0
104049 4 3 0000CA 00000001 0
104050 4 3 0000CB 00000001 0
104051 4 3 0000CC 00000001 0
104052 4 3 0000CD 00000001 0
104053 4 3 0000CE 00000001 0
104054 4 3 0000CF 00000001 0
104269 0 2 0002CD 00000000 0
104285 4 3 0002C8 00000010 0
104286 4 3 0002C9 00000010 0
104287 4 3 0002CA 00000010 0
104288 4 3 0002CB 00000010 0
104289 4 3 0002CC 00000010 0
104290 4 3 0002CD 00000000 0
104291 4 3 0002CE 00000000 0
104292 4 3 0002CF 00000000 0
104522 0 3 0002C8 00000000 0
104523 0 3 0002C8 00000010 0
104524 0 3 0002C9 00000010 0
104525 0 3 0002CA 00000010 0
104526 0 3 0002CB 00000010 0
104527 0 3 0002CC 00000010 0
104528 0 3 0002CD 00000010 0
104529 0 3 0002CE 00000000 0
104530 0 3 0002CF 00000000 0
104532 0 1 0000C8 00000000 0
104548 4 3 0000C8 00000001 0
104549 4 3 0000C9 00000001 0
104550 4 3 0000CA 00000001 0
104551 4 3 0000CB 00000001 0
104552 4 3 0000CC 00000001 0
104553 4 3 0000CD 00000001 0
104554 4 3 0000CE 00000001 0
104555 4 3 0000CF 00000001 0
104770 0 2 0002CE 00000000 0
104786 4 3 0002C8 00000010 0
104787 4 3 0002C9 00000010 0
104788 4 3 0002CA 00000010 0
104789 4 3 0002CB 00000010 0
104790 4 3 0002CC 00000010 0
104791 4 3 0002CD 00000010 0
104792 4 3 0002CE 00000000 0
104793 4 3 0002CF 00000000 0
105023 0 3 0002C8 00000000 0
105024 0 3 0002C8 00000010 0
105025 0 3 0002C9 00000010 0
105026 0 3 0002CA 00000010 0
105027 0 3 0002CB 00000010 0
105028 0 3 0002CC 00000010 0
105029 0 3 0002CD 00000010 0
105030 0 3 0002CE 00000010 0
105031 0 3 0002CF 00000000 0
105033 0 1 0000C8 00000000 0
105049 4 3 0000C8 00000001 0
105050 4 3 0000C9 00000001 0
105051 4 3 0000CA 00000001 0
105052 4 3 0000CB 00000001 0
105053 4 3 0000CC 00000001 0
105054 4 3 0000CD 00000001 0
105055 4 3 0000CE 00000001 0
105056 4 3 0000CF 00000001 0
105271 0 2 0002CF 00000000 0
105287 4 3 0002C8 00000010 0
105288 4 3 0002C9 00000010 0
105289 4 3 0002CA 00000010 0
105290 4 3 0002CB 00000010 0
105291 4 3 0002CC 00000010 0
105292 4 3 0002CD 00000010 0
105293 4 3 0002CE 00000010 0
105294 4 3 0002CF 00000000 0
105315 0 1 0000D0 00000000 0
105331 4 3 0000D0 00000001 0
105332 4 3 0000D1 00000001 0
105333 4 3 0000D2 00000001 0
105334 4 3 0000D3 00000001 0
105335 4 3 0000D4 00000001 0
105336 4 3 0000D5 00000001 0
105337 4 3 0000D6 00000001 0
105338 4 3 0000D7 00000001 0
105556 0 1 0000D8 00000000 0
105572 4 3 0000D8 00000001 0
105573 4 3 0000D9 00000001 0
105574 4 3 0000DA 00000001 0
105575 4 3 0000DB 00000001 0
105576 4 3 0000DC 00000001 0
105577 4 3 0000DD 00000001 0
105578 4 3 0000DE 00000001 0
105579 4 3 0000DF 00000001 0
105794 0 2 0002D0 00000000 0
105810 4 3 0002D0 00000000 0
105811 4 3 0002D1 00000000 0
105812 4 3 0002D2 00000000 0
105813 4 3 0002D3 00000000 0
105814 4 3 0002D4 00000000 0
105815 4 3 0002D5 00000000 0
105816 4 3 0002D6 00000000 0
105817 4 3 0002D7 00000000 0
105831 0 3 0002D0 00000000 0
105832 0 3 0002D0 00000010 0
105833 0 3 0002D1 00000000 0
105834 0 3 0002D2 00000000 0
105835 0 3 0002D3 00000000 0
105836 0 3 0002D4 00000000 0
105837 0 3 0002D5 00000000 0
105838 0 3 0002D6 00000000 0
105839 0 3 0002D7 00000000 0
105841 0 1 0000D0 00000000 0
105857 4 3 0000D0 00000001 0
105858 4 3 0000D1 00000001 0
105859 4 3 0000D2 00000001 0
105860 4 3 0000D3 00000001 0
105861 4 3 0000D4 00000001 0
105862 4 3 0000D5 00000001 0
105863 4 3 0000D6 00000001 0
105864 4 3 0000D7 00000001 0
106295 0 2 0002D1 00000000 0
106311 4 3 0002D0 00000010 0
106312 4 3 0002D1 00000000 0
106313 4 3 0002D2 00000000 0
106314 4 3 0002D3 00000000 0
106315 4 3 0002D4 00000000 0
106316 4 3 0002D5 00000000 0
106317 4 3 0002D6 00000000 0
106318 4 3 0002D7 00000000 0
106332 0 3 0002D0 00000000 0
106333 0 3 0002D0 00000010 0
106334 0 3 0002D1 00000010 0
106335 0 3 0002D2 00000000 0
106336 0 3 0002D3 00000000 0
106337 0 3 0002D4 00000000 0
106338 0 3 0002D5 00000000 0
106339 0 3 0002D6 00000000 0
106340 0 3 0002D7 00000000 0
106342 0 1 0000D0 00000000 0
106358 4 3 0000D0 00000001 0
106359 4 3 0000D1 00000001 0
106360 4 3 0000D2 00000001 0
106361 4 3 0000D3 00000001 0
106362 4 3 0000D4 00000001 0
106363 4 3 0000D5 00000001 0
106364 4 3 0000D6 00000001 0
106365 4 3 0000D7 00000001 0
106796 0 2 0002D2 00000000 0
106812 4 3 0002D0 00000010 0
106813 4 3 0002D1 00000010 0
106814 4 3 0002D2 00000000 0
106815 4 3 0002D3 00000000 0
106816 4 3 0002D4 00000000 0
106817 4 3 0002D5 00000000 0
106818 4 3 0002D6 00000000 0
106819 4 3 0002D7 00000000 0
106833 0 3 0002D0 00000000 0
106834 0 3 0002D0 00000010 0
106835 0 3 0002D1 00000010 0
106836 0 3 0002D2 00000010 0
106837 0 3 0002D3 00000000 0
106838 0 3 0002D4 00000000 0
106839 0 3 0002D5 00000000 0
106840 0 3 0002D6 00000000 0
106841 0 3 0002D7 00000000 0
106843 0 1 0000D0 00000000 0
106859 4 3 0000D0 00000001 0
106860 4 3 0000D1 00000001 0
106861 4 3 0000D2 00000001 0
106862 4 3 0000D3 00000001 0
106863 4 3 0000D4 00000001 0
106864 4 3 0000D5 00000001 0
106865 4 3 0000D6 00000001 0
106866 4 3 0000D7 00000001 0
107297 0 2 0002D3 00000000 0
107313 4 3 0002D0 00000010 0
107314 4 3 0002D1 00000010 0
107315 4 3 0002D2 00000010 0
107316 4 3 0002D3 00000000 0
107317 4 3 0002D4 00000000 0
107318 4 3 0002D5 00000000 0
107319 4 3 0002D6 00000000 0
107320 4 3 0002D7 00000000 0
107334 0 3 0002D0 00000000 0
107335 0 3 0002D0 00000010 0
107336 0 3 0002D1 00000010 0
107337 0 3 0002D2 00000010 0
107338 0 3 0002D3 00000010 0
107339 0 3 0002D4 00000000 0
107340 0 3 0002D5 00000000 0
107341 0 3 0002D6 00000000 0
107342 0 3 0002D7 00000000 0
107344 0 1 0000D0 00000000 0
107360 4 3 0000D0 00000001 0
107361 4 3 0000D1 00000001 0
107362 4 3 0000D2 00000001 0
107363 4 3 0000D3 00000001 0
107364 4 3 0000D4 00000001 0
107365 4 3 0000D5 00000001 0
107366 4 3 0000D6 00000001 0
107367 4 3 0000D7 00000001 0
107798 0 2 0002D4 00000000 0
107814 4 3 0002D0 00000010 0
107815 4 3 0002D1 00000010 0
107816 4 3 0002D2 00000010 0
107817 4 3 0002D3 00000010 0
107818 4 3 0002D4 00000000 0
107819 4 3 0002D5 00000000 0
107820 4 3 0002D6 00000000 0
107821 4 3 0002D7 00000000 0
107835 0 3 0002D0 00000000 0
107836 0 3 0002D0 00000010 0
107837 0 3 0002D1 00000010 0
107838 0 3 0002D2 00000010 0
107839 0 3 0002D3 00000010 0
107840 0 3 0002D4 00000010 0
107841 0 3 0002D5 00000000 0
107842 0 3 0002D6 00000000 0
107843 0 3 0002D7 00000000 0
107845 0 1 0000D0 00000000 0
107861 4 3 0000D0 00000001 0
107862 4 3 0000D1 00000001 0
107863 4 3 0000D2 00000001 0
107864 4 3 0000D3 00000001 0
107865 4 3 0000D4 00000001 0
107866 4 3 0000D5 00000001 0
107867 4 3 0000D6 00000001 0
107868 4 3 0000D7 00000001 0
108299 0 2 0002D5 00000000 0
108315 4 3 0002D0 00000010 0
108316 4 3 0002D1 00000010 0
108317 4 3 0002D2 00000010 0
108318 4 3 0002D3 00000010 0
108319 4 3 0002D4 00000010 0
108320 4 3 0002D5 00000000 0
108321 4 3 0002D6 00000000 0
108322 4 3 0002D7 00000000 0
108336 0 3 0002D0 00000000 0
108337 0 3 0002D0 00000010 0
108338 0 3 0002D1 00000010 0
108339 0 3 0002D2 00000010 0
108340 0 3 0002D3 00000010 0
108341 0 3 0002D4 00000010 0
108342 0 3 0002D5 00000010 0
108343 0 3 0002D6 00000000 0
108344 0 3 0002D7 00000000 0
108346 0 1 0000D0 00000000 0
108362 4 3 0000D0 00000001 0
108363 4 3 0000D1 00000001 0
108364 4 3 0000D2 00000001 0
108365 4 3 0000D3 00000001 0
108366 4 3 0000D4 00000001 0
108367 4 3 0000D5 00000001 0
108368 4 3 0000D6 00000001 0
108369 4 3 0000D7 00000001 0
108800 0 2 0002D6 00000000 0
108816 4 3 0002D0 00000010 0
108817 4 3 0002D1 00000010 0
108818 4 3 0002D2 00000010 0
108819 4 3 0002D3 00000010 0
108820 4 3 0002D4 00000010 0
108821 4 3 0002D5 00000010 0
108822 4 3 0002D6 00000000 0
108823 4 3 0002D7 00000000 0
108837 0 3 0002D0 00000000 0
108838 0 3 0002D0 00000010 0
108839 0 3 0002D1 00000010 0
108840 0 3 0002D2 00000010 0
108841 0 3 0002D3 00000010 0
108842 0 3 0002D4 00000010 0
108843 0 3 0002D5 00000010 0
108844 0 3 0002D6 00000010 0
108845 0 3 0002D7 00000000 0
108847 0 1 0000D0 00000000 0
108863 4 3 0000D0 00000001 0
108864 4 3 0000D1 00000001 0
108865 4 3 0000D2 00000001 0
108866 4 3 0000D3 00000001 0
108867 4 3 0000D4 00000001 0
108868 4 3 0000D5 00000001 0
108869 4 3 0000D6 00000001 0
108870 4 3 0000D7 00000001 0
109301 0 2 0002D7 00000000 0
109317 4 3 0002D0 00000010 0
109318 4 3 0002D1 00000010 0
109319 4 3 0002D2 00000010 0
109320 4 3 0002D3 00000010 0
109321 4 3 0002D4 00000010 0
109322 4 3 0002D5 00000010 0
109323 4 3 0002D6 00000010 0
109324 4 3 0002D7 00000000 0
109338 0 3 0002D0 00000000 0
109339 0 3 0002D0 00000010 0
109340 0 3 0002D1 00000010 0
109341 0 3 0002D2 00000010 0
109342 0 3 0002D3 00000010 0
109343 0 3 0002D4 00000010 0
109344 0 3 0002D5 00000010 0
109345 0 3 0002D6 00000010 0
109346 0 3 0002D7 00000010 0
109348 0 1 0000D0 00000000 0
109364 4 3 0000D0 00000001 0
109365 4 3 0000D1 00000001 0
109366 4 3 0000D2 00000001 0
109367 4 3 0000D3 00000001 0
109368 4 3 0000D4 00000001 0
109369 4 3 0000D5 00000001 0
109370 4 3 0000D6 00000001 0
109371 4 3 0000D7 00000001 0
109802 0 2 0002D8 00000000 0
109818 4 3 0002D8 00000000 0
109819 4 3 0002D9 00000000 0
109820 4 3 0002DA 00000000 0
109821 4 3 0002DB 00000000 0
109822 4 3 0002DC 00000000 0
109823 4 3 0002DD 00000000 0
109824 4 3 0002DE 00000000 0
109825 4 3 0002DF 00000000 0
110055 0 3 0002D8 00000000 0
110056 0 3 0002D8 00000010 0
110057 0 3 0002D9 00000000 0
110058 0 3 0002DA 00000000 0
110059 0 3 0002DB 00000000 0
110060 0 3 0002DC 00000000 0
110061 0 3 0002DD 00000000 0
110062 0 3 0002DE 00000000 0
110063 0 3 0002DF 00000000 0
110065 0 1 0000D8 00000000 0
110081 4 3 0000D8 00000001 0
110082 4 3 0000D9 00000001 0
110083 4 3 0000DA 00000001 0
110084 4 3 0000DB 00000001 0
110085 4 3 0000DC 00000001 0
110086 4 3 0000DD 00000001 0
110087 4 3 0000DE 00000001 0
110088 4 3 0000DF 00000001 0
110303 0 2 0002D9 00000000 0
110319 4 3 0002D8 00000010 0
110320 4 3 0002D9 00000000 0
110321 4 3 0002DA 00000000 0
110322 4 3 0002DB 00000000 0
110323 4 3 0002DC 00000000 0
110324 4 3 0002DD 00000000 0
110325 4 3 0002DE 00000000 0
110326 4 3 0002DF 00000000 0
110556 0 3 0002D8 00000000 0
110557 0 3 0002D8 00000010 0
110558 0 3 0002D9 00000010 0
110559 0 3 0002DA 00000000 0
110560 0 3 0002DB 00000000 0
110561 0 3 0002DC 00000000 0
110562 0 3 0002DD 00000000 0
110563 0 3 0002DE 00000000 0
110564 0 3 0002DF 00000000 0
110566 0 1 0000D8 00000000 0
110582 4 3 0000D8 00000001 0
110583 4 3 0000D9 00000001 0
110584 4 3 0000DA 00000001 0
110585 4 3 0000DB 00000001 0
110586 4 3 0000DC 00000001 0
110587 4 3 0000DD 00000001 0
110588 4 3 0000DE 00000001 0
110589 4 3 0000DF 00000001 0
110804 0 2 0002DA 00000000 0
110820 4 3 0002D8 00000010 0
110821 4 3 0002D9 00000010 0
110822 4 3 0002DA 00000000 0
110823 4 3 0002DB 00000000 0
110824 4 3 0002DC 00000000 0
110825 4 3 0002DD 00000000 0
110826 4 3 0002DE 00000000 0
110827 4 3 0002DF 00000000 0
111057 0 3 0002D8 00000000 0
111058 0 3 0002D8 00000010 0
111059 0 3 0002D9 00000010 0
111060 0 3 0002DA 00000010 0
111061 0 3 0002DB 00000000 0
111062 0 3 0002DC 00000000 0
111063 0 3 0002DD 00000000 0
111064 0 3 0002DE 00000000 0
111065 0 3 0002DF 00000000 0
111067 0 1 0000D8 00000000 0
111083 4 3 0000D8 00000001 0
111084 4 3 0000D9 00000001 0
111085 4 3 0000DA 00000001 0
111086 4 3 0000DB 00000001 0
111087 4 3 0000DC 00000001 0
111088 4 3 0000DD 00000001 0
111089 4 3 0000DE 00000001 0
111090 4 3 0000DF 00000001 0
111305 0 2 0002DB 00000000 0
111321 4 3 0002D8 00000010 0
111322 4 3 0002D9 00000010 0
111323 4 3 0002DA 00000010 0
111324 4 3 0002DB 00000000 0
111325 4 3 0002DC 00000000 0
111326 4 3 0002DD 00000000 0
111327 4 3 0002DE 00000000 0
111328 4 3 0002DF 00000000 0
111558 0 3 0002D8 00000000 0
111559 0 3 0002D8 00000010 0
111560 0 3 0002D9 00000010 0
111561 0 3 0002DA 00000010 0
111562 0 3 0002DB 00000010 0
111563 0 3 0002DC 00000000 0
111564 0 3 0002DD 00000000 0
111565 0 3 0002DE 00000000 0
111566 0 3 0002DF 00000000 0
111568 0 1 0000D8 00000000 0
111584 4 3 0000D8 00000001 0
111585 4 3 0000D9 00000001 0
111586 4 3 0000DA 00000001 0
111587 4 3 0000DB 00000001 0
111588 4 3 0000DC 00000001 0
111589 4 3 0000DD 00000001 0
111590 4 3 0000DE 00000001 0
111591 4 3 0000DF 00000001 0
111806 0 2 0002DC 00000000 0
111822 4 3 0002D8 00000010 0
111823 4 3 0002D9 00000010 0
111824 4 3 0002DA 00000010 0
111825 4 3 0002DB 00000010 0
111826 4 3 0002DC 00000000 0
111827 4 3 0002DD 00000000 0
111828 4 3 0002DE 00000000 0
111829 4 3 0002DF 00000000 0
112059 0 3 0002D8 00000000 0
112060 0 3 0002D8 00000010 0
112061 0 3 0002D9 00000010 0
112062 0 3 0002DA 00000010 0
112063 0 3 0002DB 00000010 0
112064 0 3 0002DC 00000010 0
112065 0 3 0002DD 00000000 0
112066 0 3 0002DE 00000000 0
112067 0 3 0002DF 00000000 0
112069 0 1 0000D8 00000000 0
112085 4 3 0000D8 00000001 0
112086 4 3 0000D9 00000001 0
112087 4 3 0000DA 00000001 0
112088 4 3 0000DB 00000001 0
112089 4 3 0000DC 00000001 0
112090 4 3 0000DD 00000001 0
112091 4 3 0000DE 00000001 0
112092 4 3 0000DF 00000001 0
112307 0 2 0002DD 00000000 0
112323 4 3 0002D8 00000010 0
112324 4 3 0002D9 00000010 0
112325 4 3 0002DA 00000010 0
112326 4 3 0002DB 00000010 0
112327 4 3 0002DC 00000010 0
112328 4 3 0002DD 00000000 0
112329 4 3 0002DE 00000000 0
112330 4 3 0002DF 00000000 0
112560 0 3 0002D8 00000000 0
112561 0 3 0002D8 00000010 0
112562 0 3 0002D9 00000010 0
112563 0 3 0002DA 00000010 0
112564 0 3 0002DB 00000010 0
112565 0 3 0002DC 00000010 0
112566 0 3 0002DD 00000010 0
112567 0 3 0002DE 00000000 0
112568 0 3 0002DF 00000000 0
112570 0 1 0000D8 00000000 0
112586 4 3 0000D8 00000001 0
112587 4 3 0000D9 00000001 0
112588 4 3 0000DA 00000001 0
112589 4 3 0000DB 00000001 0
112590 4 3 0000DC 00000001 0
112591 4 3 0000DD 00000001 0
112592 4 3 0000DE 00000001 0
112593 4 3 0000DF 00000001 0
112808 0 2 0002DE 00000000 0
112824 4 3 0002D8 00000010 0
112825 4 3 0002D9 00000010 0
112826 4 3 0002DA 00000010 0
112827 4 3 0002DB 00000010 0
112828 4 3 0002DC 00000010 0
112829 4 3 0002DD 00000010 0
112830 4 3 0002DE 00000000 0
112831 4 3 0002DF 00000000 0
113061 0 3 0002D8 00000000 0
113062 0 3 0002D8 00000010 0
113063 0 3 0002D9 00000010 0
113064 0 3 0002DA 00000010 0
113065 0 3 0002DB 00000010 0
113066 0 3 0002DC 00000010 0
113067 0 3 0002DD 00000010 0
113068 0 3 0002DE 00000010 0
113069 0 3 0002DF 00000000 0
113071 0 1 0000D8 00000000 0
113087 4 3 0000D8 00000001 0
113088 4 3 0000D9 00000001 0
113089 4 3 0000DA 00000001 0
113090 4 3 0000DB 00000001 0
113091 4 3 0000DC 00000001 0
113092 4 3 0000DD 00000001 0
113093 4 3 0000DE 00000001 0
113094 4 3 0000DF 00000001 0
113309 0 2 0002DF 00000000 0
113325 4 3 0002D8 00000010 0
113326 4 3 0002D9 00000010 0
113327 4 3 0002DA 00000010 0
113328 4 3 0002DB 00000010 0
113329 4 3 0002DC 00000010 0
113330 4 3 0002DD 00000010 0
113331 4 3 0002DE 00000010 0
113332 4 3 0002DF 00000000 0
113353 0 1 0000E0 00000000 0
113369 4 3 0000E0 00000001 0
113370 4 3 0000E1 00000001 0
113371 4 3 0000E2 00000001 0
113372 4 3 0000E3 00000001 0
113373 4 3 0000E4 00000001 0
113374 4 3 0000E5 00000001 0
113375 4 3 0000E6 00000001 0
113376 4 3 0000E7 00000001 0
113594 0 1 0000E8 00000000 0
113610 4 3 0000E8 00000001 0
113611 4 3 0000E9 00000001 0
113612 4 3 0000EA 00000001 0
113613 4 3 0000EB 00000001 0
113614 4 3 0000EC 00000001 0
113615 4 3 0000ED 00000001 0
113616 4 3 0000EE 00000001 0
113617 4 3 0000EF 00000001 0
113832 0 2 0002E0 00000000 0
113848 4 3 0002E0 00000000 0
113849 4 3 0002E1 00000000 0
113850 4 3 0002E2 00000000 0
113851 4 3 0002E3 00000000 0
113852 4 3 0002E4 00000000 0
113853 4 3 0002E5 00000000 0
113854 4 3 0002E6 00000000 0
113855 4 3 0002E7 00000000 0
113869 0 3 0002E0 00000000 0
113870 0 3 0002E0 00000010 0
113871 0 3 0002E1 00000000 0
113872 0 3 0002E2 00000000 0
113873 0 3 0002E3 00000000 0
113874 0 3 0002E4 00000000 0
113875 0 3 0002E5 00000000 0
113876 0 3 0002E6 00000000 0
113877 0 3 0002E7 00000000 0
113879 0 1 0000E0 00000000 0
113895 4 3 0000E0 00000001 0
113896 4 3 0000E1 00000001 0
113897 4 3 0000E2 00000001 0
113898 4 3 0000E3 00000001 0
113899 4 3 0000E4 00000001 0
113900 4 3 0000E5 00000001 0
113901 4 3 0000E6 00000001 0
113902 4 3 0000E7 00000001 0
114333 0 2 0002E1 00000000 0
114349 4 3 0002E0 00000010 0
114350 4 3 0002E1 00000000 0
114351 4 3 0002E2 00000000 0
114352 4 3 0002E3 00000000 0
114353 4 3 0002E4 00000000 0
114354 4 3 0002E5 00000000 0
114355 4 3 0002E6 00000000 0
114356 4 3 0002E7 00000000 0
114370 0 3 0002E0 00000000 0
114371 0 3 0002E0 00000010 0
114372 0 3 0002E1 00000010 0
114373 0 3 0002E2 00000000 0
114374 0 3 0002E3 00000000 0
114375 0 3 0002E4 00000000 0
114376 0 3 0002E5 00000000 0
114377 0 3 0002E6 00000000 0
114378 0 3 0002E7 00000000 0
114380 0 1 0000E0 00000000 0
114396 4 3 0000E0 00000001 0
114397 4 3 0000E1 00000001 0
114398 4 3 0000E2 00000001 0
114399 4 3 0000E3 00000001 0
114400 4 3 0000E4 00000001 0
114401 4 3 0000E5 00000001 0
114402 4 3 0000E6 00000001 0
114403 4 3 0000E7 00000001 0
114834 0 2 0002E2 00000000 0
114850 4 3 0002E0 00000010 0
114851 4 3 0002E1 00000010 0
114852 4 3 0002E2 00000000 0
114853 4 3 0002E3 00000000 0
114854 4 3 0002E4 00000000 0
114855 4 3 0002E5 00000000 0
114856 4 3 0002E6 00000000 0
114857 4 3 0002E7 00000000 0
114871 0 3 0002E0 00000000 0
114872 0 3 0002E0 00000010 0
114873 0 3 0002E1 00000010 0
114874 0 3 0002E2 00000010 0
114875 0 3 0002E3 00000000 0
114876 0 3 0002E4 00000000 0
114877 0 3 0002E5 00000000 0
114878 0 3 0002E6 00000000 0
114879 0 3 0002E7 00000000 0
114881 0 1 0000E0 00000000 0
114897 4 3 0000E0 00000001 0
114898 4 3 0000E1 00000001 0
114899 4 3 0000E2 00000001 0
114900 4 3 0000E3 00000001 0
114901 4 3 0000E4 00000001 0
114902 4 3 0000E5 00000001 0
114903 4 3 0000E6 00000001 0
114904 4 3 0000E7 00000001 0
115335 0 2 0002E3 00000000 0
115351 4 3 0002E0 00000010 0
115352 4 3 0002E1 00000010 0
115353 4 3 0002E2 00000010 0
115354 4 3 0002E3 00000000 0
115355 4 3 0002E4 00000000 0
115356 4 3 0002E5 00000000 0
115357 4 3 0002E6 00000000 0
115358 4 3 0002E7 00000000 0
115372 0 3 0002E0 00000000 0
115373 0 3 0002E0 00000010 0
115374 0 3 0002E1 00000010 0
115375 0 3 0002E2 00000010 0
115376 0 3 0002E3 00000010 0
115377 0 3 0002E4 00000000 0
115378 0 3 0002E5 00000000 0
115379 0 3 0002E6 00000000 0
115380 0 3 0002E7 00000000 0
115382 0 1 0000E0 00000000 0
115398 4 3 0000E0 00000001 0
115399 4 3 0000E1 00000001 0
115400 4 3 0000E2 00000001 0
115401 4 3 0000E3 00000001 0
115402 4 3 0000E4 00000001 0
115403 4 3 0000E5 00000001 0
115404 4 3 0000E6 00000001 0
115405 4 3 0000E7 00000001 0
115836 0 2 0002E4 00000000 0
115852 4 3 0002E0 00000010 0
115853 4 3 0002E1 00000010 0
115854 4 3 0002E2 00000010 0
115855 4 3 0002E3 00000010 0
115856 4 3 0002E4 00000000 0
115857 4 3 0002E5 00000000 0
115858 4 3 0002E6 00000000 0
115859 4 3 0002E7 00000000 0
115873 0 3 0002E0 00000000 0
115874 0 3 0002E0 00000010 0
115875 0 3 0002E1 00000010 0
115876 0 3 0002E2 00000010 0
115877 0 3 0002E3 00000010 0
115878 0 3 0002E4 00000010 0
115879 0 3 0002E5 00000000 0
115880 0 3 0002E6 00000000 0
115881 0 3 0002E7 00000000 0
115883 0 1 0000E0 00000000 0
115899 4 3 0000E0 00000001 0
115900 4 3 0000E1 00000001 0
115901 4 3 0000E2 00000001 0
115902 4 3 0000E3 00000001 0
115903 4 3 0000E4 00000001 0
115904 4 3 0000E5 00000001 0
115905 4 3 0000E6 00000001 0
115906 4 3 0000E7 00000001 0
116337 0 2 0002E5 00000000 0
116353 4 3 0002E0 00000010 0
116354 4 3 0002E1 00000010 0
116355 4 3 0002E2 00000010 0
116356 4 3 0002E3 00000010 0
116357 4 3 0002E4 00000010 0
116358 4 3 0002E5 00000000 0
116359 4 3 0002E6 00000000 0
116360 4 3 0002E7 00000000 0
116374 0 3 0002E0 00000000 0
116375 0 3 0002E0 00000010 0
116376 0 3 0002E1 00000010 0
116377 0 3 0002E2 00000010 0
116378 0 3 0002E3 00000010 0
116379 0 3 0002E4 00000010 0
116380 0 3 0002E5 00000010 0
116381 0 3 0002E6 00000000 0
116382 0 3 0002E7 00000000 0
116384 0 1 0000E0 00000000 0
116400 4 3 0000E0 00000001 0
116401 4 3 0000E1 00000001 0
116402 4 3 0000E2 00000001 0
116403 4 3 0000E3 00000001 0
116404 4 3 0000E4 00000001 0
116405 4 3 0000E5 00000001 0
116406 4 3 0000E6 00000001 0
116407 4 3 0000E7 00000001 0
116838 0 2 0002E6 00000000 0
116854 4 3 0002E0 00000010 0
116855 4 3 0002E1 00000010 0
116856 4 3 0002E2 00000010 0
116857 4 3 0002E3 00000010 0
116858 4 3 0002E4 00000010 0
116859 4 3 0002E5 00000010 0
116860 4 3 0002E6 00000000 0
116861 4 3 0002E7 00000000 0
116875 0 3 0002E0 00000000 0
116876 0 3 0002E0 00000010 0
116877 0 3 0002E1 00000010 0
116878 0 3 0002E2 00000010 0
116879 0 3 0002E3 00000010 0
116880 0 3 0002E4 00000010 0
116881 0 3 0002E5 00000010 0
116882 0 3 0002E6 00000010 0
116883 0 3 0002E7 00000000 0
116885 0 1 0000E0 00000000 0
116901 4 3 0000E0 00000001 0
116902 4 3 0000E1 00000001 0
116903 4 3 0000E2 00000001 0
116904 4 3 0000E3 00000001 0
116905 4 3 0000E4 00000001 0
116906 4 3 0000E5 00000001 0
116907 4 3 0000E6 00000001 0
116908 4 3 0000E7 00000001 0
117339 0 2 0002E7 00000000 0
117355 4 3 0002E0 00000010 0
117356 4 3 0002E1 00000010 0
117357 4 3 0002E2 00000010 0
117358 4 3 0002E3 00000010 0
117359 4 3 0002E4 00000010 0
117360 4 3 0002E5 00000010 0
117361 4 3 0002E6 00000010 0
117362 4 3 0002E7 00000000 0
117376 0 3 0002E0 00000000 0
117377 0 3 0002E0 00000010 0
117378 0 3 0002E1 00000010 0
117379 0 3 0002E2 00000010 0
117380 0 3 0002E3 00000010 0
117381 0 3 0002E4 00000010 0
117382 0 3 0002E5 00000010 0
117383 0 3 0002E6 00000010 0
117384 0 3 0002E7 00000010 0
117386 0 1 0000E0 00000000 0
117402 4 3 0000E0 00000001 0
117403 4 3 0000E1 00000001 0
117404 4 3 0000E2 00000001 0
117405 4 3 0000E3 00000001 0
117406 4 3 0000E4 00000001 0
117407 4 3 0000E5 00000001 0
117408 4 3 0000E6 00000001 0
117409 4 3 0000E7 00000001 0
117840 0 2 0002E8 00000000 0
117856 4 3 0002E8 00000000 0
117857 4 3 0002E9 00000000 0
117858 4 3 0002EA 00000000 0
117859 4 3 0002EB 00000000 0
117860 4 3 0002EC 00000000 0
117861 4 3 0002ED 00000000 0
117862 4 3 0002EE 00000000 0
117863 4 3 0002EF 00000000 0
118093 0 3 0002E8 00000000 0
118094 0 3 0002E8 00000010 0
118095 0 3 0002E9 00000000 0
118096 0 3 0002EA 00000000 0
118097 0 3 0002EB 00000000 0
118098 0 3 0002EC 00000000 0
118099 0 3 0002ED 00000000 0
118100 0 3 0002EE 00000000 0
118101 0 3 0002EF 00000000 0
118103 0 1 0000E8 00000000 0
118119 4 3 0000E8 00000001 0
118120 4 3 0000E9 00000001 0
118121 4 3 0000EA 00000001 0
118122 4 3 0000EB 00000001 0
118123 4 3 0000EC 00000001 0
118124 4 3 0000ED 00000001 0
118125 4 3 0000EE 00000001 0
118126 4 3 0000EF 00000001 0
118341 0 2 0002E9 00000000 0
118357 4 3 0002E8 00000010 0
118358 4 3 0002E9 00000000 0
118359 4 3 0002EA 00000000 0
118360 4 3 0002EB 00000000 0
118361 4 3 0002EC 00000000 0
118362 4 3 0002ED 00000000 0
118363 4 3 0002EE 00000000 0
118364 4 3 0002EF 00000000 0
118594 0 3 0002E8 00000000 0
118595 0 3 0002E8 00000010 0
118596 0 3 0002E9 00000010 0
118597 0 3 0002EA 00000000 0
118598 0 3 0002EB 00000000 0
118599 0 3 0002EC 00000000 0
118600 0 3 0002ED 00000000 0
118601 0 3 0002EE 00000000 0
118602 0 3 0002EF 00000000 0
118604 0 1 0000E8 00000000 0
118620 4 3 0000E8 00000001 0
118621 4 3 0000E9 00000001 0
118622 4 3 0000EA 00000001 0
118623 4 3 0000EB 00000001 0
118624 4 3 0000EC 00000001 0
118625 4 3 0000ED 00000001 0
118626 4 3 0000EE 00000001 0
118627 4 3 0000EF 00000001 0
118842 0 2 0002EA 00000000 0
118858 4 3 0002E8 00000010 0
118859 4 3 0002E9 00000010 0
118860 4 3 0002EA 00000000 0
118861 4 3 0002EB 00000000 0
118862 4 3 0002EC 00000000 0
118863 4 3 0002ED 00000000 0
118864 4 3 0002EE 00000000 0
118865 4 3 0002EF 00000000 0
119095 0 3 0002E8 00000000 0
119096 0 3 0002E8 00000010 0
119097 0 3 0002E9 00000010 0
119098 0 3 0002EA 00000010 0
119099 0 3 0002EB 00000000 0
119100 0 3 0002EC 00000000 0
119101 0 3 0002ED 00000000 0
119102 0 3 0002EE 00000000 0
119103 0 3 0002EF 00000000 0
119105 0 1 0000E8 00000000 0
119121 4 3 0000E8 00000001 0
119122 4 3 0000E9 00000001 0
119123 4 3 0000EA 00000001 0
119124 4 3 0000EB 00000001 0
119125 4 3 0000EC 00000001 0
119126 4 3 0000ED 00000001 0
119127 4 3 0000EE 00000001 0
119128 4 3 0000EF 00000001 0
119343 0 2 0002EB 00000000 0
119359 4 3 0002E8 00000010 0
119360 4 3 0002E9 00000010 0
119361 4 3 0002EA 00000010 0
119362 4 3 0002EB 00000000 0
119363 4 3 0002EC 00000000 0
119364 4 3 0002ED 00000000 0
119365 4 3 0002EE 00000000 0
119366 4 3 0002EF 00000000 0
119596 0 3 0002E8 00000000 0
119597 0 3 0002E8 00000010 0
119598 0 3 0002E9 00000010 0
119599 0 3 0002EA 00000010 0
119600 0 3 0002EB 00000010 0
119601 0 3 0002EC 00000000 0
119602 0 3 0002ED 00000000 0
119603 0 3 0002EE 00000000 0
119604 0 3 0002EF 00000000 0
119606 0 1 0000E8 00000000 0
119622 4 3 0000E8 00000001 0
119623 4 3 0000E9 00000001 0
119624 4 3 0000EA 00000001 0
119625 4 3 0000EB 00000001 0
119626 4 3 0000EC 00000001 0
119627 4 3 0000ED 00000001 0
119628 4 3 0000EE 00000001 0
119629 4 3 0000EF 00000001 0
119844 0 2 0002EC 00000000 0
119860 4 3 0002E8 00000010 0
119861 4 3 0002E9 00000010 0
119862 4 3 0002EA 00000010 0
119863 4 3 0002EB 00000010 0
119864 4 3 0002EC 00000000 0
119865 4 3 0002ED 00000000 0
119866 4 3 0002EE 00000000 0
119867 4 3 0002EF 00000000 0
120097 0 3 0002E8 00000000 0
120098 0 3 0002E8 00000010 0
120099 0 3 0002E9 00000010 0
120100 0 3 0002EA 00000010 0
120101 0 3 0002EB 00000010 0
120102 0 3 0002EC 00000010 0
120103 0 3 0002ED 00000000 0
120104 0 3 0002EE 00000000 0
120105 0 3 0002EF 00000000 0
120107 0 1 0000E8 00000000 0
120123 4 3 0000E8 00000001 0
120124 4 3 0000E9 00000001 0
120125 4 3 0000EA 00000001 0
120126 4 3 0000EB 00000001 0
120127 4 3 0000EC 00000001 0
120128 4 3 0000ED 00000001 0
120129 4 3 0000EE 00000001 0
120130 4 3 0000EF 00000001 0
120345 0 2 0002ED 00000000 0
120361 4 3 0002E8 00000010 0
120362 4 3 0002E9 00000010 0
120363 4 3 0002EA 00000010 0
120364 4 3 0002EB 00000010 0
120365 4 3 0002EC 00000010 0
120366 4 3 0002ED 00000000 0
120367 4 3 0002EE 00000000 0
120368 4 3 0002EF 00000000 0
120598 0 3 0002E8 00000000 0
120599 0 3 0002E8 00000010 0
120600 0 3 0002E9 00000010 0
120601 0 3 0002EA 00000010 0
120602 0 3 0002EB 00000010 0
120603 0 3 0002EC 00000010 0
120604 0 3 0002ED 00000010 0
120605 0 3 0002EE 00000000 0
120606 0 3 0002EF 00000000 0
120608 0 1 0000E8 00000000 0
120624 4 3 0000E8 00000001 0
120625 4 3 0000E9 00000001 0
120626 4 3 0000EA 00000001 0
120627 4 3 0000EB 00000001 0
120628 4 3 0000EC 00000001 0
120629 4 3 0000ED 00000001 0
120630 4 3 0000EE 00000001 0
120631 4 3 0000EF 00000001 0
120846 0 2 0002EE 00000000 0
120862 4 3 0002E8 00000010 0
120863 4 3 0002E9 00000010 0
120864 4 3 0002EA 00000010 0
120865 4 3 0002EB 00000010 0
120866 4 3 0002EC 00000010 0
120867 4 3 0002ED 00000010 0
120868 4 3 0002EE 00000000 0
120869 4 3 0002EF 00000000 0
121099 0 3 0002E8 00000000 0
121100 0 3 0002E8 00000010 0
121101 0 3 0002E9 00000010 0
121102 0 3 0002EA 00000010 0
121103 0 3 0002EB 00000010 0
121104 0 3 0002EC 00000010 0
121105 0 3 0002ED 00000010 0
121106 0 3 0002EE 00000010 0
121107 0 3 0002EF 00000000 0
121109 0 1 0000E8 00000000 0
121125 4 3 0000E8 00000001 0
121126 4 3 0000E9 00000001 0
121127 4 3 0000EA 00000001 0
121128 4 3 0000EB 00000001 0
121129 4 3 0000EC 00000001 0
121130 4 3 0000ED 00000001 0
121131 4 3 0000EE 00000001 0
121132 4 3 0000EF 00000001 0
121347 0 2 0002EF 00000000 0
121363 4 3 0002E8 00000010 0
121364 4 3 0002E9 00000010 0
121365 4 3 0002EA 00000010 0
121366 4 3 0002EB 00000010 0
121367 4 3 0002EC 00000010 0
121368 4 3 0002ED 00000010 0
121369 4 3 0002EE 00000010 0
121370 4 3 0002EF 00000000 0
121391 0 1 0000F0 00000000 0
121407 4 3 0000F0 00000001 0
121408 4 3 0000F1 00000001 0
121409 4 3 0000F2 00000001 0
121410 4 3 0000F3 00000001 0
121411 4 3 0000F4 00000001 0
121412 4 3 0000F5 00000001 0
121413 4 3 0000F6 00000001 0
121414 4 3 0000F7 00000001 0
121632 0 1 0000F8 00000000 0
121648 4 3 0000F8 00000001 0
121649 4 3 0000F9 00000001 0
121650 4 3 0000FA 00000001 0
121651 4 3 0000FB 00000001 0
121652 4 3 0000FC 00000001 0
121653 4 3 0000FD 00000001 0
121654 4 3 0000FE 00000001 0
121655 4 3 0000FF 00000001 0
121870 0 2 0002F0 00000000 0
121886 4 3 0002F0 00000000 0
121887 4 3 0002F1 00000000 0
121888 4 3 0002F2 00000000 0
121889 4 3 0002F3 00000000 0
121890 4 3 0002F4 00000000 0
121891 4 3 0002F5 00000000 0
121892 4 3 0002F6 00000000 0
121893 4 3 0002F7 00000000 0
121907 0 3 0002F0 00000000 0
121908 0 3 0002F0 00000010 0
121909 0 3 0002F1 00000000 0
121910 0 3 0002F2 00000000 0
121911 0 3 0002F3 00000000 0
121912 0 3 0002F4 00000000 0
121913 0 3 0002F5 00000000 0
121914 0 3 0002F6 00000000 0
121915 0 3 0002F7 00000000 0
121917 0 1 0000F0 00000000 0
121933 4 3 0000F0 00000001 0
121934 4 3 0000F1 00000001 0
121935 4 3 0000F2 00000001 0
121936 4 3 0000F3 00000001 0
121937 4 3 0000F4 00000001 0
121938 4 3 0000F5 00000001 0
121939 4 3 0000F6 00000001 0
121940 4 3 0000F7 00000001 0
122371 0 2 0002F1 00000000 0
122387 4 3 0002F0 00000010 0
122388 4 3 0002F1 00000000 0
122389 4 3 0002F2 00000000 0
122390 4 3 0002F3 00000000 0
122391 4 3 0002F4 00000000 0
122392 4 3 0002F5 00000000 0
122393 4 3 0002F6 00000000 0
122394 4 3 0002F7 00000000 0
122408 0 3 0002F0 00000000 0
122409 0 3 0002F0 00000010 0
122410 0 3 0002F1 00000010 0
122411 0 3 0002F2 00000000 0
122412 0 3 0002F3 00000000 0
122413 0 3 0002F4 00000000 0
122414 0 3 0002F5 00000000 0
122415 0 3 0002F6 00000000 0
122416 0 3 0002F7 00000000 0
122418 0 1 0000F0 00000000 0
122434 4 3 0000F0 00000001 0
122435 4 3 0000F1 00000001 0
122436 4 3 0000F2 00000001 0
122437 4 3 0000F3 00000001 0
122438 4 3 0000F4 00000001 0
122439 4 3 0000F5 00000001 0
122440 4 3 0000F6 00000001 0
122441 4 3 0000F7 00000001 0
122872 0 2 0002F2 00000000 0
122888 4 3 0002F0 00000010 0
122889 4 3 0002F1 00000010 0
122890 4 3 0002F2 00000000 0
122891 4 3 0002F3 00000000 0
122892 4 3 0002F4 00000000 0
122893 4 3 0002F5 00000000 0
122894 4 3 0002F6 00000000 0
122895 4 3 0002F7 00000000 0
122909 0 3 0002F0 00000000 0
122910 0 3 0002F0 00000010 0
122911 0 3 0002F1 00000010 0
122912 0 3 0002F2 00000010 0
122913 0 3 0002F3 00000000 0
122914 0 3 0002F4 00000000 0
122915 0 3 0002F5 00000000 0
122916 0 3 0002F6 00000000 0
122917 0 3 0002F7 00000000 0
122919 0 1 0000F0 00000000 0
122935 4 3 0000F0 00000001 0
122936 4 3 0000F1 00000001 0
122937 4 3 0000F2 00000001 0
122938 4 3 0000F3 00000001 0
122939 4 3 0000F4 00000001 0
122940 4 3 0000F5 00000001 0
122941 4 3 0000F6 00000001 0
122942 4 3 0000F7 00000001 0
123373 0 2 0002F3 00000000 0
123389 4 3 0002F0 00000010 0
123390 4 3 0002F1 00000010 0
123391 4 3 0002F2 00000010 0
123392 4 3 0002F3 00000000 0
123393 4 3 0002F4 00000000 0
123394 4 3 0002F5 00000000 0
123395 4 3 0002F6 00000000 0
123396 4 3 0002F7 00000000 0
123410 0 3 0002F0 00000000 0
123411 0 3 0002F0 00000010 0
123412 0 3 0002F1 00000010 0
123413 0 3 0002F2 00000010 0
123414 0 3 0002F3 00000010 0
123415 0 3 0002F4 00000000 0
123416 0 3 0002F5 00000000 0
123417 0 3 0002F6 00000000 0
123418 0 3 0002F7 00000000 0
123420 0 1 0000F0 00000000 0
123436 4 3 0000F0 00000001 0
123437 4 3 0000F1 00000001 0
123438 4 3 0000F2 00000001 0
123439 4 3 0000F3 00000001 0
123440 4 3 0000F4 00000001 0
123441 4 3 0000F5 00000001 0
123442 4 3 0000F6 00000001 0
123443 4 3 0000F7 00000001 0
123874 0 2 0002F4 00000000 0
123890 4 3 0002F0 00000010 0
123891 4 3 0002F1 00000010 0
123892 4 3 0002F2 00000010 0
123893 4 3 0002F3 00000010 0
123894 4 3 0002F4 00000000 0
123895 4 3 0002F5 00000000 0
123896 4 3 0002F6 00000000 0
123897 4 3 0002F7 00000000 0
123911 0 3 0002F0 00000000 0
123912 0 3 0002F0 00000010 0
123913 0 3 0002F1 00000010 0
123914 0 3 0002F2 00000010 0
123915 0 3 0002F3 00000010 0
123916 0 3 0002F4 00000010 0
123917 0 3 0002F5 00000000 0
123918 0 3 0002F6 00000000 0
123919 0 3 0002F7 00000000 0
123921 0 1 0000F0 00000000 0
123937 4 3 0000F0 00000001 0
123938 4 3 0000F1 00000001 0
123939 4 3 0000F2 00000001 0
123940 4 3 0000F3 00000001 0
123941 4 3 0000F4 00000001 0
123942 4 3 0000F5 00000001 0
123943 4 3 0000F6 00000001 0
123944 4 3 0000F7 00000001 0
124375 0 2 0002F5 00000000 0
124391 4 3 0002F0 00000010 0
124392 4 3 0002F1 00000010 0
124393 4 3 0002F2 00000010 0
124394 4 3 0002F3 00000010 0
124395 4 3 0002F4 00000010 0
124396 4 3 0002F5 00000000 0
124397 4 3 0002F6 00000000 0
124398 4 3 0002F7 00000000 0
124412 0 3 0002F0 00000000 0
124413 0 3 0002F0 00000010 0
124414 0 3 0002F1 00000010 0
124415 0 3 0002F2 00000010 0
124416 0 3 0002F3 00000010 0
124417 0 3 0002F4 00000010 0
124418 0 3 0002F5 00000010 0
124419 0 3 0002F6 00000000 0
124420 0 3 0002F7 00000000 0
124422 0 1 0000F0 00000000 0
124438 4 3 0000F0 00000001 0
124439 4 3 0000F1 00000001 0
124440 4 3 0000F2 00000001 0
124441 4 3 0000F3 00000001 0
124442 4 3 0000F4 00000001 0
124443 4 3 0000F5 00000001 0
124444 4 3 0000F6 00000001 0
124445 4 3 0000F7 00000001 0
124876 0 2 0002F6 00000000 0
124892 4 3 0002F0 00000010 0
124893 4 3 0002F1 00000010 0
124894 4 3 0002F2 00000010 0
124895 4 3 0002F3 00000010 0
124896 4 3 0002F4 00000010 0
124897 4 3 0002F5 00000010 0
124898 4 3 0002F6 00000000 0
124899 4 3 0002F7 00000000 0
124913 0 3 0002F0 00000000 0
124914 0 3 0002F0 00000010 0
124915 0 3 0002F1 00000010 0
124916 0 3 0002F2 00000010 0
124917 0 3 0002F3 00000010 0
124918 0 3 0002F4 00000010 0
124919 0 3 0002F5 00000010 0
124920 0 3 0002F6 00000010 0
124921 0 3 0002F7 00000000 0
124923 0 1 0000F0 00000000 0
124939 4 3 0000F0 00000001 0
124940 4 3 0000F1 00000001 0
124941 4 3 0000F2 00000001 0
124942 4 3 0000F3 00000001 0
124943 4 3 0000F4 00000001 0
124944 4 3 0000F5 00000001 0
124945 4 3 0000F6 00000001 0
124946 4 3 0000F7 00000001 0
125377 0 2 0002F7 00000000 0
125393 4 3 0002F0 00000010 0
125394 4 3 0002F1 00000010 0
125395 4 3 0002F2 00000010 0
125396 4 3 0002F3 00000010 0
125397 4 3 0002F4 00000010 0
125398 4 3 0002F5 00000010 0
125399 4 3 0002F6 00000010 0
125400 4 3 0002F7 00000000 0
125414 0 3 0002F0 00000000 0
125415 0 3 0002F0 00000010 0
125416 0 3 0002F1 00000010 0
125417 0 3 0002F2 00000010 0
125418 0 3 0002F3 00000010 0
125419 0 3 0002F4 00000010 0
125420 0 3 0002F5 00000010 0
125421 0 3 0002F6 00000010 0
125422 0 3 0002F7 00000010 0
125424 0 1 0000F0 00000000 0
125440 4 3 0000F0 00000001 0
125441 4 3 0000F1 00000001 0
125442 4 3 0000F2 00000001 0
125443 4 3 0000F3 00000001 0
125444 4 3 0000F4 00000001 0
125445 4 3 0000F5 00000001 0
125446 4 3 0000F6 00000001 0
125447 4 3 0000F7 00000001 0
125878 0 2 0002F8 00000000 0
125894 4 3 0002F8 00000000 0
125895 4 3 0002F9 00000000 0
125896 4 3 0002FA 00000000 0
125897 4 3 0002FB 00000000 0
125898 4 3 0002FC 00000000 0
125899 4 3 0002FD 00000000 0
125900 4 3 0002FE 00000000 0
125901 4 3 0002FF 00000000 0
126131 0 3 0002F8 00000000 0
126132 0 3 0002F8 00000010 0
126133 0 3 0002F9 00000000 0
126134 0 3 0002FA 00000000 0
126135 0 3 0002FB 00000000 0
126136 0 3 0002FC 00000000 0
126137 0 3 0002FD 00000000 0
126138 0 3 0002FE 00000000 0
126139 0 3 0002FF 00000000 0
126141 0 1 0000F8 00000000 0
126157 4 3 0000F8 00000001 0
126158 4 3 0000F9 00000001 0
126159 4 3 0000FA 00000001 0
126160 4 3 0000FB 00000001 0
126161 4 3 0000FC 00000001 0
126162 4 3 0000FD 00000001 0
126163 4 3 0000FE 00000001 0
126164 4 3 0000FF 00000001 0
126379 0 2 0002F9 00000000 0
126395 4 3 0002F8 00000010 0
126396 4 3 0002F9 00000000 0
126397 4 3 0002FA 00000000 0
126398 4 3 0002FB 00000000 0
126399 4 3 0002FC 00000000 0
126400 4 3 0002FD 00000000 0
126401 4 3 0002FE 00000000 0
126402 4 3 0002FF 00000000 0
126632 0 3 0002F8 00000000 0
126633 0 3 0002F8 00000010 0
126634 0 3 0002F9 00000010 0
126635 0 3 0002FA 00000000 0
126636 0 3 0002FB 00000000 0
126637 0 3 0002FC 00000000 0
126638 0 3 0002FD 00000000 0
126639 0 3 0002FE 00000000 0
126640 0 3 0002FF 00000000 0
126642 0 1 0000F8 00000000 0
126658 4 3 0000F8 00000001 0
126659 4 3 0000F9 00000001 0
126660 4 3 0000FA 00000001 0
126661 4 3 0000FB 00000001 0
126662 4 3 0000FC 00000001 0
126663 4 3 0000FD 00000001 0
126664 4 3 0000FE 00000001 0
126665 4 3 0000FF 00000001 0
126880 0 2 0002FA 00000000 0
126896 4 3 0002F8 00000010 0
126897 4 3 0002F9 00000010 0
126898 4 3 0002FA 00000000 0
126899 4 3 0002FB 00000000 0
126900 4 3 0002FC 00000000 0
126901 4 3 0002FD 00000000 0
126902 4 3 0002FE 00000000 0
126903 4 3 0002FF 00000000 0
127133 0 3 0002F8 00000000 0
127134 0 3 0002F8 00000010 0
127135 0 3 0002F9 00000010 0
127136 0 3 0002FA 00000010 0
127137 0 3 0002FB 00000000 0
127138 0 3 0002FC 00000000 0
127139 0 3 0002FD 00000000 0
127140 0 3 0002FE 00000000 0
127141 0 3 0002FF 00000000 0
127143 0 1 0000F8 00000000 0
127159 4 3 0000F8 00000001 0
127160 4 3 0000F9 00000001 0
127161 4 3 0000FA 00000001 0
127162 4 3 0000FB 00000001 0
127163 4 3 0000FC 00000001 0
127164 4 3 0000FD 00000001 0
127165 4 3 0000FE 00000001 0
127166 4 3 0000FF 00000001 0
127381 0 2 0002FB 00000000 0
127397 4 3 0002F8 00000010 0
127398 4 3 0002F9 00000010 0
127399 4 3 0002FA 00000010 0
127400 4 3 0002FB 00000000 0
127401 4 3 0002FC 00000000 0
127402 4 3 0002FD 00000000 0
127403 4 3 0002FE 00000000 0
127404 4 3 0002FF 00000000 0
127634 0 3 0002F8 00000000 0
127635 0 3 0002F8 00000010 0
127636 0 3 0002F9 00000010 0
127637 0 3 0002FA 00000010 0
127638 0 3 0002FB 00000010 0
127639 0 3 0002FC 00000000 0
127640 0 3 0002FD 00000000 0
127641 0 3 0002FE 00000000 0
127642 0 3 0002FF 00000000 0
127644 0 1 0000F8 00000000 0
127660 4 3 0000F8 00000001 0
127661 4 3 0000F9 00000001 0
127662 4 3 0000FA 00000001 0
127663 4 3 0000FB 00000001 0
127664 4 3 0000FC 00000001 0
127665 4 3 0000FD 00000001 0
127666 4 3 0000FE 00000001 0
127667 4 3 0000FF 00000001 0
127882 0 2 0002FC 00000000 0
127898 4 3 0002F8 00000010 0
127899 4 3 0002F9 00000010 0
127900 4 3 0002FA 00000010 0
127901 4 3 0002FB 00000010 0
127902 4 3 0002FC 00000000 0
127903 4 3 0002FD 00000000 0
127904 4 3 0002FE 00000000 0
127905 4 3 0002FF 00000000 0
128135 0 3 0002F8 00000000 0
128136 0 3 0002F8 00000010 0
128137 0 3 0002F9 00000010 0
128138 0 3 0002FA 00000010 0
128139 0 3 0002FB 00000010 0
128140 0 3 0002FC 00000010 0
128141 0 3 0002FD 00000000 0
128142 0 3 0002FE 00000000 0
128143 0 3 0002FF 00000000 0
128145 0 1 0000F8 00000000 0
128161 4 3 0000F8 00000001 0
128162 4 3 0000F9 00000001 0
128163 4 3 0000FA 00000001 0
128164 4 3 0000FB 00000001 0
128165 4 3 0000FC 00000001 0
128166 4 3 0000FD 00000001 0
128167 4 3 0000FE 00000001 0
128168 4 3 0000FF 00000001 0
128383 0 2 0002FD 00000000 0
128399 4 3 0002F8 00000010 0
128400 4 3 0002F9 00000010 0
128401 4 3 0002FA 00000010 0
128402 4 3 0002FB 00000010 0
128403 4 3 0002FC 00000010 0
128404 4 3 0002FD 00000000 0
128405 4 3 0002FE 00000000 0
128406 4 3 0002FF 00000000 0
128636 0 3 0002F8 00000000 0
128637 0 3 0002F8 00000010 0
128638 0 3 0002F9 00000010 0
128639 0 3 0002FA 00000010 0
128640 0 3 0002FB 00000010 0
128641 0 3 0002FC 00000010 0
128642 0 3 0002FD 00000010 0
128643 0 3 0002FE 00000000 0
128644 0 3 0002FF 00000000 0
128646 0 1 0000F8 00000000 0
128662 4 3 0000F8 00000001 0
128663 4 3 0000F9 00000001 0
128664 4 3 0000FA 00000001 0
128665 4 3 0000FB 00000001 0
128666 4 3 0000FC 00000001 0
128667 4 3 0000FD 00000001 0
128668 4 3 0000FE 00000001 0
128669 4 3 0000FF 00000001 0
128884 0 2 0002FE 00000000 0
128900 4 3 0002F8 00000010 0
128901 4 3 0002F9 00000010 0
128902 4 3 0002FA 00000010 0
128903 4 3 0002FB 00000010 0
128904 4 3 0002FC 00000010 0
128905 4 3 0002FD 00000010 0
128906 4 3 0002FE 00000000 0
128907 4 3 0002FF 00000000 0
129137 0 3 0002F8 00000000 0
129138 0 3 0002F8 00000010 0
129139 0 3 0002F9 00000010 0
129140 0 3 0002FA 00000010 0
129141 0 3 0002FB 00000010 0
129142 0 3 0002FC 00000010 0
129143 0 3 0002FD 00000010 0
129144 0 3 0002FE 00000010 0
129145 0 3 0002FF 00000000 0
129147 0 1 0000F8 00000000 0
129163 4 3 0000F8 00000001 0
129164 4 3 0000F9 00000001 0
129165 4 3 0000FA 00000001 0
129166 4 3 0000FB 00000001 0
129167 4 3 0000FC 00000001 0
129168 4 3 0000FD 00000001 0
129169 4 3 0000FE 00000001 0
129170 4 3 0000FF 00000001 0
129385 0 2 0002FF 00000000 0
129401 4 3 0002F8 00000010 0
129402 4 3 0002F9 00000010 0
129403 4 3 0002FA 00000010 0
129404 4 3 0002FB 00000010 0
129405 4 3 0002FC 00000010 0
129406 4 3 0002FD 00000010 0
129407 4 3 0002FE 00000010 0
129408 4 3 0002FF 00000000 0
