16 0 1 000000 00000000 0
32 4 3 000000 74CDDC5D 0
33 4 3 000001 2851B04D 0
34 4 3 000002 9B39F6BF 0
35 4 3 000003 537CF14F 0
36 4 3 000004 2843773F 0
37 4 3 000005 7206A222 0
38 4 3 000006 47266DA1 0
39 4 3 000007 B7E68EA6 0
41 1 1 000040 00000000 0
57 4 3 000040 1C20E252 0
58 4 3 000041 42DE3209 0
59 4 3 000042 F260D0FD 0
60 4 3 000043 D666826F 0
61 4 3 000044 C2E6E400 0
62 4 3 000045 73868BD1 0
63 4 3 000046 B1D861B7 0
64 4 3 000047 92291539 0
66 2 1 000080 00000000 0
82 4 3 000080 61F96662 0
83 4 3 000081 7BC77738 0
84 4 3 000082 A3A0DBED 0
85 4 3 000083 106248F2 0
86 4 3 000084 DD466640 0
87 4 3 000085 171E0A86 0
88 4 3 000086 7B83EC33 0
89 4 3 000087 609D13E4 0
91 3 1 0000C0 00000000 0
107 4 3 0000C0 569839F0 0
108 4 3 0000C1 0101F644 0
109 4 3 0000C2 D1CD6560 0
110 4 3 0000C3 0CEEF7AC 0
111 4 3 0000C4 B32AAD5C 0
112 4 3 0000C5 4EDAD468 0
113 4 3 0000C6 BF00E96A 0
114 4 3 0000C7 B182CAA0 0
116 0 1 000100 00000000 0
132 4 3 000100 0DE727D0 0
133 4 3 000101 2E93AF96 0
134 4 3 000102 805C81FA 0
135 4 3 000103 A771A665 0
136 4 3 000104 110C2E51 0
137 4 3 000105 9EB557E3 0
138 4 3 000106 68B26040 0
139 4 3 000107 F4209AA4 0
141 1 1 000100 00000000 1
157 4 3 000100 0DE727D0 1
158 4 3 000101 2E93AF96 1
159 4 3 000102 805C81FA 1
160 4 3 000103 A771A665 1
161 4 3 000104 110C2E51 1
162 4 3 000105 9EB557E3 1
163 4 3 000106 68B26040 1
164 4 3 000107 F4209AA4 1
166 2 1 000100 00000000 1
182 4 3 000100 0DE727D0 1
183 4 3 000101 2E93AF96 1
184 4 3 000102 805C81FA 1
185 4 3 000103 A771A665 1
186 4 3 000104 110C2E51 1
187 4 3 000105 9EB557E3 1
188 4 3 000106 68B26040 1
189 4 3 000107 F4209AA4 1
191 3 1 000100 00000000 1
207 4 3 000100 0DE727D0 1
208 4 3 000101 2E93AF96 1
209 4 3 000102 805C81FA 1
210 4 3 000103 A771A665 1
211 4 3 000104 110C2E51 1
212 4 3 000105 9EB557E3 1
213 4 3 000106 68B26040 1
214 4 3 000107 F4209AA4 1
216 0 1 000110 00000000 0
232 4 3 000110 C2511398 0
233 4 3 000111 3A846692 0
234 4 3 000112 90678FD9 0
235 4 3 000113 1EEB6560 0
236 4 3 000114 1A9B3410 0
237 4 3 000115 741DC8D6 0
238 4 3 000116 C59083A8 0
239 4 3 000117 4320F8D8 0
241 1 1 000110 00000000 1
257 4 3 000110 C2511398 1
258 4 3 000111 3A846692 1
259 4 3 000112 90678FD9 1
260 4 3 000113 1EEB6560 1
261 4 3 000114 1A9B3410 1
262 4 3 000115 741DC8D6 1
263 4 3 000116 C59083A8 1
264 4 3 000117 4320F8D8 1
266 2 1 000110 00000000 1
282 4 3 000110 C2511398 1
283 4 3 000111 3A846692 1
284 4 3 000112 90678FD9 1
285 4 3 000113 1EEB6560 1
286 4 3 000114 1A9B3410 1
287 4 3 000115 741DC8D6 1
288 4 3 000116 C59083A8 1
289 4 3 000117 4320F8D8 1
291 3 1 000110 00000000 1
307 4 3 000110 C2511398 1
308 4 3 000111 3A846692 1
309 4 3 000112 90678FD9 1
310 4 3 000113 1EEB6560 1
311 4 3 000114 1A9B3410 1
312 4 3 000115 741DC8D6 1
313 4 3 000116 C59083A8 1
314 4 3 000117 4320F8D8 1
316 0 1 000120 00000000 0
332 4 3 000120 EC2D11AA 0
333 4 3 000121 B26B662F 0
334 4 3 000122 78A72F69 0
335 4 3 000123 AD94D071 0
336 4 3 000124 BFC5CCDB 0
337 4 3 000125 28BB21A5 0
338 4 3 000126 B9D478A0 0
339 4 3 000127 092DCF16 0
341 1 1 000120 00000000 1
357 4 3 000120 EC2D11AA 1
358 4 3 000121 B26B662F 1
359 4 3 000122 78A72F69 1
360 4 3 000123 AD94D071 1
361 4 3 000124 BFC5CCDB 1
362 4 3 000125 28BB21A5 1
363 4 3 000126 B9D478A0 1
364 4 3 000127 092DCF16 1
366 2 1 000120 00000000 1
382 4 3 000120 EC2D11AA 1
383 4 3 000121 B26B662F 1
384 4 3 000122 78A72F69 1
385 4 3 000123 AD94D071 1
386 4 3 000124 BFC5CCDB 1
387 4 3 000125 28BB21A5 1
388 4 3 000126 B9D478A0 1
389 4 3 000127 092DCF16 1
391 3 1 000120 00000000 1
407 4 3 000120 EC2D11AA 1
408 4 3 000121 B26B662F 1
409 4 3 000122 78A72F69 1
410 4 3 000123 AD94D071 1
411 4 3 000124 BFC5CCDB 1
412 4 3 000125 28BB21A5 1
413 4 3 000126 B9D478A0 1
414 4 3 000127 092DCF16 1
416 0 1 000130 00000000 0
432 4 3 000130 6FE7944E 0
433 4 3 000131 53509C56 0
434 4 3 000132 A4B96277 0
435 4 3 000133 36C7CEAE 0
436 4 3 000134 A92DF6A0 0
437 4 3 000135 D6D42DCE 0
438 4 3 000136 0B01C578 0
439 4 3 000137 5272F663 0
441 1 1 000130 00000000 1
457 4 3 000130 6FE7944E 1
458 4 3 000131 53509C56 1
459 4 3 000132 A4B96277 1
460 4 3 000133 36C7CEAE 1
461 4 3 000134 A92DF6A0 1
462 4 3 000135 D6D42DCE 1
463 4 3 000136 0B01C578 1
464 4 3 000137 5272F663 1
466 2 1 000130 00000000 1
482 4 3 000130 6FE7944E 1
483 4 3 000131 53509C56 1
484 4 3 000132 A4B96277 1
485 4 3 000133 36C7CEAE 1
486 4 3 000134 A92DF6A0 1
487 4 3 000135 D6D42DCE 1
488 4 3 000136 0B01C578 1
489 4 3 000137 5272F663 1
491 3 1 000130 00000000 1
507 4 3 000130 6FE7944E 1
508 4 3 000131 53509C56 1
509 4 3 000132 A4B96277 1
510 4 3 000133 36C7CEAE 1
511 4 3 000134 A92DF6A0 1
512 4 3 000135 D6D42DCE 1
513 4 3 000136 0B01C578 1
514 4 3 000137 5272F663 1
516 0 1 000140 00000000 0
532 4 3 000140 09812774 0
533 4 3 000141 EDD4A61B 0
534 4 3 000142 5DCFFCFD 0
535 4 3 000143 B571CBEA 0
536 4 3 000144 F956DCDF 0
537 4 3 000145 82BD29D7 0
538 4 3 000146 84F51B79 0
539 4 3 000147 5A122932 0
541 1 1 000140 00000000 1
557 4 3 000140 09812774 1
558 4 3 000141 EDD4A61B 1
559 4 3 000142 5DCFFCFD 1
560 4 3 000143 B571CBEA 1
561 4 3 000144 F956DCDF 1
562 4 3 000145 82BD29D7 1
563 4 3 000146 84F51B79 1
564 4 3 000147 5A122932 1
566 2 1 000140 00000000 1
582 4 3 000140 09812774 1
583 4 3 000141 EDD4A61B 1
584 4 3 000142 5DCFFCFD 1
585 4 3 000143 B571CBEA 1
586 4 3 000144 F956DCDF 1
587 4 3 000145 82BD29D7 1
588 4 3 000146 84F51B79 1
589 4 3 000147 5A122932 1
591 3 1 000140 00000000 1
607 4 3 000140 09812774 1
608 4 3 000141 EDD4A61B 1
609 4 3 000142 5DCFFCFD 1
610 4 3 000143 B571CBEA 1
611 4 3 000144 F956DCDF 1
612 4 3 000145 82BD29D7 1
613 4 3 000146 84F51B79 1
614 4 3 000147 5A122932 1
616 0 1 000150 00000000 0
632 4 3 000150 ABF7D184 0
633 4 3 000151 7EFAB666 0
634 4 3 000152 D5B48FB4 0
635 4 3 000153 A8600772 0
636 4 3 000154 8638D603 0
637 4 3 000155 45EABA79 0
638 4 3 000156 A64C0913 0
639 4 3 000157 5140B7F4 0
641 1 1 000150 00000000 1
657 4 3 000150 ABF7D184 1
658 4 3 000151 7EFAB666 1
659 4 3 000152 D5B48FB4 1
660 4 3 000153 A8600772 1
661 4 3 000154 8638D603 1
662 4 3 000155 45EABA79 1
663 4 3 000156 A64C0913 1
664 4 3 000157 5140B7F4 1
666 2 1 000150 00000000 1
682 4 3 000150 ABF7D184 1
683 4 3 000151 7EFAB666 1
684 4 3 000152 D5B48FB4 1
685 4 3 000153 A8600772 1
686 4 3 000154 8638D603 1
687 4 3 000155 45EABA79 1
688 4 3 000156 A64C0913 1
689 4 3 000157 5140B7F4 1
691 3 1 000150 00000000 1
707 4 3 000150 ABF7D184 1
708 4 3 000151 7EFAB666 1
709 4 3 000152 D5B48FB4 1
710 4 3 000153 A8600772 1
711 4 3 000154 8638D603 1
712 4 3 000155 45EABA79 1
713 4 3 000156 A64C0913 1
714 4 3 000157 5140B7F4 1
716 0 1 000160 00000000 0
732 4 3 000160 45955FBB 0
733 4 3 000161 42ABD441 0
734 4 3 000162 D6F57445 0
735 4 3 000163 C94068EF 0
736 4 3 000164 F4E73A95 0
737 4 3 000165 D39E630E 0
738 4 3 000166 57A032F3 0
739 4 3 000167 961E0644 0
741 1 1 000160 00000000 1
757 4 3 000160 45955FBB 1
758 4 3 000161 42ABD441 1
759 4 3 000162 D6F57445 1
760 4 3 000163 C94068EF 1
761 4 3 000164 F4E73A95 1
762 4 3 000165 D39E630E 1
763 4 3 000166 57A032F3 1
764 4 3 000167 961E0644 1
766 2 1 000160 00000000 1
782 4 3 000160 45955FBB 1
783 4 3 000161 42ABD441 1
784 4 3 000162 D6F57445 1
785 4 3 000163 C94068EF 1
786 4 3 000164 F4E73A95 1
787 4 3 000165 D39E630E 1
788 4 3 000166 57A032F3 1
789 4 3 000167 961E0644 1
791 3 1 000160 00000000 1
807 4 3 000160 45955FBB 1
808 4 3 000161 42ABD441 1
809 4 3 000162 D6F57445 1
810 4 3 000163 C94068EF 1
811 4 3 000164 F4E73A95 1
812 4 3 000165 D39E630E 1
813 4 3 000166 57A032F3 1
814 4 3 000167 961E0644 1
816 0 1 000170 00000000 0
832 4 3 000170 FC245B61 0
833 4 3 000171 3EF900D3 0
834 4 3 000172 7FF0FEB7 0
835 4 3 000173 38096B83 0
836 4 3 000174 4F4B2FFE 0
837 4 3 000175 925477A1 0
838 4 3 000176 1C76F77E 0
839 4 3 000177 4AD99C47 0
841 1 1 000170 00000000 1
857 4 3 000170 FC245B61 1
858 4 3 000171 3EF900D3 1
859 4 3 000172 7FF0FEB7 1
860 4 3 000173 38096B83 1
861 4 3 000174 4F4B2FFE 1
862 4 3 000175 925477A1 1
863 4 3 000176 1C76F77E 1
864 4 3 000177 4AD99C47 1
866 2 1 000170 00000000 1
882 4 3 000170 FC245B61 1
883 4 3 000171 3EF900D3 1
884 4 3 000172 7FF0FEB7 1
885 4 3 000173 38096B83 1
886 4 3 000174 4F4B2FFE 1
887 4 3 000175 925477A1 1
888 4 3 000176 1C76F77E 1
889 4 3 000177 4AD99C47 1
891 3 1 000170 00000000 1
907 4 3 000170 FC245B61 1
908 4 3 000171 3EF900D3 1
909 4 3 000172 7FF0FEB7 1
910 4 3 000173 38096B83 1
911 4 3 000174 4F4B2FFE 1
912 4 3 000175 925477A1 1
913 4 3 000176 1C76F77E 1
914 4 3 000177 4AD99C47 1
916 0 1 000008 00000000 0
932 4 3 000008 DA481CBF 0
933 4 3 000009 DEDD8495 0
934 4 3 00000A 224A4176 0
935 4 3 00000B 87C0352E 0
936 4 3 00000C 97696810 0
937 4 3 00000D 379051DE 0
938 4 3 00000E 76E21E65 0
939 4 3 00000F 6128337D 0
941 1 1 000048 00000000 0
957 4 3 000048 9D27FB3E 0
958 4 3 000049 B7A11200 0
959 4 3 00004A E6582944 0
960 4 3 00004B 49F436B9 0
961 4 3 00004C 47B6BAC0 0
962 4 3 00004D B9DB3ADC 0
963 4 3 00004E 693E1A13 0
964 4 3 00004F C60AA05D 0
966 2 1 000088 00000000 0
982 4 3 000088 E00A9AF5 0
983 4 3 000089 9727BA1C 0
984 4 3 00008A F3057D0D 0
985 4 3 00008B 0AA83851 0
986 4 3 00008C 50D2331E 0
987 4 3 00008D 57BE4774 0
988 4 3 00008E 52A1C645 0
989 4 3 00008F D5F0BAA8 0
991 3 1 0000C8 00000000 0
1007 4 3 0000C8 E83435AB 0
1008 4 3 0000C9 054E657E 0
1009 4 3 0000CA D8ADD043 0
1010 4 3 0000CB D5C99B54 0
1011 4 3 0000CC 0B4FEB5F 0
1012 4 3 0000CD 6A6FC72C 0
1013 4 3 0000CE 012B0B26 0
1014 4 3 0000CF B5D3A88B 0
1016 0 1 000180 00000000 0
1032 4 3 000180 E8CC8EF4 0
1033 4 3 000181 3DD68F7F 0
1034 4 3 000182 CFCB4E95 0
1035 4 3 000183 7906F98E 0
1036 4 3 000184 B3B8E8A1 0
1037 4 3 000185 4A946260 0
1038 4 3 000186 3B1D6765 0
1039 4 3 000187 DAB220A7 0
1041 1 1 000180 00000000 1
1057 4 3 000180 E8CC8EF4 1
1058 4 3 000181 3DD68F7F 1
1059 4 3 000182 CFCB4E95 1
1060 4 3 000183 7906F98E 1
1061 4 3 000184 B3B8E8A1 1
1062 4 3 000185 4A946260 1
1063 4 3 000186 3B1D6765 1
1064 4 3 000187 DAB220A7 1
1066 2 1 000180 00000000 1
1082 4 3 000180 E8CC8EF4 1
1083 4 3 000181 3DD68F7F 1
1084 4 3 000182 CFCB4E95 1
1085 4 3 000183 7906F98E 1
1086 4 3 000184 B3B8E8A1 1
1087 4 3 000185 4A946260 1
1088 4 3 000186 3B1D6765 1
1089 4 3 000187 DAB220A7 1
1091 3 1 000180 00000000 1
1107 4 3 000180 E8CC8EF4 1
1108 4 3 000181 3DD68F7F 1
1109 4 3 000182 CFCB4E95 1
1110 4 3 000183 7906F98E 1
1111 4 3 000184 B3B8E8A1 1
1112 4 3 000185 4A946260 1
1113 4 3 000186 3B1D6765 1
1114 4 3 000187 DAB220A7 1
1116 0 1 000190 00000000 0
1132 4 3 000190 4220E51E 0
1133 4 3 000191 DE4206DE 0
1134 4 3 000192 99EB8E9C 0
1135 4 3 000193 F3E4DF0E 0
1136 4 3 000194 B5A844D4 0
1137 4 3 000195 C42E1F29 0
1138 4 3 000196 C2F7177A 0
1139 4 3 000197 51FB6400 0
1141 1 1 000190 00000000 1
1157 4 3 000190 4220E51E 1
1158 4 3 000191 DE4206DE 1
1159 4 3 000192 99EB8E9C 1
1160 4 3 000193 F3E4DF0E 1
1161 4 3 000194 B5A844D4 1
1162 4 3 000195 C42E1F29 1
1163 4 3 000196 C2F7177A 1
1164 4 3 000197 51FB6400 1
1166 2 1 000190 00000000 1
1182 4 3 000190 4220E51E 1
1183 4 3 000191 DE4206DE 1
1184 4 3 000192 99EB8E9C 1
1185 4 3 000193 F3E4DF0E 1
1186 4 3 000194 B5A844D4 1
1187 4 3 000195 C42E1F29 1
1188 4 3 000196 C2F7177A 1
1189 4 3 000197 51FB6400 1
1191 3 1 000190 00000000 1
1207 4 3 000190 4220E51E 1
1208 4 3 000191 DE4206DE 1
1209 4 3 000192 99EB8E9C 1
1210 4 3 000193 F3E4DF0E 1
1211 4 3 000194 B5A844D4 1
1212 4 3 000195 C42E1F29 1
1213 4 3 000196 C2F7177A 1
1214 4 3 000197 51FB6400 1
1216 0 1 0001A0 00000000 0
1232 4 3 0001A0 ECDAB73A 0
1233 4 3 0001A1 CADF9EE6 0
1234 4 3 0001A2 12393028 0
1235 4 3 0001A3 BA1E2D08 0
1236 4 3 0001A4 B8D3AE2B 0
1237 4 3 0001A5 326D00F0 0
1238 4 3 0001A6 7A940FBC 0
1239 4 3 0001A7 409E1E2D 0
1241 1 1 0001A0 00000000 1
1257 4 3 0001A0 ECDAB73A 1
1258 4 3 0001A1 CADF9EE6 1
1259 4 3 0001A2 12393028 1
1260 4 3 0001A3 BA1E2D08 1
1261 4 3 0001A4 B8D3AE2B 1
1262 4 3 0001A5 326D00F0 1
1263 4 3 0001A6 7A940FBC 1
1264 4 3 0001A7 409E1E2D 1
1266 2 1 0001A0 00000000 1
1282 4 3 0001A0 ECDAB73A 1
1283 4 3 0001A1 CADF9EE6 1
1284 4 3 0001A2 12393028 1
1285 4 3 0001A3 BA1E2D08 1
1286 4 3 0001A4 B8D3AE2B 1
1287 4 3 0001A5 326D00F0 1
1288 4 3 0001A6 7A940FBC 1
1289 4 3 0001A7 409E1E2D 1
1291 3 1 0001A0 00000000 1
1307 4 3 0001A0 ECDAB73A 1
1308 4 3 0001A1 CADF9EE6 1
1309 4 3 0001A2 12393028 1
1310 4 3 0001A3 BA1E2D08 1
1311 4 3 0001A4 B8D3AE2B 1
1312 4 3 0001A5 326D00F0 1
1313 4 3 0001A6 7A940FBC 1
1314 4 3 0001A7 409E1E2D 1
1316 0 1 0001B0 00000000 0
1332 4 3 0001B0 9104F938 0
1333 4 3 0001B1 DB880D10 0
1334 4 3 0001B2 5AE97503 0
1335 4 3 0001B3 D962CEFD 0
1336 4 3 0001B4 0357546F 0
1337 4 3 0001B5 8D2F7D40 0
1338 4 3 0001B6 669D328B 0
1339 4 3 0001B7 12965A8D 0
1341 1 1 0001B0 00000000 1
1357 4 3 0001B0 9104F938 1
1358 4 3 0001B1 DB880D10 1
1359 4 3 0001B2 5AE97503 1
1360 4 3 0001B3 D962CEFD 1
1361 4 3 0001B4 0357546F 1
1362 4 3 0001B5 8D2F7D40 1
1363 4 3 0001B6 669D328B 1
1364 4 3 0001B7 12965A8D 1
1366 2 1 0001B0 00000000 1
1382 4 3 0001B0 9104F938 1
1383 4 3 0001B1 DB880D10 1
1384 4 3 0001B2 5AE97503 1
1385 4 3 0001B3 D962CEFD 1
1386 4 3 0001B4 0357546F 1
1387 4 3 0001B5 8D2F7D40 1
1388 4 3 0001B6 669D328B 1
1389 4 3 0001B7 12965A8D 1
1391 3 1 0001B0 00000000 1
1407 4 3 0001B0 9104F938 1
1408 4 3 0001B1 DB880D10 1
1409 4 3 0001B2 5AE97503 1
1410 4 3 0001B3 D962CEFD 1
1411 4 3 0001B4 0357546F 1
1412 4 3 0001B5 8D2F7D40 1
1413 4 3 0001B6 669D328B 1
1414 4 3 0001B7 12965A8D 1
1416 0 1 0001C0 00000000 0
1432 4 3 0001C0 7025E680 0
1433 4 3 0001C1 475EAB79 0
1434 4 3 0001C2 5FB6A315 0
1435 4 3 0001C3 565E7A87 0
1436 4 3 0001C4 51770584 0
1437 4 3 0001C5 F0DD111A 0
1438 4 3 0001C6 C5F36865 0
1439 4 3 0001C7 7E396058 0
1441 1 1 0001C0 00000000 1
1457 4 3 0001C0 7025E680 1
1458 4 3 0001C1 475EAB79 1
1459 4 3 0001C2 5FB6A315 1
1460 4 3 0001C3 565E7A87 1
1461 4 3 0001C4 51770584 1
1462 4 3 0001C5 F0DD111A 1
1463 4 3 0001C6 C5F36865 1
1464 4 3 0001C7 7E396058 1
1466 2 1 0001C0 00000000 1
1482 4 3 0001C0 7025E680 1
1483 4 3 0001C1 475EAB79 1
1484 4 3 0001C2 5FB6A315 1
1485 4 3 0001C3 565E7A87 1
1486 4 3 0001C4 51770584 1
1487 4 3 0001C5 F0DD111A 1
1488 4 3 0001C6 C5F36865 1
1489 4 3 0001C7 7E396058 1
1491 3 1 0001C0 00000000 1
1507 4 3 0001C0 7025E680 1
1508 4 3 0001C1 475EAB79 1
1509 4 3 0001C2 5FB6A315 1
1510 4 3 0001C3 565E7A87 1
1511 4 3 0001C4 51770584 1
1512 4 3 0001C5 F0DD111A 1
1513 4 3 0001C6 C5F36865 1
1514 4 3 0001C7 7E396058 1
1516 0 1 0001D0 00000000 0
1532 4 3 0001D0 EA75D479 0
1533 4 3 0001D1 F434DB81 0
1534 4 3 0001D2 A651D1C9 0
1535 4 3 0001D3 688116F1 0
1536 4 3 0001D4 8474C324 0
1537 4 3 0001D5 6D995525 0
1538 4 3 0001D6 61A2C8C2 0
1539 4 3 0001D7 4B540909 0
1541 1 1 0001D0 00000000 1
1557 4 3 0001D0 EA75D479 1
1558 4 3 0001D1 F434DB81 1
1559 4 3 0001D2 A651D1C9 1
1560 4 3 0001D3 688116F1 1
1561 4 3 0001D4 8474C324 1
1562 4 3 0001D5 6D995525 1
1563 4 3 0001D6 61A2C8C2 1
1564 4 3 0001D7 4B540909 1
1566 2 1 0001D0 00000000 1
1582 4 3 0001D0 EA75D479 1
1583 4 3 0001D1 F434DB81 1
1584 4 3 0001D2 A651D1C9 1
1585 4 3 0001D3 688116F1 1
1586 4 3 0001D4 8474C324 1
1587 4 3 0001D5 6D995525 1
1588 4 3 0001D6 61A2C8C2 1
1589 4 3 0001D7 4B540909 1
1591 3 1 0001D0 00000000 1
1607 4 3 0001D0 EA75D479 1
1608 4 3 0001D1 F434DB81 1
1609 4 3 0001D2 A651D1C9 1
1610 4 3 0001D3 688116F1 1
1611 4 3 0001D4 8474C324 1
1612 4 3 0001D5 6D995525 1
1613 4 3 0001D6 61A2C8C2 1
1614 4 3 0001D7 4B540909 1
1616 0 1 0001E0 00000000 0
1632 4 3 0001E0 B728A7A9 0
1633 4 3 0001E1 2F3E2602 0
1634 4 3 0001E2 5A4C9DAB 0
1635 4 3 0001E3 E393A7C9 0
1636 4 3 0001E4 DF8AA166 0
1637 4 3 0001E5 EDB0E03D 0
1638 4 3 0001E6 DDFF6431 0
1639 4 3 0001E7 1FF87199 0
1641 1 1 0001E0 00000000 1
1657 4 3 0001E0 B728A7A9 1
1658 4 3 0001E1 2F3E2602 1
1659 4 3 0001E2 5A4C9DAB 1
1660 4 3 0001E3 E393A7C9 1
1661 4 3 0001E4 DF8AA166 1
1662 4 3 0001E5 EDB0E03D 1
1663 4 3 0001E6 DDFF6431 1
1664 4 3 0001E7 1FF87199 1
1666 2 1 0001E0 00000000 1
1682 4 3 0001E0 B728A7A9 1
1683 4 3 0001E1 2F3E2602 1
1684 4 3 0001E2 5A4C9DAB 1
1685 4 3 0001E3 E393A7C9 1
1686 4 3 0001E4 DF8AA166 1
1687 4 3 0001E5 EDB0E03D 1
1688 4 3 0001E6 DDFF6431 1
1689 4 3 0001E7 1FF87199 1
1691 3 1 0001E0 00000000 1
1707 4 3 0001E0 B728A7A9 1
1708 4 3 0001E1 2F3E2602 1
1709 4 3 0001E2 5A4C9DAB 1
1710 4 3 0001E3 E393A7C9 1
1711 4 3 0001E4 DF8AA166 1
1712 4 3 0001E5 EDB0E03D 1
1713 4 3 0001E6 DDFF6431 1
1714 4 3 0001E7 1FF87199 1
1716 0 1 0001F0 00000000 0
1732 4 3 0001F0 8D8ECF01 0
1733 4 3 0001F1 97AFAB1B 0
1734 4 3 0001F2 53C4A703 0
1735 4 3 0001F3 60B51E32 0
1736 4 3 0001F4 4894D902 0
1737 4 3 0001F5 76F5D137 0
1738 4 3 0001F6 543565BB 0
1739 4 3 0001F7 860CBE0D 0
1741 1 1 0001F0 00000000 1
1757 4 3 0001F0 8D8ECF01 1
1758 4 3 0001F1 97AFAB1B 1
1759 4 3 0001F2 53C4A703 1
1760 4 3 0001F3 60B51E32 1
1761 4 3 0001F4 4894D902 1
1762 4 3 0001F5 76F5D137 1
1763 4 3 0001F6 543565BB 1
1764 4 3 0001F7 860CBE0D 1
1766 2 1 0001F0 00000000 1
1782 4 3 0001F0 8D8ECF01 1
1783 4 3 0001F1 97AFAB1B 1
1784 4 3 0001F2 53C4A703 1
1785 4 3 0001F3 60B51E32 1
1786 4 3 0001F4 4894D902 1
1787 4 3 0001F5 76F5D137 1
1788 4 3 0001F6 543565BB 1
1789 4 3 0001F7 860CBE0D 1
1791 3 1 0001F0 00000000 1
1807 4 3 0001F0 8D8ECF01 1
1808 4 3 0001F1 97AFAB1B 1
1809 4 3 0001F2 53C4A703 1
1810 4 3 0001F3 60B51E32 1
1811 4 3 0001F4 4894D902 1
1812 4 3 0001F5 76F5D137 1
1813 4 3 0001F6 543565BB 1
1814 4 3 0001F7 860CBE0D 1
1816 0 2 000200 00000000 0
1832 4 3 000200 00000000 0
1833 4 3 000201 00000000 0
1834 4 3 000202 00000000 0
1835 4 3 000203 00000000 0
1836 4 3 000204 00000000 0
1837 4 3 000205 00000000 0
1838 4 3 000206 00000000 0
1839 4 3 000207 00000000 0
1841 1 2 000240 00000000 0
1857 4 3 000240 00000000 0
1858 4 3 000241 00000000 0
1859 4 3 000242 00000000 0
1860 4 3 000243 00000000 0
1861 4 3 000244 00000000 0
1862 4 3 000245 00000000 0
1863 4 3 000246 00000000 0
1864 4 3 000247 00000000 0
1866 2 2 000280 00000000 0
1882 4 3 000280 00000000 0
1883 4 3 000281 00000000 0
1884 4 3 000282 00000000 0
1885 4 3 000283 00000000 0
1886 4 3 000284 00000000 0
1887 4 3 000285 00000000 0
1888 4 3 000286 00000000 0
1889 4 3 000287 00000000 0
1891 3 2 0002C0 00000000 0
1907 4 3 0002C0 00000000 0
1908 4 3 0002C1 00000000 0
1909 4 3 0002C2 00000000 0
1910 4 3 0002C3 00000000 0
1911 4 3 0002C4 00000000 0
1912 4 3 0002C5 00000000 0
1913 4 3 0002C6 00000000 0
1914 4 3 0002C7 00000000 0
1916 0 3 000200 00000000 0
1917 0 3 000200 BE9A1C2B 0
1918 0 3 000201 00000000 0
1919 0 3 000202 00000000 0
1920 0 3 000203 00000000 0
1921 0 3 000204 00000000 0
1922 0 3 000205 00000000 0
1923 0 3 000206 00000000 0
1924 0 3 000207 00000000 0
1926 1 3 000240 00000000 0
1927 1 3 000240 D77606B2 0
1928 1 3 000241 00000000 0
1929 1 3 000242 00000000 0
1930 1 3 000243 00000000 0
1931 1 3 000244 00000000 0
1932 1 3 000245 00000000 0
1933 1 3 000246 00000000 0
1934 1 3 000247 00000000 0
1936 2 3 000280 00000000 0
1937 2 3 000280 B39EEC3A 0
1938 2 3 000281 00000000 0
1939 2 3 000282 00000000 0
1940 2 3 000283 00000000 0
1941 2 3 000284 00000000 0
1942 2 3 000285 00000000 0
1943 2 3 000286 00000000 0
1944 2 3 000287 00000000 0
1946 3 3 0002C0 00000000 0
1947 3 3 0002C0 C1312B21 0
1948 3 3 0002C1 00000000 0
1949 3 3 0002C2 00000000 0
1950 3 3 0002C3 00000000 0
1951 3 3 0002C4 00000000 0
1952 3 3 0002C5 00000000 0
1953 3 3 0002C6 00000000 0
1954 3 3 0002C7 00000000 0
1956 0 1 000000 00000000 0
1972 4 3 000000 74CDDC5D 0
1973 4 3 000001 2851B04D 0
1974 4 3 000002 9B39F6BF 0
1975 4 3 000003 537CF14F 0
1976 4 3 000004 2843773F 0
1977 4 3 000005 7206A222 0
1978 4 3 000006 47266DA1 0
1979 4 3 000007 B7E68EA6 0
1981 1 1 000040 00000000 0
1997 4 3 000040 1C20E252 0
1998 4 3 000041 42DE3209 0
1999 4 3 000042 F260D0FD 0
2000 4 3 000043 D666826F 0
2001 4 3 000044 C2E6E400 0
2002 4 3 000045 73868BD1 0
2003 4 3 000046 B1D861B7 0
2004 4 3 000047 92291539 0
2006 2 1 000080 00000000 0
2022 4 3 000080 61F96662 0
2023 4 3 000081 7BC77738 0
2024 4 3 000082 A3A0DBED 0
2025 4 3 000083 106248F2 0
2026 4 3 000084 DD466640 0
2027 4 3 000085 171E0A86 0
2028 4 3 000086 7B83EC33 0
2029 4 3 000087 609D13E4 0
2031 3 1 0000C0 00000000 0
2047 4 3 0000C0 569839F0 0
2048 4 3 0000C1 0101F644 0
2049 4 3 0000C2 D1CD6560 0
2050 4 3 0000C3 0CEEF7AC 0
2051 4 3 0000C4 B32AAD5C 0
2052 4 3 0000C5 4EDAD468 0
2053 4 3 0000C6 BF00E96A 0
2054 4 3 0000C7 B182CAA0 0
2225 0 2 000201 00000000 0
2241 4 3 000200 BE9A1C2B 0
2242 4 3 000201 00000000 0
2243 4 3 000202 00000000 0
2244 4 3 000203 00000000 0
2245 4 3 000204 00000000 0
2246 4 3 000205 00000000 0
2247 4 3 000206 00000000 0
2248 4 3 000207 00000000 0
2250 1 2 000241 00000000 0
2266 4 3 000240 D77606B2 0
2267 4 3 000241 00000000 0
2268 4 3 000242 00000000 0
2269 4 3 000243 00000000 0
2270 4 3 000244 00000000 0
2271 4 3 000245 00000000 0
2272 4 3 000246 00000000 0
2273 4 3 000247 00000000 0
2275 2 2 000281 00000000 0
2291 4 3 000280 B39EEC3A 0
2292 4 3 000281 00000000 0
2293 4 3 000282 00000000 0
2294 4 3 000283 00000000 0
2295 4 3 000284 00000000 0
2296 4 3 000285 00000000 0
2297 4 3 000286 00000000 0
2298 4 3 000287 00000000 0
2300 3 2 0002C1 00000000 0
2316 4 3 0002C0 C1312B21 0
2317 4 3 0002C1 00000000 0
2318 4 3 0002C2 00000000 0
2319 4 3 0002C3 00000000 0
2320 4 3 0002C4 00000000 0
2321 4 3 0002C5 00000000 0
2322 4 3 0002C6 00000000 0
2323 4 3 0002C7 00000000 0
2325 0 3 000200 00000000 0
2326 0 3 000200 BE9A1C2B 0
2327 0 3 000201 C90B6129 0
2328 0 3 000202 00000000 0
2329 0 3 000203 00000000 0
2330 0 3 000204 00000000 0
2331 0 3 000205 00000000 0
2332 0 3 000206 00000000 0
2333 0 3 000207 00000000 0
2335 1 3 000240 00000000 0
2336 1 3 000240 D77606B2 0
2337 1 3 000241 9FB2C99E 0
2338 1 3 000242 00000000 0
2339 1 3 000243 00000000 0
2340 1 3 000244 00000000 0
2341 1 3 000245 00000000 0
2342 1 3 000246 00000000 0
2343 1 3 000247 00000000 0
2345 2 3 000280 00000000 0
2346 2 3 000280 B39EEC3A 0
2347 2 3 000281 372C54A3 0
2348 2 3 000282 00000000 0
2349 2 3 000283 00000000 0
2350 2 3 000284 00000000 0
2351 2 3 000285 00000000 0
2352 2 3 000286 00000000 0
2353 2 3 000287 00000000 0
2355 3 3 0002C0 00000000 0
2356 3 3 0002C0 C1312B21 0
2357 3 3 0002C1 21349951 0
2358 3 3 0002C2 00000000 0
2359 3 3 0002C3 00000000 0
2360 3 3 0002C4 00000000 0
2361 3 3 0002C5 00000000 0
2362 3 3 0002C6 00000000 0
2363 3 3 0002C7 00000000 0
2365 0 1 000000 00000000 0
2381 4 3 000000 74CDDC5D 0
2382 4 3 000001 2851B04D 0
2383 4 3 000002 9B39F6BF 0
2384 4 3 000003 537CF14F 0
2385 4 3 000004 2843773F 0
2386 4 3 000005 7206A222 0
2387 4 3 000006 47266DA1 0
2388 4 3 000007 B7E68EA6 0
2390 1 1 000040 00000000 0
2406 4 3 000040 1C20E252 0
2407 4 3 000041 42DE3209 0
2408 4 3 000042 F260D0FD 0
2409 4 3 000043 D666826F 0
2410 4 3 000044 C2E6E400 0
2411 4 3 000045 73868BD1 0
2412 4 3 000046 B1D861B7 0
2413 4 3 000047 92291539 0
2415 2 1 000080 00000000 0
2431 4 3 000080 61F96662 0
2432 4 3 000081 7BC77738 0
2433 4 3 000082 A3A0DBED 0
2434 4 3 000083 106248F2 0
2435 4 3 000084 DD466640 0
2436 4 3 000085 171E0A86 0
2437 4 3 000086 7B83EC33 0
2438 4 3 000087 609D13E4 0
2440 3 1 0000C0 00000000 0
2456 4 3 0000C0 569839F0 0
2457 4 3 0000C1 0101F644 0
2458 4 3 0000C2 D1CD6560 0
2459 4 3 0000C3 0CEEF7AC 0
2460 4 3 0000C4 B32AAD5C 0
2461 4 3 0000C5 4EDAD468 0
2462 4 3 0000C6 BF00E96A 0
2463 4 3 0000C7 B182CAA0 0
2634 0 2 000202 00000000 0
2650 4 3 000200 BE9A1C2B 0
2651 4 3 000201 C90B6129 0
2652 4 3 000202 00000000 0
2653 4 3 000203 00000000 0
2654 4 3 000204 00000000 0
2655 4 3 000205 00000000 0
2656 4 3 000206 00000000 0
2657 4 3 000207 00000000 0
2659 1 2 000242 00000000 0
2675 4 3 000240 D77606B2 0
2676 4 3 000241 9FB2C99E 0
2677 4 3 000242 00000000 0
2678 4 3 000243 00000000 0
2679 4 3 000244 00000000 0
2680 4 3 000245 00000000 0
2681 4 3 000246 00000000 0
2682 4 3 000247 00000000 0
2684 2 2 000282 00000000 0
2700 4 3 000280 B39EEC3A 0
2701 4 3 000281 372C54A3 0
2702 4 3 000282 00000000 0
2703 4 3 000283 00000000 0
2704 4 3 000284 00000000 0
2705 4 3 000285 00000000 0
2706 4 3 000286 00000000 0
2707 4 3 000287 00000000 0
2709 3 2 0002C2 00000000 0
2725 4 3 0002C0 C1312B21 0
2726 4 3 0002C1 21349951 0
2727 4 3 0002C2 00000000 0
2728 4 3 0002C3 00000000 0
2729 4 3 0002C4 00000000 0
2730 4 3 0002C5 00000000 0
2731 4 3 0002C6 00000000 0
2732 4 3 0002C7 00000000 0
2734 0 3 000200 00000000 0
2735 0 3 000200 BE9A1C2B 0
2736 0 3 000201 C90B6129 0
2737 0 3 000202 99D03BDE 0
2738 0 3 000203 00000000 0
2739 0 3 000204 00000000 0
2740 0 3 000205 00000000 0
2741 0 3 000206 00000000 0
2742 0 3 000207 00000000 0
2744 1 3 000240 00000000 0
2745 1 3 000240 D77606B2 0
2746 1 3 000241 9FB2C99E 0
2747 1 3 000242 829AEC3E 0
2748 1 3 000243 00000000 0
2749 1 3 000244 00000000 0
2750 1 3 000245 00000000 0
2751 1 3 000246 00000000 0
2752 1 3 000247 00000000 0
2754 2 3 000280 00000000 0
2755 2 3 000280 B39EEC3A 0
2756 2 3 000281 372C54A3 0
2757 2 3 000282 B2BA8D4F 0
2758 2 3 000283 00000000 0
2759 2 3 000284 00000000 0
2760 2 3 000285 00000000 0
2761 2 3 000286 00000000 0
2762 2 3 000287 00000000 0
2764 3 3 0002C0 00000000 0
2765 3 3 0002C0 C1312B21 0
2766 3 3 0002C1 21349951 0
2767 3 3 0002C2 252F3073 0
2768 3 3 0002C3 00000000 0
2769 3 3 0002C4 00000000 0
2770 3 3 0002C5 00000000 0
2771 3 3 0002C6 00000000 0
2772 3 3 0002C7 00000000 0
2774 0 1 000000 00000000 0
2790 4 3 000000 74CDDC5D 0
2791 4 3 000001 2851B04D 0
2792 4 3 000002 9B39F6BF 0
2793 4 3 000003 537CF14F 0
2794 4 3 000004 2843773F 0
2795 4 3 000005 7206A222 0
2796 4 3 000006 47266DA1 0
2797 4 3 000007 B7E68EA6 0
2799 1 1 000040 00000000 0
2815 4 3 000040 1C20E252 0
2816 4 3 000041 42DE3209 0
2817 4 3 000042 F260D0FD 0
2818 4 3 000043 D666826F 0
2819 4 3 000044 C2E6E400 0
2820 4 3 000045 73868BD1 0
2821 4 3 000046 B1D861B7 0
2822 4 3 000047 92291539 0
2824 2 1 000080 00000000 0
2840 4 3 000080 61F96662 0
2841 4 3 000081 7BC77738 0
2842 4 3 000082 A3A0DBED 0
2843 4 3 000083 106248F2 0
2844 4 3 000084 DD466640 0
2845 4 3 000085 171E0A86 0
2846 4 3 000086 7B83EC33 0
2847 4 3 000087 609D13E4 0
2849 3 1 0000C0 00000000 0
2865 4 3 0000C0 569839F0 0
2866 4 3 0000C1 0101F644 0
2867 4 3 0000C2 D1CD6560 0
2868 4 3 0000C3 0CEEF7AC 0
2869 4 3 0000C4 B32AAD5C 0
2870 4 3 0000C5 4EDAD468 0
2871 4 3 0000C6 BF00E96A 0
2872 4 3 0000C7 B182CAA0 0
3043 0 2 000203 00000000 0
3059 4 3 000200 BE9A1C2B 0
3060 4 3 000201 C90B6129 0
3061 4 3 000202 99D03BDE 0
3062 4 3 000203 00000000 0
3063 4 3 000204 00000000 0
3064 4 3 000205 00000000 0
3065 4 3 000206 00000000 0
3066 4 3 000207 00000000 0
3068 1 2 000243 00000000 0
3084 4 3 000240 D77606B2 0
3085 4 3 000241 9FB2C99E 0
3086 4 3 000242 829AEC3E 0
3087 4 3 000243 00000000 0
3088 4 3 000244 00000000 0
3089 4 3 000245 00000000 0
3090 4 3 000246 00000000 0
3091 4 3 000247 00000000 0
3093 2 2 000283 00000000 0
3109 4 3 000280 B39EEC3A 0
3110 4 3 000281 372C54A3 0
3111 4 3 000282 B2BA8D4F 0
3112 4 3 000283 00000000 0
3113 4 3 000284 00000000 0
3114 4 3 000285 00000000 0
3115 4 3 000286 00000000 0
3116 4 3 000287 00000000 0
3118 3 2 0002C3 00000000 0
3134 4 3 0002C0 C1312B21 0
3135 4 3 0002C1 21349951 0
3136 4 3 0002C2 252F3073 0
3137 4 3 0002C3 00000000 0
3138 4 3 0002C4 00000000 0
3139 4 3 0002C5 00000000 0
3140 4 3 0002C6 00000000 0
3141 4 3 0002C7 00000000 0
3143 0 3 000200 00000000 0
3144 0 3 000200 BE9A1C2B 0
3145 0 3 000201 C90B6129 0
3146 0 3 000202 99D03BDE 0
3147 0 3 000203 F982DFF0 0
3148 0 3 000204 00000000 0
3149 0 3 000205 00000000 0
3150 0 3 000206 00000000 0
3151 0 3 000207 00000000 0
3153 1 3 000240 00000000 0
3154 1 3 000240 D77606B2 0
3155 1 3 000241 9FB2C99E 0
3156 1 3 000242 829AEC3E 0
3157 1 3 000243 B96C6CB9 0
3158 1 3 000244 00000000 0
3159 1 3 000245 00000000 0
3160 1 3 000246 00000000 0
3161 1 3 000247 00000000 0
3163 2 3 000280 00000000 0
3164 2 3 000280 B39EEC3A 0
3165 2 3 000281 372C54A3 0
3166 2 3 000282 B2BA8D4F 0
3167 2 3 000283 1635221E 0
3168 2 3 000284 00000000 0
3169 2 3 000285 00000000 0
3170 2 3 000286 00000000 0
3171 2 3 000287 00000000 0
3173 3 3 0002C0 00000000 0
3174 3 3 0002C0 C1312B21 0
3175 3 3 0002C1 21349951 0
3176 3 3 0002C2 252F3073 0
3177 3 3 0002C3 19EFC111 0
3178 3 3 0002C4 00000000 0
3179 3 3 0002C5 00000000 0
3180 3 3 0002C6 00000000 0
3181 3 3 0002C7 00000000 0
3183 0 1 000000 00000000 0
3199 4 3 000000 74CDDC5D 0
3200 4 3 000001 2851B04D 0
3201 4 3 000002 9B39F6BF 0
3202 4 3 000003 537CF14F 0
3203 4 3 000004 2843773F 0
3204 4 3 000005 7206A222 0
3205 4 3 000006 47266DA1 0
3206 4 3 000007 B7E68EA6 0
3208 1 1 000040 00000000 0
3224 4 3 000040 1C20E252 0
3225 4 3 000041 42DE3209 0
3226 4 3 000042 F260D0FD 0
3227 4 3 000043 D666826F 0
3228 4 3 000044 C2E6E400 0
3229 4 3 000045 73868BD1 0
3230 4 3 000046 B1D861B7 0
3231 4 3 000047 92291539 0
3233 2 1 000080 00000000 0
3249 4 3 000080 61F96662 0
3250 4 3 000081 7BC77738 0
3251 4 3 000082 A3A0DBED 0
3252 4 3 000083 106248F2 0
3253 4 3 000084 DD466640 0
3254 4 3 000085 171E0A86 0
3255 4 3 000086 7B83EC33 0
3256 4 3 000087 609D13E4 0
3258 3 1 0000C0 00000000 0
3274 4 3 0000C0 569839F0 0
3275 4 3 0000C1 0101F644 0
3276 4 3 0000C2 D1CD6560 0
3277 4 3 0000C3 0CEEF7AC 0
3278 4 3 0000C4 B32AAD5C 0
3279 4 3 0000C5 4EDAD468 0
3280 4 3 0000C6 BF00E96A 0
3281 4 3 0000C7 B182CAA0 0
3452 0 2 000204 00000000 0
3468 4 3 000200 BE9A1C2B 0
3469 4 3 000201 C90B6129 0
3470 4 3 000202 99D03BDE 0
3471 4 3 000203 F982DFF0 0
3472 4 3 000204 00000000 0
3473 4 3 000205 00000000 0
3474 4 3 000206 00000000 0
3475 4 3 000207 00000000 0
3477 1 2 000244 00000000 0
3493 4 3 000240 D77606B2 0
3494 4 3 000241 9FB2C99E 0
3495 4 3 000242 829AEC3E 0
3496 4 3 000243 B96C6CB9 0
3497 4 3 000244 00000000 0
3498 4 3 000245 00000000 0
3499 4 3 000246 00000000 0
3500 4 3 000247 00000000 0
3502 2 2 000284 00000000 0
3518 4 3 000280 B39EEC3A 0
3519 4 3 000281 372C54A3 0
3520 4 3 000282 B2BA8D4F 0
3521 4 3 000283 1635221E 0
3522 4 3 000284 00000000 0
3523 4 3 000285 00000000 0
3524 4 3 000286 00000000 0
3525 4 3 000287 00000000 0
3527 3 2 0002C4 00000000 0
3543 4 3 0002C0 C1312B21 0
3544 4 3 0002C1 21349951 0
3545 4 3 0002C2 252F3073 0
3546 4 3 0002C3 19EFC111 0
3547 4 3 0002C4 00000000 0
3548 4 3 0002C5 00000000 0
3549 4 3 0002C6 00000000 0
3550 4 3 0002C7 00000000 0
3552 0 3 000200 00000000 0
3553 0 3 000200 BE9A1C2B 0
3554 0 3 000201 C90B6129 0
3555 0 3 000202 99D03BDE 0
3556 0 3 000203 F982DFF0 0
3557 0 3 000204 DAEB36A9 0
3558 0 3 000205 00000000 0
3559 0 3 000206 00000000 0
3560 0 3 000207 00000000 0
3562 1 3 000240 00000000 0
3563 1 3 000240 D77606B2 0
3564 1 3 000241 9FB2C99E 0
3565 1 3 000242 829AEC3E 0
3566 1 3 000243 B96C6CB9 0
3567 1 3 000244 C401B1B2 0
3568 1 3 000245 00000000 0
3569 1 3 000246 00000000 0
3570 1 3 000247 00000000 0
3572 2 3 000280 00000000 0
3573 2 3 000280 B39EEC3A 0
3574 2 3 000281 372C54A3 0
3575 2 3 000282 B2BA8D4F 0
3576 2 3 000283 1635221E 0
3577 2 3 000284 94B249E3 0
3578 2 3 000285 00000000 0
3579 2 3 000286 00000000 0
3580 2 3 000287 00000000 0
3582 3 3 0002C0 00000000 0
3583 3 3 0002C0 C1312B21 0
3584 3 3 0002C1 21349951 0
3585 3 3 0002C2 252F3073 0
3586 3 3 0002C3 19EFC111 0
3587 3 3 0002C4 E1A5A494 0
3588 3 3 0002C5 00000000 0
3589 3 3 0002C6 00000000 0
3590 3 3 0002C7 00000000 0
3592 0 1 000000 00000000 0
3608 4 3 000000 74CDDC5D 0
3609 4 3 000001 2851B04D 0
3610 4 3 000002 9B39F6BF 0
3611 4 3 000003 537CF14F 0
3612 4 3 000004 2843773F 0
3613 4 3 000005 7206A222 0
3614 4 3 000006 47266DA1 0
3615 4 3 000007 B7E68EA6 0
3617 1 1 000040 00000000 0
3633 4 3 000040 1C20E252 0
3634 4 3 000041 42DE3209 0
3635 4 3 000042 F260D0FD 0
3636 4 3 000043 D666826F 0
3637 4 3 000044 C2E6E400 0
3638 4 3 000045 73868BD1 0
3639 4 3 000046 B1D861B7 0
3640 4 3 000047 92291539 0
3642 2 1 000080 00000000 0
3658 4 3 000080 61F96662 0
3659 4 3 000081 7BC77738 0
3660 4 3 000082 A3A0DBED 0
3661 4 3 000083 106248F2 0
3662 4 3 000084 DD466640 0
3663 4 3 000085 171E0A86 0
3664 4 3 000086 7B83EC33 0
3665 4 3 000087 609D13E4 0
3667 3 1 0000C0 00000000 0
3683 4 3 0000C0 569839F0 0
3684 4 3 0000C1 0101F644 0
3685 4 3 0000C2 D1CD6560 0
3686 4 3 0000C3 0CEEF7AC 0
3687 4 3 0000C4 B32AAD5C 0
3688 4 3 0000C5 4EDAD468 0
3689 4 3 0000C6 BF00E96A 0
3690 4 3 0000C7 B182CAA0 0
3861 0 2 000205 00000000 0
3877 4 3 000200 BE9A1C2B 0
3878 4 3 000201 C90B6129 0
3879 4 3 000202 99D03BDE 0
3880 4 3 000203 F982DFF0 0
3881 4 3 000204 DAEB36A9 0
3882 4 3 000205 00000000 0
3883 4 3 000206 00000000 0
3884 4 3 000207 00000000 0
3886 1 2 000245 00000000 0
3902 4 3 000240 D77606B2 0
3903 4 3 000241 9FB2C99E 0
3904 4 3 000242 829AEC3E 0
3905 4 3 000243 B96C6CB9 0
3906 4 3 000244 C401B1B2 0
3907 4 3 000245 00000000 0
3908 4 3 000246 00000000 0
3909 4 3 000247 00000000 0
3911 2 2 000285 00000000 0
3927 4 3 000280 B39EEC3A 0
3928 4 3 000281 372C54A3 0
3929 4 3 000282 B2BA8D4F 0
3930 4 3 000283 1635221E 0
3931 4 3 000284 94B249E3 0
3932 4 3 000285 00000000 0
3933 4 3 000286 00000000 0
3934 4 3 000287 00000000 0
3936 3 2 0002C5 00000000 0
3952 4 3 0002C0 C1312B21 0
3953 4 3 0002C1 21349951 0
3954 4 3 0002C2 252F3073 0
3955 4 3 0002C3 19EFC111 0
3956 4 3 0002C4 E1A5A494 0
3957 4 3 0002C5 00000000 0
3958 4 3 0002C6 00000000 0
3959 4 3 0002C7 00000000 0
3961 0 3 000200 00000000 0
3962 0 3 000200 BE9A1C2B 0
3963 0 3 000201 C90B6129 0
3964 0 3 000202 99D03BDE 0
3965 0 3 000203 F982DFF0 0
3966 0 3 000204 DAEB36A9 0
3967 0 3 000205 56602BF0 0
3968 0 3 000206 00000000 0
3969 0 3 000207 00000000 0
3971 1 3 000240 00000000 0
3972 1 3 000240 D77606B2 0
3973 1 3 000241 9FB2C99E 0
3974 1 3 000242 829AEC3E 0
3975 1 3 000243 B96C6CB9 0
3976 1 3 000244 C401B1B2 0
3977 1 3 000245 67A59651 0
3978 1 3 000246 00000000 0
3979 1 3 000247 00000000 0
3981 2 3 000280 00000000 0
3982 2 3 000280 B39EEC3A 0
3983 2 3 000281 372C54A3 0
3984 2 3 000282 B2BA8D4F 0
3985 2 3 000283 1635221E 0
3986 2 3 000284 94B249E3 0
3987 2 3 000285 5F687D9C 0
3988 2 3 000286 00000000 0
3989 2 3 000287 00000000 0
3991 3 3 0002C0 00000000 0
3992 3 3 0002C0 C1312B21 0
3993 3 3 0002C1 21349951 0
3994 3 3 0002C2 252F3073 0
3995 3 3 0002C3 19EFC111 0
3996 3 3 0002C4 E1A5A494 0
3997 3 3 0002C5 BC2A6BD3 0
3998 3 3 0002C6 00000000 0
3999 3 3 0002C7 00000000 0
4001 0 1 000000 00000000 0
4017 4 3 000000 74CDDC5D 0
4018 4 3 000001 2851B04D 0
4019 4 3 000002 9B39F6BF 0
4020 4 3 000003 537CF14F 0
4021 4 3 000004 2843773F 0
4022 4 3 000005 7206A222 0
4023 4 3 000006 47266DA1 0
4024 4 3 000007 B7E68EA6 0
4026 1 1 000040 00000000 0
4042 4 3 000040 1C20E252 0
4043 4 3 000041 42DE3209 0
4044 4 3 000042 F260D0FD 0
4045 4 3 000043 D666826F 0
4046 4 3 000044 C2E6E400 0
4047 4 3 000045 73868BD1 0
4048 4 3 000046 B1D861B7 0
4049 4 3 000047 92291539 0
4051 2 1 000080 00000000 0
4067 4 3 000080 61F96662 0
4068 4 3 000081 7BC77738 0
4069 4 3 000082 A3A0DBED 0
4070 4 3 000083 106248F2 0
4071 4 3 000084 DD466640 0
4072 4 3 000085 171E0A86 0
4073 4 3 000086 7B83EC33 0
4074 4 3 000087 609D13E4 0
4076 3 1 0000C0 00000000 0
4092 4 3 0000C0 569839F0 0
4093 4 3 0000C1 0101F644 0
4094 4 3 0000C2 D1CD6560 0
4095 4 3 0000C3 0CEEF7AC 0
4096 4 3 0000C4 B32AAD5C 0
4097 4 3 0000C5 4EDAD468 0
4098 4 3 0000C6 BF00E96A 0
4099 4 3 0000C7 B182CAA0 0
4270 0 2 000206 00000000 0
4286 4 3 000200 BE9A1C2B 0
4287 4 3 000201 C90B6129 0
4288 4 3 000202 99D03BDE 0
4289 4 3 000203 F982DFF0 0
4290 4 3 000204 DAEB36A9 0
4291 4 3 000205 56602BF0 0
4292 4 3 000206 00000000 0
4293 4 3 000207 00000000 0
4295 1 2 000246 00000000 0
4311 4 3 000240 D77606B2 0
4312 4 3 000241 9FB2C99E 0
4313 4 3 000242 829AEC3E 0
4314 4 3 000243 B96C6CB9 0
4315 4 3 000244 C401B1B2 0
4316 4 3 000245 67A59651 0
4317 4 3 000246 00000000 0
4318 4 3 000247 00000000 0
4320 2 2 000286 00000000 0
4336 4 3 000280 B39EEC3A 0
4337 4 3 000281 372C54A3 0
4338 4 3 000282 B2BA8D4F 0
4339 4 3 000283 1635221E 0
4340 4 3 000284 94B249E3 0
4341 4 3 000285 5F687D9C 0
4342 4 3 000286 00000000 0
4343 4 3 000287 00000000 0
4345 3 2 0002C6 00000000 0
4361 4 3 0002C0 C1312B21 0
4362 4 3 0002C1 21349951 0
4363 4 3 0002C2 252F3073 0
4364 4 3 0002C3 19EFC111 0
4365 4 3 0002C4 E1A5A494 0
4366 4 3 0002C5 BC2A6BD3 0
4367 4 3 0002C6 00000000 0
4368 4 3 0002C7 00000000 0
4370 0 3 000200 00000000 0
4371 0 3 000200 BE9A1C2B 0
4372 0 3 000201 C90B6129 0
4373 0 3 000202 99D03BDE 0
4374 0 3 000203 F982DFF0 0
4375 0 3 000204 DAEB36A9 0
4376 0 3 000205 56602BF0 0
4377 0 3 000206 AD55AC33 0
4378 0 3 000207 00000000 0
4380 1 3 000240 00000000 0
4381 1 3 000240 D77606B2 0
4382 1 3 000241 9FB2C99E 0
4383 1 3 000242 829AEC3E 0
4384 1 3 000243 B96C6CB9 0
4385 1 3 000244 C401B1B2 0
4386 1 3 000245 67A59651 0
4387 1 3 000246 96B226B9 0
4388 1 3 000247 00000000 0
4390 2 3 000280 00000000 0
4391 2 3 000280 B39EEC3A 0
4392 2 3 000281 372C54A3 0
4393 2 3 000282 B2BA8D4F 0
4394 2 3 000283 1635221E 0
4395 2 3 000284 94B249E3 0
4396 2 3 000285 5F687D9C 0
4397 2 3 000286 77B349D6 0
4398 2 3 000287 00000000 0
4400 3 3 0002C0 00000000 0
4401 3 3 0002C0 C1312B21 0
4402 3 3 0002C1 21349951 0
4403 3 3 0002C2 252F3073 0
4404 3 3 0002C3 19EFC111 0
4405 3 3 0002C4 E1A5A494 0
4406 3 3 0002C5 BC2A6BD3 0
4407 3 3 0002C6 579F1CC7 0
4408 3 3 0002C7 00000000 0
4410 0 1 000000 00000000 0
4426 4 3 000000 74CDDC5D 0
4427 4 3 000001 2851B04D 0
4428 4 3 000002 9B39F6BF 0
4429 4 3 000003 537CF14F 0
4430 4 3 000004 2843773F 0
4431 4 3 000005 7206A222 0
4432 4 3 000006 47266DA1 0
4433 4 3 000007 B7E68EA6 0
4435 1 1 000040 00000000 0
4451 4 3 000040 1C20E252 0
4452 4 3 000041 42DE3209 0
4453 4 3 000042 F260D0FD 0
4454 4 3 000043 D666826F 0
4455 4 3 000044 C2E6E400 0
4456 4 3 000045 73868BD1 0
4457 4 3 000046 B1D861B7 0
4458 4 3 000047 92291539 0
4460 2 1 000080 00000000 0
4476 4 3 000080 61F96662 0
4477 4 3 000081 7BC77738 0
4478 4 3 000082 A3A0DBED 0
4479 4 3 000083 106248F2 0
4480 4 3 000084 DD466640 0
4481 4 3 000085 171E0A86 0
4482 4 3 000086 7B83EC33 0
4483 4 3 000087 609D13E4 0
4485 3 1 0000C0 00000000 0
4501 4 3 0000C0 569839F0 0
4502 4 3 0000C1 0101F644 0
4503 4 3 0000C2 D1CD6560 0
4504 4 3 0000C3 0CEEF7AC 0
4505 4 3 0000C4 B32AAD5C 0
4506 4 3 0000C5 4EDAD468 0
4507 4 3 0000C6 BF00E96A 0
4508 4 3 0000C7 B182CAA0 0
4679 0 2 000207 00000000 0
4695 4 3 000200 BE9A1C2B 0
4696 4 3 000201 C90B6129 0
4697 4 3 000202 99D03BDE 0
4698 4 3 000203 F982DFF0 0
4699 4 3 000204 DAEB36A9 0
4700 4 3 000205 56602BF0 0
4701 4 3 000206 AD55AC33 0
4702 4 3 000207 00000000 0
4704 1 2 000247 00000000 0
4720 4 3 000240 D77606B2 0
4721 4 3 000241 9FB2C99E 0
4722 4 3 000242 829AEC3E 0
4723 4 3 000243 B96C6CB9 0
4724 4 3 000244 C401B1B2 0
4725 4 3 000245 67A59651 0
4726 4 3 000246 96B226B9 0
4727 4 3 000247 00000000 0
4729 2 2 000287 00000000 0
4745 4 3 000280 B39EEC3A 0
4746 4 3 000281 372C54A3 0
4747 4 3 000282 B2BA8D4F 0
4748 4 3 000283 1635221E 0
4749 4 3 000284 94B249E3 0
4750 4 3 000285 5F687D9C 0
4751 4 3 000286 77B349D6 0
4752 4 3 000287 00000000 0
4754 3 2 0002C7 00000000 0
4770 4 3 0002C0 C1312B21 0
4771 4 3 0002C1 21349951 0
4772 4 3 0002C2 252F3073 0
4773 4 3 0002C3 19EFC111 0
4774 4 3 0002C4 E1A5A494 0
4775 4 3 0002C5 BC2A6BD3 0
4776 4 3 0002C6 579F1CC7 0
4777 4 3 0002C7 00000000 0
4779 0 3 000200 00000000 0
4780 0 3 000200 BE9A1C2B 0
4781 0 3 000201 C90B6129 0
4782 0 3 000202 99D03BDE 0
4783 0 3 000203 F982DFF0 0
4784 0 3 000204 DAEB36A9 0
4785 0 3 000205 56602BF0 0
4786 0 3 000206 AD55AC33 0
4787 0 3 000207 AF0763B8 0
4789 1 3 000240 00000000 0
4790 1 3 000240 D77606B2 0
4791 1 3 000241 9FB2C99E 0
4792 1 3 000242 829AEC3E 0
4793 1 3 000243 B96C6CB9 0
4794 1 3 000244 C401B1B2 0
4795 1 3 000245 67A59651 0
4796 1 3 000246 96B226B9 0
4797 1 3 000247 9B362285 0
4799 2 3 000280 00000000 0
4800 2 3 000280 B39EEC3A 0
4801 2 3 000281 372C54A3 0
4802 2 3 000282 B2BA8D4F 0
4803 2 3 000283 1635221E 0
4804 2 3 000284 94B249E3 0
4805 2 3 000285 5F687D9C 0
4806 2 3 000286 77B349D6 0
4807 2 3 000287 31C548DE 0
4809 3 3 0002C0 00000000 0
4810 3 3 0002C0 C1312B21 0
4811 3 3 0002C1 21349951 0
4812 3 3 0002C2 252F3073 0
4813 3 3 0002C3 19EFC111 0
4814 3 3 0002C4 E1A5A494 0
4815 3 3 0002C5 BC2A6BD3 0
4816 3 3 0002C6 579F1CC7 0
4817 3 3 0002C7 0F2F8215 0
4819 0 1 000000 00000000 0
4835 4 3 000000 74CDDC5D 0
4836 4 3 000001 2851B04D 0
4837 4 3 000002 9B39F6BF 0
4838 4 3 000003 537CF14F 0
4839 4 3 000004 2843773F 0
4840 4 3 000005 7206A222 0
4841 4 3 000006 47266DA1 0
4842 4 3 000007 B7E68EA6 0
4844 1 1 000040 00000000 0
4860 4 3 000040 1C20E252 0
4861 4 3 000041 42DE3209 0
4862 4 3 000042 F260D0FD 0
4863 4 3 000043 D666826F 0
4864 4 3 000044 C2E6E400 0
4865 4 3 000045 73868BD1 0
4866 4 3 000046 B1D861B7 0
4867 4 3 000047 92291539 0
4869 2 1 000080 00000000 0
4885 4 3 000080 61F96662 0
4886 4 3 000081 7BC77738 0
4887 4 3 000082 A3A0DBED 0
4888 4 3 000083 106248F2 0
4889 4 3 000084 DD466640 0
4890 4 3 000085 171E0A86 0
4891 4 3 000086 7B83EC33 0
4892 4 3 000087 609D13E4 0
4894 3 1 0000C0 00000000 0
4910 4 3 0000C0 569839F0 0
4911 4 3 0000C1 0101F644 0
4912 4 3 0000C2 D1CD6560 0
4913 4 3 0000C3 0CEEF7AC 0
4914 4 3 0000C4 B32AAD5C 0
4915 4 3 0000C5 4EDAD468 0
4916 4 3 0000C6 BF00E96A 0
4917 4 3 0000C7 B182CAA0 0
4919 0 1 000108 00000000 0
4935 4 3 000108 B23B9B3E 0
4936 4 3 000109 643A549D 0
4937 4 3 00010A 09508CD8 0
4938 4 3 00010B 5F2F30B2 0
4939 4 3 00010C 598F30D1 0
4940 4 3 00010D 825E13C2 0
4941 4 3 00010E 538D9B01 0
4942 4 3 00010F 1FCE1FB6 0
4944 1 1 000108 00000000 1
4960 4 3 000108 B23B9B3E 1
4961 4 3 000109 643A549D 1
4962 4 3 00010A 09508CD8 1
4963 4 3 00010B 5F2F30B2 1
4964 4 3 00010C 598F30D1 1
4965 4 3 00010D 825E13C2 1
4966 4 3 00010E 538D9B01 1
4967 4 3 00010F 1FCE1FB6 1
4969 2 1 000108 00000000 1
4985 4 3 000108 B23B9B3E 1
4986 4 3 000109 643A549D 1
4987 4 3 00010A 09508CD8 1
4988 4 3 00010B 5F2F30B2 1
4989 4 3 00010C 598F30D1 1
4990 4 3 00010D 825E13C2 1
4991 4 3 00010E 538D9B01 1
4992 4 3 00010F 1FCE1FB6 1
4994 3 1 000108 00000000 1
5010 4 3 000108 B23B9B3E 1
5011 4 3 000109 643A549D 1
5012 4 3 00010A 09508CD8 1
5013 4 3 00010B 5F2F30B2 1
5014 4 3 00010C 598F30D1 1
5015 4 3 00010D 825E13C2 1
5016 4 3 00010E 538D9B01 1
5017 4 3 00010F 1FCE1FB6 1
5019 0 1 000118 00000000 0
5035 4 3 000118 F127F587 0
5036 4 3 000119 18A841A7 0
5037 4 3 00011A A978DC6C 0
5038 4 3 00011B 2D330FFE 0
5039 4 3 00011C 9ABDAD88 0
5040 4 3 00011D D9A65CDB 0
5041 4 3 00011E 4D8D383B 0
5042 4 3 00011F 247B2BAB 0
5044 1 1 000118 00000000 1
5060 4 3 000118 F127F587 1
5061 4 3 000119 18A841A7 1
5062 4 3 00011A A978DC6C 1
5063 4 3 00011B 2D330FFE 1
5064 4 3 00011C 9ABDAD88 1
5065 4 3 00011D D9A65CDB 1
5066 4 3 00011E 4D8D383B 1
5067 4 3 00011F 247B2BAB 1
5069 2 1 000118 00000000 1
5085 4 3 000118 F127F587 1
5086 4 3 000119 18A841A7 1
5087 4 3 00011A A978DC6C 1
5088 4 3 00011B 2D330FFE 1
5089 4 3 00011C 9ABDAD88 1
5090 4 3 00011D D9A65CDB 1
5091 4 3 00011E 4D8D383B 1
5092 4 3 00011F 247B2BAB 1
5094 3 1 000118 00000000 1
5110 4 3 000118 F127F587 1
5111 4 3 000119 18A841A7 1
5112 4 3 00011A A978DC6C 1
5113 4 3 00011B 2D330FFE 1
5114 4 3 00011C 9ABDAD88 1
5115 4 3 00011D D9A65CDB 1
5116 4 3 00011E 4D8D383B 1
5117 4 3 00011F 247B2BAB 1
5119 0 1 000128 00000000 0
5135 4 3 000128 89031CD4 0
5136 4 3 000129 C446EE75 0
5137 4 3 00012A 8F1D471D 0
5138 4 3 00012B DB2B6D98 0
5139 4 3 00012C EA61A5DC 0
5140 4 3 00012D A2E0444B 0
5141 4 3 00012E E239EC1D 0
5142 4 3 00012F BC3D72D5 0
5144 1 1 000128 00000000 1
5160 4 3 000128 89031CD4 1
5161 4 3 000129 C446EE75 1
5162 4 3 00012A 8F1D471D 1
5163 4 3 00012B DB2B6D98 1
5164 4 3 00012C EA61A5DC 1
5165 4 3 00012D A2E0444B 1
5166 4 3 00012E E239EC1D 1
5167 4 3 00012F BC3D72D5 1
5169 2 1 000128 00000000 1
5185 4 3 000128 89031CD4 1
5186 4 3 000129 C446EE75 1
5187 4 3 00012A 8F1D471D 1
5188 4 3 00012B DB2B6D98 1
5189 4 3 00012C EA61A5DC 1
5190 4 3 00012D A2E0444B 1
5191 4 3 00012E E239EC1D 1
5192 4 3 00012F BC3D72D5 1
5194 3 1 000128 00000000 1
5210 4 3 000128 89031CD4 1
5211 4 3 000129 C446EE75 1
5212 4 3 00012A 8F1D471D 1
5213 4 3 00012B DB2B6D98 1
5214 4 3 00012C EA61A5DC 1
5215 4 3 00012D A2E0444B 1
5216 4 3 00012E E239EC1D 1
5217 4 3 00012F BC3D72D5 1
5219 0 1 000138 00000000 0
5235 4 3 000138 D44A1821 0
5236 4 3 000139 ECA472AC 0
5237 4 3 00013A F797F325 0
5238 4 3 00013B 38101343 0
5239 4 3 00013C 40207F6F 0
5240 4 3 00013D 94D53D79 0
5241 4 3 00013E 192FBCAB 0
5242 4 3 00013F 492DCC02 0
5244 1 1 000138 00000000 1
5260 4 3 000138 D44A1821 1
5261 4 3 000139 ECA472AC 1
5262 4 3 00013A F797F325 1
5263 4 3 00013B 38101343 1
5264 4 3 00013C 40207F6F 1
5265 4 3 00013D 94D53D79 1
5266 4 3 00013E 192FBCAB 1
5267 4 3 00013F 492DCC02 1
5269 2 1 000138 00000000 1
5285 4 3 000138 D44A1821 1
5286 4 3 000139 ECA472AC 1
5287 4 3 00013A F797F325 1
5288 4 3 00013B 38101343 1
5289 4 3 00013C 40207F6F 1
5290 4 3 00013D 94D53D79 1
5291 4 3 00013E 192FBCAB 1
5292 4 3 00013F 492DCC02 1
5294 3 1 000138 00000000 1
5310 4 3 000138 D44A1821 1
5311 4 3 000139 ECA472AC 1
5312 4 3 00013A F797F325 1
5313 4 3 00013B 38101343 1
5314 4 3 00013C 40207F6F 1
5315 4 3 00013D 94D53D79 1
5316 4 3 00013E 192FBCAB 1
5317 4 3 00013F 492DCC02 1
5319 0 1 000148 00000000 0
5335 4 3 000148 32CB5F34 0
5336 4 3 000149 1B42ED16 0
5337 4 3 00014A 983F4360 0
5338 4 3 00014B B9D81090 0
5339 4 3 00014C 0A36C0DB 0
5340 4 3 00014D 0789270A 0
5341 4 3 00014E 069B79E5 0
5342 4 3 00014F 3DF3857D 0
5344 1 1 000148 00000000 1
5360 4 3 000148 32CB5F34 1
5361 4 3 000149 1B42ED16 1
5362 4 3 00014A 983F4360 1
5363 4 3 00014B B9D81090 1
5364 4 3 00014C 0A36C0DB 1
5365 4 3 00014D 0789270A 1
5366 4 3 00014E 069B79E5 1
5367 4 3 00014F 3DF3857D 1
5369 2 1 000148 00000000 1
5385 4 3 000148 32CB5F34 1
5386 4 3 000149 1B42ED16 1
5387 4 3 00014A 983F4360 1
5388 4 3 00014B B9D81090 1
5389 4 3 00014C 0A36C0DB 1
5390 4 3 00014D 0789270A 1
5391 4 3 00014E 069B79E5 1
5392 4 3 00014F 3DF3857D 1
5394 3 1 000148 00000000 1
5410 4 3 000148 32CB5F34 1
5411 4 3 000149 1B42ED16 1
5412 4 3 00014A 983F4360 1
5413 4 3 00014B B9D81090 1
5414 4 3 00014C 0A36C0DB 1
5415 4 3 00014D 0789270A 1
5416 4 3 00014E 069B79E5 1
5417 4 3 00014F 3DF3857D 1
5419 0 1 000158 00000000 0
5435 4 3 000158 D3EACE2C 0
5436 4 3 000159 64E772BA 0
5437 4 3 00015A 2486F20C 0
5438 4 3 00015B D82B68A7 0
5439 4 3 00015C AA04781D 0
5440 4 3 00015D AB532F32 0
5441 4 3 00015E 0110BD27 0
5442 4 3 00015F 5446E90F 0
5444 1 1 000158 00000000 1
5460 4 3 000158 D3EACE2C 1
5461 4 3 000159 64E772BA 1
5462 4 3 00015A 2486F20C 1
5463 4 3 00015B D82B68A7 1
5464 4 3 00015C AA04781D 1
5465 4 3 00015D AB532F32 1
5466 4 3 00015E 0110BD27 1
5467 4 3 00015F 5446E90F 1
5469 2 1 000158 00000000 1
5485 4 3 000158 D3EACE2C 1
5486 4 3 000159 64E772BA 1
5487 4 3 00015A 2486F20C 1
5488 4 3 00015B D82B68A7 1
5489 4 3 00015C AA04781D 1
5490 4 3 00015D AB532F32 1
5491 4 3 00015E 0110BD27 1
5492 4 3 00015F 5446E90F 1
5494 3 1 000158 00000000 1
5510 4 3 000158 D3EACE2C 1
5511 4 3 000159 64E772BA 1
5512 4 3 00015A 2486F20C 1
5513 4 3 00015B D82B68A7 1
5514 4 3 00015C AA04781D 1
5515 4 3 00015D AB532F32 1
5516 4 3 00015E 0110BD27 1
5517 4 3 00015F 5446E90F 1
5519 0 1 000168 00000000 0
5535 4 3 000168 92E0AA60 0
5536 4 3 000169 F89ED23F 0
5537 4 3 00016A 706893DD 0
5538 4 3 00016B F71E9023 0
5539 4 3 00016C 5556D0BB 0
5540 4 3 00016D CA8F8A59 0
5541 4 3 00016E 2DCFB275 0
5542 4 3 00016F E146C21C 0
5544 1 1 000168 00000000 1
5560 4 3 000168 92E0AA60 1
5561 4 3 000169 F89ED23F 1
5562 4 3 00016A 706893DD 1
5563 4 3 00016B F71E9023 1
5564 4 3 00016C 5556D0BB 1
5565 4 3 00016D CA8F8A59 1
5566 4 3 00016E 2DCFB275 1
5567 4 3 00016F E146C21C 1
5569 2 1 000168 00000000 1
5585 4 3 000168 92E0AA60 1
5586 4 3 000169 F89ED23F 1
5587 4 3 00016A 706893DD 1
5588 4 3 00016B F71E9023 1
5589 4 3 00016C 5556D0BB 1
5590 4 3 00016D CA8F8A59 1
5591 4 3 00016E 2DCFB275 1
5592 4 3 00016F E146C21C 1
5594 3 1 000168 00000000 1
5610 4 3 000168 92E0AA60 1
5611 4 3 000169 F89ED23F 1
5612 4 3 00016A 706893DD 1
5613 4 3 00016B F71E9023 1
5614 4 3 00016C 5556D0BB 1
5615 4 3 00016D CA8F8A59 1
5616 4 3 00016E 2DCFB275 1
5617 4 3 00016F E146C21C 1
5619 0 1 000178 00000000 0
5635 4 3 000178 D89EDA38 0
5636 4 3 000179 D80D987D 0
5637 4 3 00017A DBBEB1E8 0
5638 4 3 00017B CE20E8FD 0
5639 4 3 00017C F1D63C6C 0
5640 4 3 00017D CC08EFB0 0
5641 4 3 00017E 325EAE5D 0
5642 4 3 00017F 0D102A75 0
5644 1 1 000178 00000000 1
5660 4 3 000178 D89EDA38 1
5661 4 3 000179 D80D987D 1
5662 4 3 00017A DBBEB1E8 1
5663 4 3 00017B CE20E8FD 1
5664 4 3 00017C F1D63C6C 1
5665 4 3 00017D CC08EFB0 1
5666 4 3 00017E 325EAE5D 1
5667 4 3 00017F 0D102A75 1
5669 2 1 000178 00000000 1
5685 4 3 000178 D89EDA38 1
5686 4 3 000179 D80D987D 1
5687 4 3 00017A DBBEB1E8 1
5688 4 3 00017B CE20E8FD 1
5689 4 3 00017C F1D63C6C 1
5690 4 3 00017D CC08EFB0 1
5691 4 3 00017E 325EAE5D 1
5692 4 3 00017F 0D102A75 1
5694 3 1 000178 00000000 1
5710 4 3 000178 D89EDA38 1
5711 4 3 000179 D80D987D 1
5712 4 3 00017A DBBEB1E8 1
5713 4 3 00017B CE20E8FD 1
5714 4 3 00017C F1D63C6C 1
5715 4 3 00017D CC08EFB0 1
5716 4 3 00017E 325EAE5D 1
5717 4 3 00017F 0D102A75 1
5719 0 1 000188 00000000 0
5735 4 3 000188 FFDD7A62 0
5736 4 3 000189 B50B0B54 0
5737 4 3 00018A DBF6BB19 0
5738 4 3 00018B 6CB7C2ED 0
5739 4 3 00018C 98F99A48 0
5740 4 3 00018D 3D35C345 0
5741 4 3 00018E 4AEB1A58 0
5742 4 3 00018F ABFEA292 0
5744 1 1 000188 00000000 1
5760 4 3 000188 FFDD7A62 1
5761 4 3 000189 B50B0B54 1
5762 4 3 00018A DBF6BB19 1
5763 4 3 00018B 6CB7C2ED 1
5764 4 3 00018C 98F99A48 1
5765 4 3 00018D 3D35C345 1
5766 4 3 00018E 4AEB1A58 1
5767 4 3 00018F ABFEA292 1
5769 2 1 000188 00000000 1
5785 4 3 000188 FFDD7A62 1
5786 4 3 000189 B50B0B54 1
5787 4 3 00018A DBF6BB19 1
5788 4 3 00018B 6CB7C2ED 1
5789 4 3 00018C 98F99A48 1
5790 4 3 00018D 3D35C345 1
5791 4 3 00018E 4AEB1A58 1
5792 4 3 00018F ABFEA292 1
5794 3 1 000188 00000000 1
5810 4 3 000188 FFDD7A62 1
5811 4 3 000189 B50B0B54 1
5812 4 3 00018A DBF6BB19 1
5813 4 3 00018B 6CB7C2ED 1
5814 4 3 00018C 98F99A48 1
5815 4 3 00018D 3D35C345 1
5816 4 3 00018E 4AEB1A58 1
5817 4 3 00018F ABFEA292 1
5819 0 1 000198 00000000 0
5835 4 3 000198 95D64E77 0
5836 4 3 000199 28D0594A 0
5837 4 3 00019A 5AB02D81 0
5838 4 3 00019B 04BFF470 0
5839 4 3 00019C BB2CF0D5 0
5840 4 3 00019D 58E224AD 0
5841 4 3 00019E CAD9BBE1 0
5842 4 3 00019F E8E42C6A 0
5844 1 1 000198 00000000 1
5860 4 3 000198 95D64E77 1
5861 4 3 000199 28D0594A 1
5862 4 3 00019A 5AB02D81 1
5863 4 3 00019B 04BFF470 1
5864 4 3 00019C BB2CF0D5 1
5865 4 3 00019D 58E224AD 1
5866 4 3 00019E CAD9BBE1 1
5867 4 3 00019F E8E42C6A 1
5869 2 1 000198 00000000 1
5885 4 3 000198 95D64E77 1
5886 4 3 000199 28D0594A 1
5887 4 3 00019A 5AB02D81 1
5888 4 3 00019B 04BFF470 1
5889 4 3 00019C BB2CF0D5 1
5890 4 3 00019D 58E224AD 1
5891 4 3 00019E CAD9BBE1 1
5892 4 3 00019F E8E42C6A 1
5894 3 1 000198 00000000 1
5910 4 3 000198 95D64E77 1
5911 4 3 000199 28D0594A 1
5912 4 3 00019A 5AB02D81 1
5913 4 3 00019B 04BFF470 1
5914 4 3 00019C BB2CF0D5 1
5915 4 3 00019D 58E224AD 1
5916 4 3 00019E CAD9BBE1 1
5917 4 3 00019F E8E42C6A 1
5919 0 1 0001A8 00000000 0
5935 4 3 0001A8 95AB09C4 0
5936 4 3 0001A9 0525F7B2 0
5937 4 3 0001AA BD11E0A7 0
5938 4 3 0001AB 88766193 0
5939 4 3 0001AC 6D5EDC2F 0
5940 4 3 0001AD 5F852FDA 0
5941 4 3 0001AE 27AAFDF0 0
5942 4 3 0001AF 46CC8601 0
5944 1 1 0001A8 00000000 1
5960 4 3 0001A8 95AB09C4 1
5961 4 3 0001A9 0525F7B2 1
5962 4 3 0001AA BD11E0A7 1
5963 4 3 0001AB 88766193 1
5964 4 3 0001AC 6D5EDC2F 1
5965 4 3 0001AD 5F852FDA 1
5966 4 3 0001AE 27AAFDF0 1
5967 4 3 0001AF 46CC8601 1
5969 2 1 0001A8 00000000 1
5985 4 3 0001A8 95AB09C4 1
5986 4 3 0001A9 0525F7B2 1
5987 4 3 0001AA BD11E0A7 1
5988 4 3 0001AB 88766193 1
5989 4 3 0001AC 6D5EDC2F 1
5990 4 3 0001AD 5F852FDA 1
5991 4 3 0001AE 27AAFDF0 1
5992 4 3 0001AF 46CC8601 1
5994 3 1 0001A8 00000000 1
6010 4 3 0001A8 95AB09C4 1
6011 4 3 0001A9 0525F7B2 1
6012 4 3 0001AA BD11E0A7 1
6013 4 3 0001AB 88766193 1
6014 4 3 0001AC 6D5EDC2F 1
6015 4 3 0001AD 5F852FDA 1
6016 4 3 0001AE 27AAFDF0 1
6017 4 3 0001AF 46CC8601 1
6019 0 1 0001B8 00000000 0
6035 4 3 0001B8 8AC54293 0
6036 4 3 0001B9 4CD31B7C 0
6037 4 3 0001BA F9777EC7 0
6038 4 3 0001BB 7FB6D8CA 0
6039 4 3 0001BC 2E8E24AA 0
6040 4 3 0001BD DD9C5E5C 0
6041 4 3 0001BE FDEEE658 0
6042 4 3 0001BF 41C016E3 0
6044 1 1 0001B8 00000000 1
6060 4 3 0001B8 8AC54293 1
6061 4 3 0001B9 4CD31B7C 1
6062 4 3 0001BA F9777EC7 1
6063 4 3 0001BB 7FB6D8CA 1
6064 4 3 0001BC 2E8E24AA 1
6065 4 3 0001BD DD9C5E5C 1
6066 4 3 0001BE FDEEE658 1
6067 4 3 0001BF 41C016E3 1
6069 2 1 0001B8 00000000 1
6085 4 3 0001B8 8AC54293 1
6086 4 3 0001B9 4CD31B7C 1
6087 4 3 0001BA F9777EC7 1
6088 4 3 0001BB 7FB6D8CA 1
6089 4 3 0001BC 2E8E24AA 1
6090 4 3 0001BD DD9C5E5C 1
6091 4 3 0001BE FDEEE658 1
6092 4 3 0001BF 41C016E3 1
6094 3 1 0001B8 00000000 1
6110 4 3 0001B8 8AC54293 1
6111 4 3 0001B9 4CD31B7C 1
6112 4 3 0001BA F9777EC7 1
6113 4 3 0001BB 7FB6D8CA 1
6114 4 3 0001BC 2E8E24AA 1
6115 4 3 0001BD DD9C5E5C 1
6116 4 3 0001BE FDEEE658 1
6117 4 3 0001BF 41C016E3 1
6119 0 1 0001C8 00000000 0
6135 4 3 0001C8 E9748B5B 0
6136 4 3 0001C9 88733802 0
6137 4 3 0001CA 93411626 0
6138 4 3 0001CB 4FDE508F 0
6139 4 3 0001CC EF72E4D9 0
6140 4 3 0001CD E9F9415C 0
6141 4 3 0001CE ECCE6628 0
6142 4 3 0001CF 16210B4E 0
6144 1 1 0001C8 00000000 1
6160 4 3 0001C8 E9748B5B 1
6161 4 3 0001C9 88733802 1
6162 4 3 0001CA 93411626 1
6163 4 3 0001CB 4FDE508F 1
6164 4 3 0001CC EF72E4D9 1
6165 4 3 0001CD E9F9415C 1
6166 4 3 0001CE ECCE6628 1
6167 4 3 0001CF 16210B4E 1
6169 2 1 0001C8 00000000 1
6185 4 3 0001C8 E9748B5B 1
6186 4 3 0001C9 88733802 1
6187 4 3 0001CA 93411626 1
6188 4 3 0001CB 4FDE508F 1
6189 4 3 0001CC EF72E4D9 1
6190 4 3 0001CD E9F9415C 1
6191 4 3 0001CE ECCE6628 1
6192 4 3 0001CF 16210B4E 1
6194 3 1 0001C8 00000000 1
6210 4 3 0001C8 E9748B5B 1
6211 4 3 0001C9 88733802 1
6212 4 3 0001CA 93411626 1
6213 4 3 0001CB 4FDE508F 1
6214 4 3 0001CC EF72E4D9 1
6215 4 3 0001CD E9F9415C 1
6216 4 3 0001CE ECCE6628 1
6217 4 3 0001CF 16210B4E 1
6219 0 1 0001D8 00000000 0
6235 4 3 0001D8 EDC70D2E 0
6236 4 3 0001D9 1CDF0A6E 0
6237 4 3 0001DA 0BEC40A1 0
6238 4 3 0001DB 572EB0D5 0
6239 4 3 0001DC E7AEBF40 0
6240 4 3 0001DD E11E347B 0
6241 4 3 0001DE 4E50E0C9 0
6242 4 3 0001DF 7938B0DA 0
6244 1 1 0001D8 00000000 1
6260 4 3 0001D8 EDC70D2E 1
6261 4 3 0001D9 1CDF0A6E 1
6262 4 3 0001DA 0BEC40A1 1
6263 4 3 0001DB 572EB0D5 1
6264 4 3 0001DC E7AEBF40 1
6265 4 3 0001DD E11E347B 1
6266 4 3 0001DE 4E50E0C9 1
6267 4 3 0001DF 7938B0DA 1
6269 2 1 0001D8 00000000 1
6285 4 3 0001D8 EDC70D2E 1
6286 4 3 0001D9 1CDF0A6E 1
6287 4 3 0001DA 0BEC40A1 1
6288 4 3 0001DB 572EB0D5 1
6289 4 3 0001DC E7AEBF40 1
6290 4 3 0001DD E11E347B 1
6291 4 3 0001DE 4E50E0C9 1
6292 4 3 0001DF 7938B0DA 1
6294 3 1 0001D8 00000000 1
6310 4 3 0001D8 EDC70D2E 1
6311 4 3 0001D9 1CDF0A6E 1
6312 4 3 0001DA 0BEC40A1 1
6313 4 3 0001DB 572EB0D5 1
6314 4 3 0001DC E7AEBF40 1
6315 4 3 0001DD E11E347B 1
6316 4 3 0001DE 4E50E0C9 1
6317 4 3 0001DF 7938B0DA 1
6319 0 1 0001E8 00000000 0
6335 4 3 0001E8 E4B87804 0
6336 4 3 0001E9 0A4E3A32 0
6337 4 3 0001EA B691D0A8 0
6338 4 3 0001EB E04F7713 0
6339 4 3 0001EC 5D4D39B1 0
6340 4 3 0001ED 7238483F 0
6341 4 3 0001EE 8D4FE735 0
6342 4 3 0001EF 8A06156E 0
6344 1 1 0001E8 00000000 1
6360 4 3 0001E8 E4B87804 1
6361 4 3 0001E9 0A4E3A32 1
6362 4 3 0001EA B691D0A8 1
6363 4 3 0001EB E04F7713 1
6364 4 3 0001EC 5D4D39B1 1
6365 4 3 0001ED 7238483F 1
6366 4 3 0001EE 8D4FE735 1
6367 4 3 0001EF 8A06156E 1
6369 2 1 0001E8 00000000 1
6385 4 3 0001E8 E4B87804 1
6386 4 3 0001E9 0A4E3A32 1
6387 4 3 0001EA B691D0A8 1
6388 4 3 0001EB E04F7713 1
6389 4 3 0001EC 5D4D39B1 1
6390 4 3 0001ED 7238483F 1
6391 4 3 0001EE 8D4FE735 1
6392 4 3 0001EF 8A06156E 1
6394 3 1 0001E8 00000000 1
6410 4 3 0001E8 E4B87804 1
6411 4 3 0001E9 0A4E3A32 1
6412 4 3 0001EA B691D0A8 1
6413 4 3 0001EB E04F7713 1
6414 4 3 0001EC 5D4D39B1 1
6415 4 3 0001ED 7238483F 1
6416 4 3 0001EE 8D4FE735 1
6417 4 3 0001EF 8A06156E 1
6419 0 1 0001F8 00000000 0
6435 4 3 0001F8 23F5A483 0
6436 4 3 0001F9 9DC4BB3F 0
6437 4 3 0001FA 21AE5B02 0
6438 4 3 0001FB 85351C75 0
6439 4 3 0001FC 807615E8 0
6440 4 3 0001FD 388253DD 0
6441 4 3 0001FE 5857103E 0
6442 4 3 0001FF B7718BC7 0
6444 1 1 0001F8 00000000 1
6460 4 3 0001F8 23F5A483 1
6461 4 3 0001F9 9DC4BB3F 1
6462 4 3 0001FA 21AE5B02 1
6463 4 3 0001FB 85351C75 1
6464 4 3 0001FC 807615E8 1
6465 4 3 0001FD 388253DD 1
6466 4 3 0001FE 5857103E 1
6467 4 3 0001FF B7718BC7 1
6469 2 1 0001F8 00000000 1
6485 4 3 0001F8 23F5A483 1
6486 4 3 0001F9 9DC4BB3F 1
6487 4 3 0001FA 21AE5B02 1
6488 4 3 0001FB 85351C75 1
6489 4 3 0001FC 807615E8 1
6490 4 3 0001FD 388253DD 1
6491 4 3 0001FE 5857103E 1
6492 4 3 0001FF B7718BC7 1
6494 3 1 0001F8 00000000 1
6510 4 3 0001F8 23F5A483 1
6511 4 3 0001F9 9DC4BB3F 1
6512 4 3 0001FA 21AE5B02 1
6513 4 3 0001FB 85351C75 1
6514 4 3 0001FC 807615E8 1
6515 4 3 0001FD 388253DD 1
6516 4 3 0001FE 5857103E 1
6517 4 3 0001FF B7718BC7 1
6519 0 2 000208 00000000 0
6535 4 3 000208 00000000 0
6536 4 3 000209 00000000 0
6537 4 3 00020A 00000000 0
6538 4 3 00020B 00000000 0
6539 4 3 00020C 00000000 0
6540 4 3 00020D 00000000 0
6541 4 3 00020E 00000000 0
6542 4 3 00020F 00000000 0
6544 1 2 000248 00000000 0
6560 4 3 000248 00000000 0
6561 4 3 000249 00000000 0
6562 4 3 00024A 00000000 0
6563 4 3 00024B 00000000 0
6564 4 3 00024C 00000000 0
6565 4 3 00024D 00000000 0
6566 4 3 00024E 00000000 0
6567 4 3 00024F 00000000 0
6569 2 2 000288 00000000 0
6585 4 3 000288 00000000 0
6586 4 3 000289 00000000 0
6587 4 3 00028A 00000000 0
6588 4 3 00028B 00000000 0
6589 4 3 00028C 00000000 0
6590 4 3 00028D 00000000 0
6591 4 3 00028E 00000000 0
6592 4 3 00028F 00000000 0
6594 3 2 0002C8 00000000 0
6610 4 3 0002C8 00000000 0
6611 4 3 0002C9 00000000 0
6612 4 3 0002CA 00000000 0
6613 4 3 0002CB 00000000 0
6614 4 3 0002CC 00000000 0
6615 4 3 0002CD 00000000 0
6616 4 3 0002CE 00000000 0
6617 4 3 0002CF 00000000 0
6672 0 3 000208 00000000 0
6673 0 3 000208 87171F12 0
6674 0 3 000209 00000000 0
6675 0 3 00020A 00000000 0
6676 0 3 00020B 00000000 0
6677 0 3 00020C 00000000 0
6678 0 3 00020D 00000000 0
6679 0 3 00020E 00000000 0
6680 0 3 00020F 00000000 0
6682 0 1 000008 00000000 0
6698 4 3 000008 DA481CBF 0
6699 4 3 000009 DEDD8495 0
6700 4 3 00000A 224A4176 0
6701 4 3 00000B 87C0352E 0
6702 4 3 00000C 97696810 0
6703 4 3 00000D 379051DE 0
6704 4 3 00000E 76E21E65 0
6705 4 3 00000F 6128337D 0
6707 1 3 000248 00000000 0
6708 1 3 000248 9531D224 0
6709 1 3 000249 00000000 0
6710 1 3 00024A 00000000 0
6711 1 3 00024B 00000000 0
6712 1 3 00024C 00000000 0
6713 1 3 00024D 00000000 0
6714 1 3 00024E 00000000 0
6715 1 3 00024F 00000000 0
6717 1 1 000048 00000000 0
6733 4 3 000048 9D27FB3E 0
6734 4 3 000049 B7A11200 0
6735 4 3 00004A E6582944 0
6736 4 3 00004B 49F436B9 0
6737 4 3 00004C 47B6BAC0 0
6738 4 3 00004D B9DB3ADC 0
6739 4 3 00004E 693E1A13 0
6740 4 3 00004F C60AA05D 0
6742 2 3 000288 00000000 0
6743 2 3 000288 BAC02695 0
6744 2 3 000289 00000000 0
6745 2 3 00028A 00000000 0
6746 2 3 00028B 00000000 0
6747 2 3 00028C 00000000 0
6748 2 3 00028D 00000000 0
6749 2 3 00028E 00000000 0
6750 2 3 00028F 00000000 0
6752 3 3 0002C8 00000000 0
6753 3 3 0002C8 1098A5EE 0
6754 3 3 0002C9 00000000 0
6755 3 3 0002CA 00000000 0
6756 3 3 0002CB 00000000 0
6757 3 3 0002CC 00000000 0
6758 3 3 0002CD 00000000 0
6759 3 3 0002CE 00000000 0
6760 3 3 0002CF 00000000 0
6762 2 1 000088 00000000 0
6778 4 3 000088 E00A9AF5 0
6779 4 3 000089 9727BA1C 0
6780 4 3 00008A F3057D0D 0
6781 4 3 00008B 0AA83851 0
6782 4 3 00008C 50D2331E 0
6783 4 3 00008D 57BE4774 0
6784 4 3 00008E 52A1C645 0
6785 4 3 00008F D5F0BAA8 0
6787 3 1 0000C8 00000000 0
6803 4 3 0000C8 E83435AB 0
6804 4 3 0000C9 054E657E 0
6805 4 3 0000CA D8ADD043 0
6806 4 3 0000CB D5C99B54 0
6807 4 3 0000CC 0B4FEB5F 0
6808 4 3 0000CD 6A6FC72C 0
6809 4 3 0000CE 012B0B26 0
6810 4 3 0000CF B5D3A88B 0
6831 0 2 000209 00000000 0
6847 4 3 000208 87171F12 0
6848 4 3 000209 00000000 0
6849 4 3 00020A 00000000 0
6850 4 3 00020B 00000000 0
6851 4 3 00020C 00000000 0
6852 4 3 00020D 00000000 0
6853 4 3 00020E 00000000 0
6854 4 3 00020F 00000000 0
6866 1 2 000249 00000000 0
6882 4 3 000248 9531D224 0
6883 4 3 000249 00000000 0
6884 4 3 00024A 00000000 0
6885 4 3 00024B 00000000 0
6886 4 3 00024C 00000000 0
6887 4 3 00024D 00000000 0
6888 4 3 00024E 00000000 0
6889 4 3 00024F 00000000 0
6911 2 2 000289 00000000 0
6927 4 3 000288 BAC02695 0
6928 4 3 000289 00000000 0
6929 4 3 00028A 00000000 0
6930 4 3 00028B 00000000 0
6931 4 3 00028C 00000000 0
6932 4 3 00028D 00000000 0
6933 4 3 00028E 00000000 0
6934 4 3 00028F 00000000 0
6936 3 2 0002C9 00000000 0
6952 4 3 0002C8 1098A5EE 0
6953 4 3 0002C9 00000000 0
6954 4 3 0002CA 00000000 0
6955 4 3 0002CB 00000000 0
6956 4 3 0002CC 00000000 0
6957 4 3 0002CD 00000000 0
6958 4 3 0002CE 00000000 0
6959 4 3 0002CF 00000000 0
6984 0 3 000208 00000000 0
6985 0 3 000208 87171F12 0
6986 0 3 000209 3D175981 0
6987 0 3 00020A 00000000 0
6988 0 3 00020B 00000000 0
6989 0 3 00020C 00000000 0
6990 0 3 00020D 00000000 0
6991 0 3 00020E 00000000 0
6992 0 3 00020F 00000000 0
6994 0 1 000008 00000000 0
7010 4 3 000008 DA481CBF 0
7011 4 3 000009 DEDD8495 0
7012 4 3 00000A 224A4176 0
7013 4 3 00000B 87C0352E 0
7014 4 3 00000C 97696810 0
7015 4 3 00000D 379051DE 0
7016 4 3 00000E 76E21E65 0
7017 4 3 00000F 6128337D 0
7019 1 3 000248 00000000 0
7020 1 3 000248 9531D224 0
7021 1 3 000249 8E1FCDF3 0
7022 1 3 00024A 00000000 0
7023 1 3 00024B 00000000 0
7024 1 3 00024C 00000000 0
7025 1 3 00024D 00000000 0
7026 1 3 00024E 00000000 0
7027 1 3 00024F 00000000 0
7029 1 1 000048 00000000 0
7045 4 3 000048 9D27FB3E 0
7046 4 3 000049 B7A11200 0
7047 4 3 00004A E6582944 0
7048 4 3 00004B 49F436B9 0
7049 4 3 00004C 47B6BAC0 0
7050 4 3 00004D B9DB3ADC 0
7051 4 3 00004E 693E1A13 0
7052 4 3 00004F C60AA05D 0
7064 2 3 000288 00000000 0
7065 2 3 000288 BAC02695 0
7066 2 3 000289 8E6F63F0 0
7067 2 3 00028A 00000000 0
7068 2 3 00028B 00000000 0
7069 2 3 00028C 00000000 0
7070 2 3 00028D 00000000 0
7071 2 3 00028E 00000000 0
7072 2 3 00028F 00000000 0
7074 2 1 000088 00000000 0
7090 4 3 000088 E00A9AF5 0
7091 4 3 000089 9727BA1C 0
7092 4 3 00008A F3057D0D 0
7093 4 3 00008B 0AA83851 0
7094 4 3 00008C 50D2331E 0
7095 4 3 00008D 57BE4774 0
7096 4 3 00008E 52A1C645 0
7097 4 3 00008F D5F0BAA8 0
7099 3 3 0002C8 00000000 0
7100 3 3 0002C8 1098A5EE 0
7101 3 3 0002C9 BE372FBF 0
7102 3 3 0002CA 00000000 0
7103 3 3 0002CB 00000000 0
7104 3 3 0002CC 00000000 0
7105 3 3 0002CD 00000000 0
7106 3 3 0002CE 00000000 0
7107 3 3 0002CF 00000000 0
7109 3 1 0000C8 00000000 0
7125 4 3 0000C8 E83435AB 0
7126 4 3 0000C9 054E657E 0
7127 4 3 0000CA D8ADD043 0
7128 4 3 0000CB D5C99B54 0
7129 4 3 0000CC 0B4FEB5F 0
7130 4 3 0000CD 6A6FC72C 0
7131 4 3 0000CE 012B0B26 0
7132 4 3 0000CF B5D3A88B 0
7143 0 2 00020A 00000000 0
7159 4 3 000208 87171F12 0
7160 4 3 000209 3D175981 0
7161 4 3 00020A 00000000 0
7162 4 3 00020B 00000000 0
7163 4 3 00020C 00000000 0
7164 4 3 00020D 00000000 0
7165 4 3 00020E 00000000 0
7166 4 3 00020F 00000000 0
7178 1 2 00024A 00000000 0
7194 4 3 000248 9531D224 0
7195 4 3 000249 8E1FCDF3 0
7196 4 3 00024A 00000000 0
7197 4 3 00024B 00000000 0
7198 4 3 00024C 00000000 0
7199 4 3 00024D 00000000 0
7200 4 3 00024E 00000000 0
7201 4 3 00024F 00000000 0
7223 2 2 00028A 00000000 0
7239 4 3 000288 BAC02695 0
7240 4 3 000289 8E6F63F0 0
7241 4 3 00028A 00000000 0
7242 4 3 00028B 00000000 0
7243 4 3 00028C 00000000 0
7244 4 3 00028D 00000000 0
7245 4 3 00028E 00000000 0
7246 4 3 00028F 00000000 0
7258 3 2 0002CA 00000000 0
7274 4 3 0002C8 1098A5EE 0
7275 4 3 0002C9 BE372FBF 0
7276 4 3 0002CA 00000000 0
7277 4 3 0002CB 00000000 0
7278 4 3 0002CC 00000000 0
7279 4 3 0002CD 00000000 0
7280 4 3 0002CE 00000000 0
7281 4 3 0002CF 00000000 0
7296 0 3 000208 00000000 0
7297 0 3 000208 87171F12 0
7298 0 3 000209 3D175981 0
7299 0 3 00020A EF40205F 0
7300 0 3 00020B 00000000 0
7301 0 3 00020C 00000000 0
7302 0 3 00020D 00000000 0
7303 0 3 00020E 00000000 0
7304 0 3 00020F 00000000 0
7306 0 1 000008 00000000 0
7322 4 3 000008 DA481CBF 0
7323 4 3 000009 DEDD8495 0
7324 4 3 00000A 224A4176 0
7325 4 3 00000B 87C0352E 0
7326 4 3 00000C 97696810 0
7327 4 3 00000D 379051DE 0
7328 4 3 00000E 76E21E65 0
7329 4 3 00000F 6128337D 0
7331 1 3 000248 00000000 0
7332 1 3 000248 9531D224 0
7333 1 3 000249 8E1FCDF3 0
7334 1 3 00024A 6AF06966 0
7335 1 3 00024B 00000000 0
7336 1 3 00024C 00000000 0
7337 1 3 00024D 00000000 0
7338 1 3 00024E 00000000 0
7339 1 3 00024F 00000000 0
7341 1 1 000048 00000000 0
7357 4 3 000048 9D27FB3E 0
7358 4 3 000049 B7A11200 0
7359 4 3 00004A E6582944 0
7360 4 3 00004B 49F436B9 0
7361 4 3 00004C 47B6BAC0 0
7362 4 3 00004D B9DB3ADC 0
7363 4 3 00004E 693E1A13 0
7364 4 3 00004F C60AA05D 0
7376 2 3 000288 00000000 0
7377 2 3 000288 BAC02695 0
7378 2 3 000289 8E6F63F0 0
7379 2 3 00028A A532448D 0
7380 2 3 00028B 00000000 0
7381 2 3 00028C 00000000 0
7382 2 3 00028D 00000000 0
7383 2 3 00028E 00000000 0
7384 2 3 00028F 00000000 0
7386 2 1 000088 00000000 0
7402 4 3 000088 E00A9AF5 0
7403 4 3 000089 9727BA1C 0
7404 4 3 00008A F3057D0D 0
7405 4 3 00008B 0AA83851 0
7406 4 3 00008C 50D2331E 0
7407 4 3 00008D 57BE4774 0
7408 4 3 00008E 52A1C645 0
7409 4 3 00008F D5F0BAA8 0
7411 3 3 0002C8 00000000 0
7412 3 3 0002C8 1098A5EE 0
7413 3 3 0002C9 BE372FBF 0
7414 3 3 0002CA C22BE8CC 0
7415 3 3 0002CB 00000000 0
7416 3 3 0002CC 00000000 0
7417 3 3 0002CD 00000000 0
7418 3 3 0002CE 00000000 0
7419 3 3 0002CF 00000000 0
7421 3 1 0000C8 00000000 0
7437 4 3 0000C8 E83435AB 0
7438 4 3 0000C9 054E657E 0
7439 4 3 0000CA D8ADD043 0
7440 4 3 0000CB D5C99B54 0
7441 4 3 0000CC 0B4FEB5F 0
7442 4 3 0000CD 6A6FC72C 0
7443 4 3 0000CE 012B0B26 0
7444 4 3 0000CF B5D3A88B 0
7455 0 2 00020B 00000000 0
7471 4 3 000208 87171F12 0
7472 4 3 000209 3D175981 0
7473 4 3 00020A EF40205F 0
7474 4 3 00020B 00000000 0
7475 4 3 00020C 00000000 0
7476 4 3 00020D 00000000 0
7477 4 3 00020E 00000000 0
7478 4 3 00020F 00000000 0
7490 1 2 00024B 00000000 0
7506 4 3 000248 9531D224 0
7507 4 3 000249 8E1FCDF3 0
7508 4 3 00024A 6AF06966 0
7509 4 3 00024B 00000000 0
7510 4 3 00024C 00000000 0
7511 4 3 00024D 00000000 0
7512 4 3 00024E 00000000 0
7513 4 3 00024F 00000000 0
7535 2 2 00028B 00000000 0
7551 4 3 000288 BAC02695 0
7552 4 3 000289 8E6F63F0 0
7553 4 3 00028A A532448D 0
7554 4 3 00028B 00000000 0
7555 4 3 00028C 00000000 0
7556 4 3 00028D 00000000 0
7557 4 3 00028E 00000000 0
7558 4 3 00028F 00000000 0
7570 3 2 0002CB 00000000 0
7586 4 3 0002C8 1098A5EE 0
7587 4 3 0002C9 BE372FBF 0
7588 4 3 0002CA C22BE8CC 0
7589 4 3 0002CB 00000000 0
7590 4 3 0002CC 00000000 0
7591 4 3 0002CD 00000000 0
7592 4 3 0002CE 00000000 0
7593 4 3 0002CF 00000000 0
7608 0 3 000208 00000000 0
7609 0 3 000208 87171F12 0
7610 0 3 000209 3D175981 0
7611 0 3 00020A EF40205F 0
7612 0 3 00020B C6933A2B 0
7613 0 3 00020C 00000000 0
7614 0 3 00020D 00000000 0
7615 0 3 00020E 00000000 0
7616 0 3 00020F 00000000 0
7618 0 1 000008 00000000 0
7634 4 3 000008 DA481CBF 0
7635 4 3 000009 DEDD8495 0
7636 4 3 00000A 224A4176 0
7637 4 3 00000B 87C0352E 0
7638 4 3 00000C 97696810 0
7639 4 3 00000D 379051DE 0
7640 4 3 00000E 76E21E65 0
7641 4 3 00000F 6128337D 0
7643 1 3 000248 00000000 0
7644 1 3 000248 9531D224 0
7645 1 3 000249 8E1FCDF3 0
7646 1 3 00024A 6AF06966 0
7647 1 3 00024B 52A2588A 0
7648 1 3 00024C 00000000 0
7649 1 3 00024D 00000000 0
7650 1 3 00024E 00000000 0
7651 1 3 00024F 00000000 0
7653 1 1 000048 00000000 0
7669 4 3 000048 9D27FB3E 0
7670 4 3 000049 B7A11200 0
7671 4 3 00004A E6582944 0
7672 4 3 00004B 49F436B9 0
7673 4 3 00004C 47B6BAC0 0
7674 4 3 00004D B9DB3ADC 0
7675 4 3 00004E 693E1A13 0
7676 4 3 00004F C60AA05D 0
7688 2 3 000288 00000000 0
7689 2 3 000288 BAC02695 0
7690 2 3 000289 8E6F63F0 0
7691 2 3 00028A A532448D 0
7692 2 3 00028B DCA81A18 0
7693 2 3 00028C 00000000 0
7694 2 3 00028D 00000000 0
7695 2 3 00028E 00000000 0
7696 2 3 00028F 00000000 0
7698 2 1 000088 00000000 0
7714 4 3 000088 E00A9AF5 0
7715 4 3 000089 9727BA1C 0
7716 4 3 00008A F3057D0D 0
7717 4 3 00008B 0AA83851 0
7718 4 3 00008C 50D2331E 0
7719 4 3 00008D 57BE4774 0
7720 4 3 00008E 52A1C645 0
7721 4 3 00008F D5F0BAA8 0
7723 3 3 0002C8 00000000 0
7724 3 3 0002C8 1098A5EE 0
7725 3 3 0002C9 BE372FBF 0
7726 3 3 0002CA C22BE8CC 0
7727 3 3 0002CB CD8729C8 0
7728 3 3 0002CC 00000000 0
7729 3 3 0002CD 00000000 0
7730 3 3 0002CE 00000000 0
7731 3 3 0002CF 00000000 0
7733 3 1 0000C8 00000000 0
7749 4 3 0000C8 E83435AB 0
7750 4 3 0000C9 054E657E 0
7751 4 3 0000CA D8ADD043 0
7752 4 3 0000CB D5C99B54 0
7753 4 3 0000CC 0B4FEB5F 0
7754 4 3 0000CD 6A6FC72C 0
7755 4 3 0000CE 012B0B26 0
7756 4 3 0000CF B5D3A88B 0
7767 0 2 00020C 00000000 0
7783 4 3 000208 87171F12 0
7784 4 3 000209 3D175981 0
7785 4 3 00020A EF40205F 0
7786 4 3 00020B C6933A2B 0
7787 4 3 00020C 00000000 0
7788 4 3 00020D 00000000 0
7789 4 3 00020E 00000000 0
7790 4 3 00020F 00000000 0
7802 1 2 00024C 00000000 0
7818 4 3 000248 9531D224 0
7819 4 3 000249 8E1FCDF3 0
7820 4 3 00024A 6AF06966 0
7821 4 3 00024B 52A2588A 0
7822 4 3 00024C 00000000 0
7823 4 3 00024D 00000000 0
7824 4 3 00024E 00000000 0
7825 4 3 00024F 00000000 0
7847 2 2 00028C 00000000 0
7863 4 3 000288 BAC02695 0
7864 4 3 000289 8E6F63F0 0
7865 4 3 00028A A532448D 0
7866 4 3 00028B DCA81A18 0
7867 4 3 00028C 00000000 0
7868 4 3 00028D 00000000 0
7869 4 3 00028E 00000000 0
7870 4 3 00028F 00000000 0
7882 3 2 0002CC 00000000 0
7898 4 3 0002C8 1098A5EE 0
7899 4 3 0002C9 BE372FBF 0
7900 4 3 0002CA C22BE8CC 0
7901 4 3 0002CB CD8729C8 0
7902 4 3 0002CC 00000000 0
7903 4 3 0002CD 00000000 0
7904 4 3 0002CE 00000000 0
7905 4 3 0002CF 00000000 0
7920 0 3 000208 00000000 0
7921 0 3 000208 87171F12 0
7922 0 3 000209 3D175981 0
7923 0 3 00020A EF40205F 0
7924 0 3 00020B C6933A2B 0
7925 0 3 00020C 057EB9B0 0
7926 0 3 00020D 00000000 0
7927 0 3 00020E 00000000 0
7928 0 3 00020F 00000000 0
7930 0 1 000008 00000000 0
7946 4 3 000008 DA481CBF 0
7947 4 3 000009 DEDD8495 0
7948 4 3 00000A 224A4176 0
7949 4 3 00000B 87C0352E 0
7950 4 3 00000C 97696810 0
7951 4 3 00000D 379051DE 0
7952 4 3 00000E 76E21E65 0
7953 4 3 00000F 6128337D 0
7955 1 3 000248 00000000 0
7956 1 3 000248 9531D224 0
7957 1 3 000249 8E1FCDF3 0
7958 1 3 00024A 6AF06966 0
7959 1 3 00024B 52A2588A 0
7960 1 3 00024C 5997009E 0
7961 1 3 00024D 00000000 0
7962 1 3 00024E 00000000 0
7963 1 3 00024F 00000000 0
7965 1 1 000048 00000000 0
7981 4 3 000048 9D27FB3E 0
7982 4 3 000049 B7A11200 0
7983 4 3 00004A E6582944 0
7984 4 3 00004B 49F436B9 0
7985 4 3 00004C 47B6BAC0 0
7986 4 3 00004D B9DB3ADC 0
7987 4 3 00004E 693E1A13 0
7988 4 3 00004F C60AA05D 0
8000 2 3 000288 00000000 0
8001 2 3 000288 BAC02695 0
8002 2 3 000289 8E6F63F0 0
8003 2 3 00028A A532448D 0
8004 2 3 00028B DCA81A18 0
8005 2 3 00028C 0C23AE7F 0
8006 2 3 00028D 00000000 0
8007 2 3 00028E 00000000 0
8008 2 3 00028F 00000000 0
8010 2 1 000088 00000000 0
8026 4 3 000088 E00A9AF5 0
8027 4 3 000089 9727BA1C 0
8028 4 3 00008A F3057D0D 0
8029 4 3 00008B 0AA83851 0
8030 4 3 00008C 50D2331E 0
8031 4 3 00008D 57BE4774 0
8032 4 3 00008E 52A1C645 0
8033 4 3 00008F D5F0BAA8 0
8035 3 3 0002C8 00000000 0
8036 3 3 0002C8 1098A5EE 0
8037 3 3 0002C9 BE372FBF 0
8038 3 3 0002CA C22BE8CC 0
8039 3 3 0002CB CD8729C8 0
8040 3 3 0002CC 21FAE156 0
8041 3 3 0002CD 00000000 0
8042 3 3 0002CE 00000000 0
8043 3 3 0002CF 00000000 0
8045 3 1 0000C8 00000000 0
8061 4 3 0000C8 E83435AB 0
8062 4 3 0000C9 054E657E 0
8063 4 3 0000CA D8ADD043 0
8064 4 3 0000CB D5C99B54 0
8065 4 3 0000CC 0B4FEB5F 0
8066 4 3 0000CD 6A6FC72C 0
8067 4 3 0000CE 012B0B26 0
8068 4 3 0000CF B5D3A88B 0
8079 0 2 00020D 00000000 0
8095 4 3 000208 87171F12 0
8096 4 3 000209 3D175981 0
8097 4 3 00020A EF40205F 0
8098 4 3 00020B C6933A2B 0
8099 4 3 00020C 057EB9B0 0
8100 4 3 00020D 00000000 0
8101 4 3 00020E 00000000 0
8102 4 3 00020F 00000000 0
8114 1 2 00024D 00000000 0
8130 4 3 000248 9531D224 0
8131 4 3 000249 8E1FCDF3 0
8132 4 3 00024A 6AF06966 0
8133 4 3 00024B 52A2588A 0
8134 4 3 00024C 5997009E 0
8135 4 3 00024D 00000000 0
8136 4 3 00024E 00000000 0
8137 4 3 00024F 00000000 0
8159 2 2 00028D 00000000 0
8175 4 3 000288 BAC02695 0
8176 4 3 000289 8E6F63F0 0
8177 4 3 00028A A532448D 0
8178 4 3 00028B DCA81A18 0
8179 4 3 00028C 0C23AE7F 0
8180 4 3 00028D 00000000 0
8181 4 3 00028E 00000000 0
8182 4 3 00028F 00000000 0
8194 3 2 0002CD 00000000 0
8210 4 3 0002C8 1098A5EE 0
8211 4 3 0002C9 BE372FBF 0
8212 4 3 0002CA C22BE8CC 0
8213 4 3 0002CB CD8729C8 0
8214 4 3 0002CC 21FAE156 0
8215 4 3 0002CD 00000000 0
8216 4 3 0002CE 00000000 0
8217 4 3 0002CF 00000000 0
8232 0 3 000208 00000000 0
8233 0 3 000208 87171F12 0
8234 0 3 000209 3D175981 0
8235 0 3 00020A EF40205F 0
8236 0 3 00020B C6933A2B 0
8237 0 3 00020C 057EB9B0 0
8238 0 3 00020D E96F5A36 0
8239 0 3 00020E 00000000 0
8240 0 3 00020F 00000000 0
8242 0 1 000008 00000000 0
8258 4 3 000008 DA481CBF 0
8259 4 3 000009 DEDD8495 0
8260 4 3 00000A 224A4176 0
8261 4 3 00000B 87C0352E 0
8262 4 3 00000C 97696810 0
8263 4 3 00000D 379051DE 0
8264 4 3 00000E 76E21E65 0
8265 4 3 00000F 6128337D 0
8267 1 3 000248 00000000 0
8268 1 3 000248 9531D224 0
8269 1 3 000249 8E1FCDF3 0
8270 1 3 00024A 6AF06966 0
8271 1 3 00024B 52A2588A 0
8272 1 3 00024C 5997009E 0
8273 1 3 00024D 154CAED2 0
8274 1 3 00024E 00000000 0
8275 1 3 00024F 00000000 0
8277 1 1 000048 00000000 0
8293 4 3 000048 9D27FB3E 0
8294 4 3 000049 B7A11200 0
8295 4 3 00004A E6582944 0
8296 4 3 00004B 49F436B9 0
8297 4 3 00004C 47B6BAC0 0
8298 4 3 00004D B9DB3ADC 0
8299 4 3 00004E 693E1A13 0
8300 4 3 00004F C60AA05D 0
8312 2 3 000288 00000000 0
8313 2 3 000288 BAC02695 0
8314 2 3 000289 8E6F63F0 0
8315 2 3 00028A A532448D 0
8316 2 3 00028B DCA81A18 0
8317 2 3 00028C 0C23AE7F 0
8318 2 3 00028D A971ADCE 0
8319 2 3 00028E 00000000 0
8320 2 3 00028F 00000000 0
8322 2 1 000088 00000000 0
8338 4 3 000088 E00A9AF5 0
8339 4 3 000089 9727BA1C 0
8340 4 3 00008A F3057D0D 0
8341 4 3 00008B 0AA83851 0
8342 4 3 00008C 50D2331E 0
8343 4 3 00008D 57BE4774 0
8344 4 3 00008E 52A1C645 0
8345 4 3 00008F D5F0BAA8 0
8347 3 3 0002C8 00000000 0
8348 3 3 0002C8 1098A5EE 0
8349 3 3 0002C9 BE372FBF 0
8350 3 3 0002CA C22BE8CC 0
8351 3 3 0002CB CD8729C8 0
8352 3 3 0002CC 21FAE156 0
8353 3 3 0002CD CE361656 0
8354 3 3 0002CE 00000000 0
8355 3 3 0002CF 00000000 0
8357 3 1 0000C8 00000000 0
8373 4 3 0000C8 E83435AB 0
8374 4 3 0000C9 054E657E 0
8375 4 3 0000CA D8ADD043 0
8376 4 3 0000CB D5C99B54 0
8377 4 3 0000CC 0B4FEB5F 0
8378 4 3 0000CD 6A6FC72C 0
8379 4 3 0000CE 012B0B26 0
8380 4 3 0000CF B5D3A88B 0
8391 0 2 00020E 00000000 0
8407 4 3 000208 87171F12 0
8408 4 3 000209 3D175981 0
8409 4 3 00020A EF40205F 0
8410 4 3 00020B C6933A2B 0
8411 4 3 00020C 057EB9B0 0
8412 4 3 00020D E96F5A36 0
8413 4 3 00020E 00000000 0
8414 4 3 00020F 00000000 0
8426 1 2 00024E 00000000 0
8442 4 3 000248 9531D224 0
8443 4 3 000249 8E1FCDF3 0
8444 4 3 00024A 6AF06966 0
8445 4 3 00024B 52A2588A 0
8446 4 3 00024C 5997009E 0
8447 4 3 00024D 154CAED2 0
8448 4 3 00024E 00000000 0
8449 4 3 00024F 00000000 0
8471 2 2 00028E 00000000 0
8487 4 3 000288 BAC02695 0
8488 4 3 000289 8E6F63F0 0
8489 4 3 00028A A532448D 0
8490 4 3 00028B DCA81A18 0
8491 4 3 00028C 0C23AE7F 0
8492 4 3 00028D A971ADCE 0
8493 4 3 00028E 00000000 0
8494 4 3 00028F 00000000 0
8506 3 2 0002CE 00000000 0
8522 4 3 0002C8 1098A5EE 0
8523 4 3 0002C9 BE372FBF 0
8524 4 3 0002CA C22BE8CC 0
8525 4 3 0002CB CD8729C8 0
8526 4 3 0002CC 21FAE156 0
8527 4 3 0002CD CE361656 0
8528 4 3 0002CE 00000000 0
8529 4 3 0002CF 00000000 0
8544 0 3 000208 00000000 0
8545 0 3 000208 87171F12 0
8546 0 3 000209 3D175981 0
8547 0 3 00020A EF40205F 0
8548 0 3 00020B C6933A2B 0
8549 0 3 00020C 057EB9B0 0
8550 0 3 00020D E96F5A36 0
8551 0 3 00020E 0D74F0FA 0
8552 0 3 00020F 00000000 0
8554 0 1 000008 00000000 0
8570 4 3 000008 DA481CBF 0
8571 4 3 000009 DEDD8495 0
8572 4 3 00000A 224A4176 0
8573 4 3 00000B 87C0352E 0
8574 4 3 00000C 97696810 0
8575 4 3 00000D 379051DE 0
8576 4 3 00000E 76E21E65 0
8577 4 3 00000F 6128337D 0
8579 1 3 000248 00000000 0
8580 1 3 000248 9531D224 0
8581 1 3 000249 8E1FCDF3 0
8582 1 3 00024A 6AF06966 0
8583 1 3 00024B 52A2588A 0
8584 1 3 00024C 5997009E 0
8585 1 3 00024D 154CAED2 0
8586 1 3 00024E 8115783B 0
8587 1 3 00024F 00000000 0
8589 1 1 000048 00000000 0
8605 4 3 000048 9D27FB3E 0
8606 4 3 000049 B7A11200 0
8607 4 3 00004A E6582944 0
8608 4 3 00004B 49F436B9 0
8609 4 3 00004C 47B6BAC0 0
8610 4 3 00004D B9DB3ADC 0
8611 4 3 00004E 693E1A13 0
8612 4 3 00004F C60AA05D 0
8624 2 3 000288 00000000 0
8625 2 3 000288 BAC02695 0
8626 2 3 000289 8E6F63F0 0
8627 2 3 00028A A532448D 0
8628 2 3 00028B DCA81A18 0
8629 2 3 00028C 0C23AE7F 0
8630 2 3 00028D A971ADCE 0
8631 2 3 00028E A04F1B2F 0
8632 2 3 00028F 00000000 0
8634 2 1 000088 00000000 0
8650 4 3 000088 E00A9AF5 0
8651 4 3 000089 9727BA1C 0
8652 4 3 00008A F3057D0D 0
8653 4 3 00008B 0AA83851 0
8654 4 3 00008C 50D2331E 0
8655 4 3 00008D 57BE4774 0
8656 4 3 00008E 52A1C645 0
8657 4 3 00008F D5F0BAA8 0
8659 3 3 0002C8 00000000 0
8660 3 3 0002C8 1098A5EE 0
8661 3 3 0002C9 BE372FBF 0
8662 3 3 0002CA C22BE8CC 0
8663 3 3 0002CB CD8729C8 0
8664 3 3 0002CC 21FAE156 0
8665 3 3 0002CD CE361656 0
8666 3 3 0002CE 045C5638 0
8667 3 3 0002CF 00000000 0
8669 3 1 0000C8 00000000 0
8685 4 3 0000C8 E83435AB 0
8686 4 3 0000C9 054E657E 0
8687 4 3 0000CA D8ADD043 0
8688 4 3 0000CB D5C99B54 0
8689 4 3 0000CC 0B4FEB5F 0
8690 4 3 0000CD 6A6FC72C 0
8691 4 3 0000CE 012B0B26 0
8692 4 3 0000CF B5D3A88B 0
8703 0 2 00020F 00000000 0
8719 4 3 000208 87171F12 0
8720 4 3 000209 3D175981 0
8721 4 3 00020A EF40205F 0
8722 4 3 00020B C6933A2B 0
8723 4 3 00020C 057EB9B0 0
8724 4 3 00020D E96F5A36 0
8725 4 3 00020E 0D74F0FA 0
8726 4 3 00020F 00000000 0
8738 1 2 00024F 00000000 0
8754 4 3 000248 9531D224 0
8755 4 3 000249 8E1FCDF3 0
8756 4 3 00024A 6AF06966 0
8757 4 3 00024B 52A2588A 0
8758 4 3 00024C 5997009E 0
8759 4 3 00024D 154CAED2 0
8760 4 3 00024E 8115783B 0
8761 4 3 00024F 00000000 0
8763 0 1 000010 00000000 0
8779 4 3 000010 3A633495 0
8780 4 3 000011 FA7E0A68 0
8781 4 3 000012 579A64DE 0
8782 4 3 000013 307AA6C8 0
8783 4 3 000014 EADB15EF 0
8784 4 3 000015 DB4AEF8D 0
8785 4 3 000016 23081471 0
8786 4 3 000017 A3C28E34 0
8788 1 1 000050 00000000 0
8804 4 3 000050 C77472A4 0
8805 4 3 000051 58CEF6B9 0
8806 4 3 000052 37C37C0B 0
8807 4 3 000053 62C4C6F0 0
8808 4 3 000054 98A77505 0
8809 4 3 000055 93CE860B 0
8810 4 3 000056 60062B93 0
8811 4 3 000057 FB87256C 0
8813 2 2 00028F 00000000 0
8829 4 3 000288 BAC02695 0
8830 4 3 000289 8E6F63F0 0
8831 4 3 00028A A532448D 0
8832 4 3 00028B DCA81A18 0
8833 4 3 00028C 0C23AE7F 0
8834 4 3 00028D A971ADCE 0
8835 4 3 00028E A04F1B2F 0
8836 4 3 00028F 00000000 0
8838 3 2 0002CF 00000000 0
8854 4 3 0002C8 1098A5EE 0
8855 4 3 0002C9 BE372FBF 0
8856 4 3 0002CA C22BE8CC 0
8857 4 3 0002CB CD8729C8 0
8858 4 3 0002CC 21FAE156 0
8859 4 3 0002CD CE361656 0
8860 4 3 0002CE 045C5638 0
8861 4 3 0002CF 00000000 0
8863 2 1 000090 00000000 0
8879 4 3 000090 6216D1EB 0
8880 4 3 000091 B6D73EA5 0
8881 4 3 000092 64DADB3E 0
8882 4 3 000093 84F07E67 0
8883 4 3 000094 E7F22DA1 0
8884 4 3 000095 69190F95 0
8885 4 3 000096 6C70CB0D 0
8886 4 3 000097 63D70EA1 0
8888 3 1 0000D0 00000000 0
8904 4 3 0000D0 9CCA9D81 0
8905 4 3 0000D1 346E3633 0
8906 4 3 0000D2 BF310020 0
8907 4 3 0000D3 B12B704D 0
8908 4 3 0000D4 927A2157 0
8909 4 3 0000D5 5FC4DE94 0
8910 4 3 0000D6 FBF5C5E9 0
8911 4 3 0000D7 D6119269 0
8913 0 1 000018 00000000 0
8929 4 3 000018 684B8EA8 0
8930 4 3 000019 DA208974 0
8931 4 3 00001A D917F142 0
8932 4 3 00001B 18437E60 0
8933 4 3 00001C A69ABC4A 0
8934 4 3 00001D 801E445F 0
8935 4 3 00001E 466EEAE4 0
8936 4 3 00001F A0A3F003 0
8938 1 1 000058 00000000 0
8954 4 3 000058 F7EF1B25 0
8955 4 3 000059 A50E99A9 0
8956 4 3 00005A B8E71ED4 0
8957 4 3 00005B DAB818A0 0
8958 4 3 00005C 8293DCC9 0
8959 4 3 00005D BFE498A4 0
8960 4 3 00005E 340FEBA2 0
8961 4 3 00005F B6AAFE9E 0
9008 2 1 000098 00000000 0
9024 4 3 000098 990AF550 0
9025 4 3 000099 D360A537 0
9026 4 3 00009A 70DBE9A4 0
9027 4 3 00009B 9889F661 0
9028 4 3 00009C CD8C75D5 0
9029 4 3 00009D 2202B067 0
9030 4 3 00009E 8C4B2E17 0
9031 4 3 00009F 90726F3E 0
9033 3 1 0000D8 00000000 0
9049 4 3 0000D8 C99B4788 0
9050 4 3 0000D9 F3FDC6EB 0
9051 4 3 0000DA FF5F383D 0
9052 4 3 0000DB A255C814 0
9053 4 3 0000DC 893A81D2 0
9054 4 3 0000DD 2675F68C 0
9055 4 3 0000DE 329FDB37 0
9056 4 3 0000DF DD18A66C 0
9062 0 2 000210 00000000 0
9078 4 3 000210 00000000 0
9079 4 3 000211 00000000 0
9080 4 3 000212 00000000 0
9081 4 3 000213 00000000 0
9082 4 3 000214 00000000 0
9083 4 3 000215 00000000 0
9084 4 3 000216 00000000 0
9085 4 3 000217 00000000 0
9087 1 2 000250 00000000 0
9103 4 3 000250 00000000 0
9104 4 3 000251 00000000 0
9105 4 3 000252 00000000 0
9106 4 3 000253 00000000 0
9107 4 3 000254 00000000 0
9108 4 3 000255 00000000 0
9109 4 3 000256 00000000 0
9110 4 3 000257 00000000 0
9112 0 3 000210 00000000 0
9113 0 3 000210 A1D05D85 0
9114 0 3 000211 00000000 0
9115 0 3 000212 00000000 0
9116 0 3 000213 00000000 0
9117 0 3 000214 00000000 0
9118 0 3 000215 00000000 0
9119 0 3 000216 00000000 0
9120 0 3 000217 00000000 0
9122 1 3 000250 00000000 0
9123 1 3 000250 3ADCB271 0
9124 1 3 000251 00000000 0
9125 1 3 000252 00000000 0
9126 1 3 000253 00000000 0
9127 1 3 000254 00000000 0
9128 1 3 000255 00000000 0
9129 1 3 000256 00000000 0
9130 1 3 000257 00000000 0
9132 0 1 000010 00000000 0
9148 4 3 000010 3A633495 0
9149 4 3 000011 FA7E0A68 0
9150 4 3 000012 579A64DE 0
9151 4 3 000013 307AA6C8 0
9152 4 3 000014 EADB15EF 0
9153 4 3 000015 DB4AEF8D 0
9154 4 3 000016 23081471 0
9155 4 3 000017 A3C28E34 0
9157 1 1 000050 00000000 0
9173 4 3 000050 C77472A4 0
9174 4 3 000051 58CEF6B9 0
9175 4 3 000052 37C37C0B 0
9176 4 3 000053 62C4C6F0 0
9177 4 3 000054 98A77505 0
9178 4 3 000055 93CE860B 0
9179 4 3 000056 60062B93 0
9180 4 3 000057 FB87256C 0
9182 2 2 000290 00000000 0
9198 4 3 000290 00000000 0
9199 4 3 000291 00000000 0
9200 4 3 000292 00000000 0
9201 4 3 000293 00000000 0
9202 4 3 000294 00000000 0
9203 4 3 000295 00000000 0
9204 4 3 000296 00000000 0
9205 4 3 000297 00000000 0
9207 3 2 0002D0 00000000 0
9223 4 3 0002D0 00000000 0
9224 4 3 0002D1 00000000 0
9225 4 3 0002D2 00000000 0
9226 4 3 0002D3 00000000 0
9227 4 3 0002D4 00000000 0
9228 4 3 0002D5 00000000 0
9229 4 3 0002D6 00000000 0
9230 4 3 0002D7 00000000 0
9232 2 3 000290 00000000 0
9233 2 3 000290 94A67C6C 0
9234 2 3 000291 00000000 0
9235 2 3 000292 00000000 0
9236 2 3 000293 00000000 0
9237 2 3 000294 00000000 0
9238 2 3 000295 00000000 0
9239 2 3 000296 00000000 0
9240 2 3 000297 00000000 0
9242 3 3 0002D0 00000000 0
9243 3 3 0002D0 F120A6C9 0
9244 3 3 0002D1 00000000 0
9245 3 3 0002D2 00000000 0
9246 3 3 0002D3 00000000 0
9247 3 3 0002D4 00000000 0
9248 3 3 0002D5 00000000 0
9249 3 3 0002D6 00000000 0
9250 3 3 0002D7 00000000 0
9252 2 1 000090 00000000 0
9268 4 3 000090 6216D1EB 0
9269 4 3 000091 B6D73EA5 0
9270 4 3 000092 64DADB3E 0
9271 4 3 000093 84F07E67 0
9272 4 3 000094 E7F22DA1 0
9273 4 3 000095 69190F95 0
9274 4 3 000096 6C70CB0D 0
9275 4 3 000097 63D70EA1 0
9277 3 1 0000D0 00000000 0
9293 4 3 0000D0 9CCA9D81 0
9294 4 3 0000D1 346E3633 0
9295 4 3 0000D2 BF310020 0
9296 4 3 0000D3 B12B704D 0
9297 4 3 0000D4 927A2157 0
9298 4 3 0000D5 5FC4DE94 0
9299 4 3 0000D6 FBF5C5E9 0
9300 4 3 0000D7 D6119269 0
9401 0 2 000211 00000000 0
9417 4 3 000210 A1D05D85 0
9418 4 3 000211 00000000 0
9419 4 3 000212 00000000 0
9420 4 3 000213 00000000 0
9421 4 3 000214 00000000 0
9422 4 3 000215 00000000 0
9423 4 3 000216 00000000 0
9424 4 3 000217 00000000 0
9426 1 2 000251 00000000 0
9442 4 3 000250 3ADCB271 0
9443 4 3 000251 00000000 0
9444 4 3 000252 00000000 0
9445 4 3 000253 00000000 0
9446 4 3 000254 00000000 0
9447 4 3 000255 00000000 0
9448 4 3 000256 00000000 0
9449 4 3 000257 00000000 0
9451 0 3 000210 00000000 0
9452 0 3 000210 A1D05D85 0
9453 0 3 000211 C0ABCDAE 0
9454 0 3 000212 00000000 0
9455 0 3 000213 00000000 0
9456 0 3 000214 00000000 0
9457 0 3 000215 00000000 0
9458 0 3 000216 00000000 0
9459 0 3 000217 00000000 0
9461 1 3 000250 00000000 0
9462 1 3 000250 3ADCB271 0
9463 1 3 000251 1A620E73 0
9464 1 3 000252 00000000 0
9465 1 3 000253 00000000 0
9466 1 3 000254 00000000 0
9467 1 3 000255 00000000 0
9468 1 3 000256 00000000 0
9469 1 3 000257 00000000 0
9471 0 1 000010 00000000 0
9487 4 3 000010 3A633495 0
9488 4 3 000011 FA7E0A68 0
9489 4 3 000012 579A64DE 0
9490 4 3 000013 307AA6C8 0
9491 4 3 000014 EADB15EF 0
9492 4 3 000015 DB4AEF8D 0
9493 4 3 000016 23081471 0
9494 4 3 000017 A3C28E34 0
9496 1 1 000050 00000000 0
9512 4 3 000050 C77472A4 0
9513 4 3 000051 58CEF6B9 0
9514 4 3 000052 37C37C0B 0
9515 4 3 000053 62C4C6F0 0
9516 4 3 000054 98A77505 0
9517 4 3 000055 93CE860B 0
9518 4 3 000056 60062B93 0
9519 4 3 000057 FB87256C 0
9521 2 2 000291 00000000 0
9537 4 3 000290 94A67C6C 0
9538 4 3 000291 00000000 0
9539 4 3 000292 00000000 0
9540 4 3 000293 00000000 0
9541 4 3 000294 00000000 0
9542 4 3 000295 00000000 0
9543 4 3 000296 00000000 0
9544 4 3 000297 00000000 0
9546 3 2 0002D1 00000000 0
9562 4 3 0002D0 F120A6C9 0
9563 4 3 0002D1 00000000 0
9564 4 3 0002D2 00000000 0
9565 4 3 0002D3 00000000 0
9566 4 3 0002D4 00000000 0
9567 4 3 0002D5 00000000 0
9568 4 3 0002D6 00000000 0
9569 4 3 0002D7 00000000 0
9571 2 3 000290 00000000 0
9572 2 3 000290 94A67C6C 0
9573 2 3 000291 542B5237 0
9574 2 3 000292 00000000 0
9575 2 3 000293 00000000 0
9576 2 3 000294 00000000 0
9577 2 3 000295 00000000 0
9578 2 3 000296 00000000 0
9579 2 3 000297 00000000 0
9581 3 3 0002D0 00000000 0
9582 3 3 0002D0 F120A6C9 0
9583 3 3 0002D1 7A893233 0
9584 3 3 0002D2 00000000 0
9585 3 3 0002D3 00000000 0
9586 3 3 0002D4 00000000 0
9587 3 3 0002D5 00000000 0
9588 3 3 0002D6 00000000 0
9589 3 3 0002D7 00000000 0
9591 2 1 000090 00000000 0
9607 4 3 000090 6216D1EB 0
9608 4 3 000091 B6D73EA5 0
9609 4 3 000092 64DADB3E 0
9610 4 3 000093 84F07E67 0
9611 4 3 000094 E7F22DA1 0
9612 4 3 000095 69190F95 0
9613 4 3 000096 6C70CB0D 0
9614 4 3 000097 63D70EA1 0
9616 3 1 0000D0 00000000 0
9632 4 3 0000D0 9CCA9D81 0
9633 4 3 0000D1 346E3633 0
9634 4 3 0000D2 BF310020 0
9635 4 3 0000D3 B12B704D 0
9636 4 3 0000D4 927A2157 0
9637 4 3 0000D5 5FC4DE94 0
9638 4 3 0000D6 FBF5C5E9 0
9639 4 3 0000D7 D6119269 0
9740 0 2 000212 00000000 0
9756 4 3 000210 A1D05D85 0
9757 4 3 000211 C0ABCDAE 0
9758 4 3 000212 00000000 0
9759 4 3 000213 00000000 0
9760 4 3 000214 00000000 0
9761 4 3 000215 00000000 0
9762 4 3 000216 00000000 0
9763 4 3 000217 00000000 0
9765 1 2 000252 00000000 0
9781 4 3 000250 3ADCB271 0
9782 4 3 000251 1A620E73 0
9783 4 3 000252 00000000 0
9784 4 3 000253 00000000 0
9785 4 3 000254 00000000 0
9786 4 3 000255 00000000 0
9787 4 3 000256 00000000 0
9788 4 3 000257 00000000 0
9790 0 3 000210 00000000 0
9791 0 3 000210 A1D05D85 0
9792 0 3 000211 C0ABCDAE 0
9793 0 3 000212 F93EB68E 0
9794 0 3 000213 00000000 0
9795 0 3 000214 00000000 0
9796 0 3 000215 00000000 0
9797 0 3 000216 00000000 0
9798 0 3 000217 00000000 0
9800 1 3 000250 00000000 0
9801 1 3 000250 3ADCB271 0
9802 1 3 000251 1A620E73 0
9803 1 3 000252 77039A62 0
9804 1 3 000253 00000000 0
9805 1 3 000254 00000000 0
9806 1 3 000255 00000000 0
9807 1 3 000256 00000000 0
9808 1 3 000257 00000000 0
9810 0 1 000010 00000000 0
9826 4 3 000010 3A633495 0
9827 4 3 000011 FA7E0A68 0
9828 4 3 000012 579A64DE 0
9829 4 3 000013 307AA6C8 0
9830 4 3 000014 EADB15EF 0
9831 4 3 000015 DB4AEF8D 0
9832 4 3 000016 23081471 0
9833 4 3 000017 A3C28E34 0
9835 1 1 000050 00000000 0
9851 4 3 000050 C77472A4 0
9852 4 3 000051 58CEF6B9 0
9853 4 3 000052 37C37C0B 0
9854 4 3 000053 62C4C6F0 0
9855 4 3 000054 98A77505 0
9856 4 3 000055 93CE860B 0
9857 4 3 000056 60062B93 0
9858 4 3 000057 FB87256C 0
9860 2 2 000292 00000000 0
9876 4 3 000290 94A67C6C 0
9877 4 3 000291 542B5237 0
9878 4 3 000292 00000000 0
9879 4 3 000293 00000000 0
9880 4 3 000294 00000000 0
9881 4 3 000295 00000000 0
9882 4 3 000296 00000000 0
9883 4 3 000297 00000000 0
9885 3 2 0002D2 00000000 0
9901 4 3 0002D0 F120A6C9 0
9902 4 3 0002D1 7A893233 0
9903 4 3 0002D2 00000000 0
9904 4 3 0002D3 00000000 0
9905 4 3 0002D4 00000000 0
9906 4 3 0002D5 00000000 0
9907 4 3 0002D6 00000000 0
9908 4 3 0002D7 00000000 0
9910 2 3 000290 00000000 0
9911 2 3 000290 94A67C6C 0
9912 2 3 000291 542B5237 0
9913 2 3 000292 FA261969 0
9914 2 3 000293 00000000 0
9915 2 3 000294 00000000 0
9916 2 3 000295 00000000 0
9917 2 3 000296 00000000 0
9918 2 3 000297 00000000 0
9920 3 3 0002D0 00000000 0
9921 3 3 0002D0 F120A6C9 0
9922 3 3 0002D1 7A893233 0
9923 3 3 0002D2 97E8854E 0
9924 3 3 0002D3 00000000 0
9925 3 3 0002D4 00000000 0
9926 3 3 0002D5 00000000 0
9927 3 3 0002D6 00000000 0
9928 3 3 0002D7 00000000 0
9930 2 1 000090 00000000 0
9946 4 3 000090 6216D1EB 0
9947 4 3 000091 B6D73EA5 0
9948 4 3 000092 64DADB3E 0
9949 4 3 000093 84F07E67 0
9950 4 3 000094 E7F22DA1 0
9951 4 3 000095 69190F95 0
9952 4 3 000096 6C70CB0D 0
9953 4 3 000097 63D70EA1 0
9955 3 1 0000D0 00000000 0
9971 4 3 0000D0 9CCA9D81 0
9972 4 3 0000D1 346E3633 0
9973 4 3 0000D2 BF310020 0
9974 4 3 0000D3 B12B704D 0
9975 4 3 0000D4 927A2157 0
9976 4 3 0000D5 5FC4DE94 0
9977 4 3 0000D6 FBF5C5E9 0
9978 4 3 0000D7 D6119269 0
10079 0 2 000213 00000000 0
10095 4 3 000210 A1D05D85 0
10096 4 3 000211 C0ABCDAE 0
10097 4 3 000212 F93EB68E 0
10098 4 3 000213 00000000 0
10099 4 3 000214 00000000 0
10100 4 3 000215 00000000 0
10101 4 3 000216 00000000 0
10102 4 3 000217 00000000 0
10104 1 2 000253 00000000 0
10120 4 3 000250 3ADCB271 0
10121 4 3 000251 1A620E73 0
10122 4 3 000252 77039A62 0
10123 4 3 000253 00000000 0
10124 4 3 000254 00000000 0
10125 4 3 000255 00000000 0
10126 4 3 000256 00000000 0
10127 4 3 000257 00000000 0
10129 0 3 000210 00000000 0
10130 0 3 000210 A1D05D85 0
10131 0 3 000211 C0ABCDAE 0
10132 0 3 000212 F93EB68E 0
10133 0 3 000213 ABE8F199 0
10134 0 3 000214 00000000 0
10135 0 3 000215 00000000 0
10136 0 3 000216 00000000 0
10137 0 3 000217 00000000 0
10139 1 3 000250 00000000 0
10140 1 3 000250 3ADCB271 0
10141 1 3 000251 1A620E73 0
10142 1 3 000252 77039A62 0
10143 1 3 000253 E698A4FD 0
10144 1 3 000254 00000000 0
10145 1 3 000255 00000000 0
10146 1 3 000256 00000000 0
10147 1 3 000257 00000000 0
10149 0 1 000010 00000000 0
10165 4 3 000010 3A633495 0
10166 4 3 000011 FA7E0A68 0
10167 4 3 000012 579A64DE 0
10168 4 3 000013 307AA6C8 0
10169 4 3 000014 EADB15EF 0
10170 4 3 000015 DB4AEF8D 0
10171 4 3 000016 23081471 0
10172 4 3 000017 A3C28E34 0
10174 1 1 000050 00000000 0
10190 4 3 000050 C77472A4 0
10191 4 3 000051 58CEF6B9 0
10192 4 3 000052 37C37C0B 0
10193 4 3 000053 62C4C6F0 0
10194 4 3 000054 98A77505 0
10195 4 3 000055 93CE860B 0
10196 4 3 000056 60062B93 0
10197 4 3 000057 FB87256C 0
10199 2 2 000293 00000000 0
10215 4 3 000290 94A67C6C 0
10216 4 3 000291 542B5237 0
10217 4 3 000292 FA261969 0
10218 4 3 000293 00000000 0
10219 4 3 000294 00000000 0
10220 4 3 000295 00000000 0
10221 4 3 000296 00000000 0
10222 4 3 000297 00000000 0
10224 3 2 0002D3 00000000 0
10240 4 3 0002D0 F120A6C9 0
10241 4 3 0002D1 7A893233 0
10242 4 3 0002D2 97E8854E 0
10243 4 3 0002D3 00000000 0
10244 4 3 0002D4 00000000 0
10245 4 3 0002D5 00000000 0
10246 4 3 0002D6 00000000 0
10247 4 3 0002D7 00000000 0
10249 2 3 000290 00000000 0
10250 2 3 000290 94A67C6C 0
10251 2 3 000291 542B5237 0
10252 2 3 000292 FA261969 0
10253 2 3 000293 77B601D5 0
10254 2 3 000294 00000000 0
10255 2 3 000295 00000000 0
10256 2 3 000296 00000000 0
10257 2 3 000297 00000000 0
10259 3 3 0002D0 00000000 0
10260 3 3 0002D0 F120A6C9 0
10261 3 3 0002D1 7A893233 0
10262 3 3 0002D2 97E8854E 0
10263 3 3 0002D3 9C681DF2 0
10264 3 3 0002D4 00000000 0
10265 3 3 0002D5 00000000 0
10266 3 3 0002D6 00000000 0
10267 3 3 0002D7 00000000 0
10269 2 1 000090 00000000 0
10285 4 3 000090 6216D1EB 0
10286 4 3 000091 B6D73EA5 0
10287 4 3 000092 64DADB3E 0
10288 4 3 000093 84F07E67 0
10289 4 3 000094 E7F22DA1 0
10290 4 3 000095 69190F95 0
10291 4 3 000096 6C70CB0D 0
10292 4 3 000097 63D70EA1 0
10294 3 1 0000D0 00000000 0
10310 4 3 0000D0 9CCA9D81 0
10311 4 3 0000D1 346E3633 0
10312 4 3 0000D2 BF310020 0
10313 4 3 0000D3 B12B704D 0
10314 4 3 0000D4 927A2157 0
10315 4 3 0000D5 5FC4DE94 0
10316 4 3 0000D6 FBF5C5E9 0
10317 4 3 0000D7 D6119269 0
10418 0 2 000214 00000000 0
10434 4 3 000210 A1D05D85 0
10435 4 3 000211 C0ABCDAE 0
10436 4 3 000212 F93EB68E 0
10437 4 3 000213 ABE8F199 0
10438 4 3 000214 00000000 0
10439 4 3 000215 00000000 0
10440 4 3 000216 00000000 0
10441 4 3 000217 00000000 0
10443 1 2 000254 00000000 0
10459 4 3 000250 3ADCB271 0
10460 4 3 000251 1A620E73 0
10461 4 3 000252 77039A62 0
10462 4 3 000253 E698A4FD 0
10463 4 3 000254 00000000 0
10464 4 3 000255 00000000 0
10465 4 3 000256 00000000 0
10466 4 3 000257 00000000 0
10468 0 3 000210 00000000 0
10469 0 3 000210 A1D05D85 0
10470 0 3 000211 C0ABCDAE 0
10471 0 3 000212 F93EB68E 0
10472 0 3 000213 ABE8F199 0
10473 0 3 000214 01344F94 0
10474 0 3 000215 00000000 0
10475 0 3 000216 00000000 0
10476 0 3 000217 00000000 0
10478 1 3 000250 00000000 0
10479 1 3 000250 3ADCB271 0
10480 1 3 000251 1A620E73 0
10481 1 3 000252 77039A62 0
10482 1 3 000253 E698A4FD 0
10483 1 3 000254 D2083CC1 0
10484 1 3 000255 00000000 0
10485 1 3 000256 00000000 0
10486 1 3 000257 00000000 0
10488 0 1 000010 00000000 0
10504 4 3 000010 3A633495 0
10505 4 3 000011 FA7E0A68 0
10506 4 3 000012 579A64DE 0
10507 4 3 000013 307AA6C8 0
10508 4 3 000014 EADB15EF 0
10509 4 3 000015 DB4AEF8D 0
10510 4 3 000016 23081471 0
10511 4 3 000017 A3C28E34 0
10513 1 1 000050 00000000 0
10529 4 3 000050 C77472A4 0
10530 4 3 000051 58CEF6B9 0
10531 4 3 000052 37C37C0B 0
10532 4 3 000053 62C4C6F0 0
10533 4 3 000054 98A77505 0
10534 4 3 000055 93CE860B 0
10535 4 3 000056 60062B93 0
10536 4 3 000057 FB87256C 0
10538 2 2 000294 00000000 0
10554 4 3 000290 94A67C6C 0
10555 4 3 000291 542B5237 0
10556 4 3 000292 FA261969 0
10557 4 3 000293 77B601D5 0
10558 4 3 000294 00000000 0
10559 4 3 000295 00000000 0
10560 4 3 000296 00000000 0
10561 4 3 000297 00000000 0
10563 3 2 0002D4 00000000 0
10579 4 3 0002D0 F120A6C9 0
10580 4 3 0002D1 7A893233 0
10581 4 3 0002D2 97E8854E 0
10582 4 3 0002D3 9C681DF2 0
10583 4 3 0002D4 00000000 0
10584 4 3 0002D5 00000000 0
10585 4 3 0002D6 00000000 0
10586 4 3 0002D7 00000000 0
10588 2 3 000290 00000000 0
10589 2 3 000290 94A67C6C 0
10590 2 3 000291 542B5237 0
10591 2 3 000292 FA261969 0
10592 2 3 000293 77B601D5 0
10593 2 3 000294 442211CF 0
10594 2 3 000295 00000000 0
10595 2 3 000296 00000000 0
10596 2 3 000297 00000000 0
10598 3 3 0002D0 00000000 0
10599 3 3 0002D0 F120A6C9 0
10600 3 3 0002D1 7A893233 0
10601 3 3 0002D2 97E8854E 0
10602 3 3 0002D3 9C681DF2 0
10603 3 3 0002D4 FD53F29A 0
10604 3 3 0002D5 00000000 0
10605 3 3 0002D6 00000000 0
10606 3 3 0002D7 00000000 0
10608 2 1 000090 00000000 0
10624 4 3 000090 6216D1EB 0
10625 4 3 000091 B6D73EA5 0
10626 4 3 000092 64DADB3E 0
10627 4 3 000093 84F07E67 0
10628 4 3 000094 E7F22DA1 0
10629 4 3 000095 69190F95 0
10630 4 3 000096 6C70CB0D 0
10631 4 3 000097 63D70EA1 0
10633 3 1 0000D0 00000000 0
10649 4 3 0000D0 9CCA9D81 0
10650 4 3 0000D1 346E3633 0
10651 4 3 0000D2 BF310020 0
10652 4 3 0000D3 B12B704D 0
10653 4 3 0000D4 927A2157 0
10654 4 3 0000D5 5FC4DE94 0
10655 4 3 0000D6 FBF5C5E9 0
10656 4 3 0000D7 D6119269 0
10757 0 2 000215 00000000 0
10773 4 3 000210 A1D05D85 0
10774 4 3 000211 C0ABCDAE 0
10775 4 3 000212 F93EB68E 0
10776 4 3 000213 ABE8F199 0
10777 4 3 000214 01344F94 0
10778 4 3 000215 00000000 0
10779 4 3 000216 00000000 0
10780 4 3 000217 00000000 0
10782 1 2 000255 00000000 0
10798 4 3 000250 3ADCB271 0
10799 4 3 000251 1A620E73 0
10800 4 3 000252 77039A62 0
10801 4 3 000253 E698A4FD 0
10802 4 3 000254 D2083CC1 0
10803 4 3 000255 00000000 0
10804 4 3 000256 00000000 0
10805 4 3 000257 00000000 0
10807 0 3 000210 00000000 0
10808 0 3 000210 A1D05D85 0
10809 0 3 000211 C0ABCDAE 0
10810 0 3 000212 F93EB68E 0
10811 0 3 000213 ABE8F199 0
10812 0 3 000214 01344F94 0
10813 0 3 000215 6AEB7501 0
10814 0 3 000216 00000000 0
10815 0 3 000217 00000000 0
10817 1 3 000250 00000000 0
10818 1 3 000250 3ADCB271 0
10819 1 3 000251 1A620E73 0
10820 1 3 000252 77039A62 0
10821 1 3 000253 E698A4FD 0
10822 1 3 000254 D2083CC1 0
10823 1 3 000255 EB11AD00 0
10824 1 3 000256 00000000 0
10825 1 3 000257 00000000 0
10827 0 1 000010 00000000 0
10843 4 3 000010 3A633495 0
10844 4 3 000011 FA7E0A68 0
10845 4 3 000012 579A64DE 0
10846 4 3 000013 307AA6C8 0
10847 4 3 000014 EADB15EF 0
10848 4 3 000015 DB4AEF8D 0
10849 4 3 000016 23081471 0
10850 4 3 000017 A3C28E34 0
10852 1 1 000050 00000000 0
10868 4 3 000050 C77472A4 0
10869 4 3 000051 58CEF6B9 0
10870 4 3 000052 37C37C0B 0
10871 4 3 000053 62C4C6F0 0
10872 4 3 000054 98A77505 0
10873 4 3 000055 93CE860B 0
10874 4 3 000056 60062B93 0
10875 4 3 000057 FB87256C 0
10877 2 2 000295 00000000 0
10893 4 3 000290 94A67C6C 0
10894 4 3 000291 542B5237 0
10895 4 3 000292 FA261969 0
10896 4 3 000293 77B601D5 0
10897 4 3 000294 442211CF 0
10898 4 3 000295 00000000 0
10899 4 3 000296 00000000 0
10900 4 3 000297 00000000 0
10902 3 2 0002D5 00000000 0
10918 4 3 0002D0 F120A6C9 0
10919 4 3 0002D1 7A893233 0
10920 4 3 0002D2 97E8854E 0
10921 4 3 0002D3 9C681DF2 0
10922 4 3 0002D4 FD53F29A 0
10923 4 3 0002D5 00000000 0
10924 4 3 0002D6 00000000 0
10925 4 3 0002D7 00000000 0
10927 2 3 000290 00000000 0
10928 2 3 000290 94A67C6C 0
10929 2 3 000291 542B5237 0
10930 2 3 000292 FA261969 0
10931 2 3 000293 77B601D5 0
10932 2 3 000294 442211CF 0
10933 2 3 000295 2BF975E3 0
10934 2 3 000296 00000000 0
10935 2 3 000297 00000000 0
10937 3 3 0002D0 00000000 0
10938 3 3 0002D0 F120A6C9 0
10939 3 3 0002D1 7A893233 0
10940 3 3 0002D2 97E8854E 0
10941 3 3 0002D3 9C681DF2 0
10942 3 3 0002D4 FD53F29A 0
10943 3 3 0002D5 5F897D19 0
10944 3 3 0002D6 00000000 0
10945 3 3 0002D7 00000000 0
10947 2 1 000090 00000000 0
10963 4 3 000090 6216D1EB 0
10964 4 3 000091 B6D73EA5 0
10965 4 3 000092 64DADB3E 0
10966 4 3 000093 84F07E67 0
10967 4 3 000094 E7F22DA1 0
10968 4 3 000095 69190F95 0
10969 4 3 000096 6C70CB0D 0
10970 4 3 000097 63D70EA1 0
10972 3 1 0000D0 00000000 0
10988 4 3 0000D0 9CCA9D81 0
10989 4 3 0000D1 346E3633 0
10990 4 3 0000D2 BF310020 0
10991 4 3 0000D3 B12B704D 0
10992 4 3 0000D4 927A2157 0
10993 4 3 0000D5 5FC4DE94 0
10994 4 3 0000D6 FBF5C5E9 0
10995 4 3 0000D7 D6119269 0
11096 0 2 000216 00000000 0
11112 4 3 000210 A1D05D85 0
11113 4 3 000211 C0ABCDAE 0
11114 4 3 000212 F93EB68E 0
11115 4 3 000213 ABE8F199 0
11116 4 3 000214 01344F94 0
11117 4 3 000215 6AEB7501 0
11118 4 3 000216 00000000 0
11119 4 3 000217 00000000 0
11121 1 2 000256 00000000 0
11137 4 3 000250 3ADCB271 0
11138 4 3 000251 1A620E73 0
11139 4 3 000252 77039A62 0
11140 4 3 000253 E698A4FD 0
11141 4 3 000254 D2083CC1 0
11142 4 3 000255 EB11AD00 0
11143 4 3 000256 00000000 0
11144 4 3 000257 00000000 0
11146 0 3 000210 00000000 0
11147 0 3 000210 A1D05D85 0
11148 0 3 000211 C0ABCDAE 0
11149 0 3 000212 F93EB68E 0
11150 0 3 000213 ABE8F199 0
11151 0 3 000214 01344F94 0
11152 0 3 000215 6AEB7501 0
11153 0 3 000216 B80F5276 0
11154 0 3 000217 00000000 0
11156 1 3 000250 00000000 0
11157 1 3 000250 3ADCB271 0
11158 1 3 000251 1A620E73 0
11159 1 3 000252 77039A62 0
11160 1 3 000253 E698A4FD 0
11161 1 3 000254 D2083CC1 0
11162 1 3 000255 EB11AD00 0
11163 1 3 000256 F713305B 0
11164 1 3 000257 00000000 0
11166 0 1 000010 00000000 0
11182 4 3 000010 3A633495 0
11183 4 3 000011 FA7E0A68 0
11184 4 3 000012 579A64DE 0
11185 4 3 000013 307AA6C8 0
11186 4 3 000014 EADB15EF 0
11187 4 3 000015 DB4AEF8D 0
11188 4 3 000016 23081471 0
11189 4 3 000017 A3C28E34 0
11191 1 1 000050 00000000 0
11207 4 3 000050 C77472A4 0
11208 4 3 000051 58CEF6B9 0
11209 4 3 000052 37C37C0B 0
11210 4 3 000053 62C4C6F0 0
11211 4 3 000054 98A77505 0
11212 4 3 000055 93CE860B 0
11213 4 3 000056 60062B93 0
11214 4 3 000057 FB87256C 0
11216 2 2 000296 00000000 0
11232 4 3 000290 94A67C6C 0
11233 4 3 000291 542B5237 0
11234 4 3 000292 FA261969 0
11235 4 3 000293 77B601D5 0
11236 4 3 000294 442211CF 0
11237 4 3 000295 2BF975E3 0
11238 4 3 000296 00000000 0
11239 4 3 000297 00000000 0
11241 3 2 0002D6 00000000 0
11257 4 3 0002D0 F120A6C9 0
11258 4 3 0002D1 7A893233 0
11259 4 3 0002D2 97E8854E 0
11260 4 3 0002D3 9C681DF2 0
11261 4 3 0002D4 FD53F29A 0
11262 4 3 0002D5 5F897D19 0
11263 4 3 0002D6 00000000 0
11264 4 3 0002D7 00000000 0
11266 2 3 000290 00000000 0
11267 2 3 000290 94A67C6C 0
11268 2 3 000291 542B5237 0
11269 2 3 000292 FA261969 0
11270 2 3 000293 77B601D5 0
11271 2 3 000294 442211CF 0
11272 2 3 000295 2BF975E3 0
11273 2 3 000296 B3F7C376 0
11274 2 3 000297 00000000 0
11276 3 3 0002D0 00000000 0
11277 3 3 0002D0 F120A6C9 0
11278 3 3 0002D1 7A893233 0
11279 3 3 0002D2 97E8854E 0
11280 3 3 0002D3 9C681DF2 0
11281 3 3 0002D4 FD53F29A 0
11282 3 3 0002D5 5F897D19 0
11283 3 3 0002D6 DD64696F 0
11284 3 3 0002D7 00000000 0
11286 2 1 000090 00000000 0
11302 4 3 000090 6216D1EB 0
11303 4 3 000091 B6D73EA5 0
11304 4 3 000092 64DADB3E 0
11305 4 3 000093 84F07E67 0
11306 4 3 000094 E7F22DA1 0
11307 4 3 000095 69190F95 0
11308 4 3 000096 6C70CB0D 0
11309 4 3 000097 63D70EA1 0
11311 3 1 0000D0 00000000 0
11327 4 3 0000D0 9CCA9D81 0
11328 4 3 0000D1 346E3633 0
11329 4 3 0000D2 BF310020 0
11330 4 3 0000D3 B12B704D 0
11331 4 3 0000D4 927A2157 0
11332 4 3 0000D5 5FC4DE94 0
11333 4 3 0000D6 FBF5C5E9 0
11334 4 3 0000D7 D6119269 0
11435 0 2 000217 00000000 0
11451 4 3 000210 A1D05D85 0
11452 4 3 000211 C0ABCDAE 0
11453 4 3 000212 F93EB68E 0
11454 4 3 000213 ABE8F199 0
11455 4 3 000214 01344F94 0
11456 4 3 000215 6AEB7501 0
11457 4 3 000216 B80F5276 0
11458 4 3 000217 00000000 0
11460 1 2 000257 00000000 0
11476 4 3 000250 3ADCB271 0
11477 4 3 000251 1A620E73 0
11478 4 3 000252 77039A62 0
11479 4 3 000253 E698A4FD 0
11480 4 3 000254 D2083CC1 0
11481 4 3 000255 EB11AD00 0
11482 4 3 000256 F713305B 0
11483 4 3 000257 00000000 0
11485 0 3 000210 00000000 0
11486 0 3 000210 A1D05D85 0
11487 0 3 000211 C0ABCDAE 0
11488 0 3 000212 F93EB68E 0
11489 0 3 000213 ABE8F199 0
11490 0 3 000214 01344F94 0
11491 0 3 000215 6AEB7501 0
11492 0 3 000216 B80F5276 0
11493 0 3 000217 42391E66 0
11495 1 3 000250 00000000 0
11496 1 3 000250 3ADCB271 0
11497 1 3 000251 1A620E73 0
11498 1 3 000252 77039A62 0
11499 1 3 000253 E698A4FD 0
11500 1 3 000254 D2083CC1 0
11501 1 3 000255 EB11AD00 0
11502 1 3 000256 F713305B 0
11503 1 3 000257 89C1729B 0
11505 0 1 000010 00000000 0
11521 4 3 000010 3A633495 0
11522 4 3 000011 FA7E0A68 0
11523 4 3 000012 579A64DE 0
11524 4 3 000013 307AA6C8 0
11525 4 3 000014 EADB15EF 0
11526 4 3 000015 DB4AEF8D 0
11527 4 3 000016 23081471 0
11528 4 3 000017 A3C28E34 0
11530 1 1 000050 00000000 0
11546 4 3 000050 C77472A4 0
11547 4 3 000051 58CEF6B9 0
11548 4 3 000052 37C37C0B 0
11549 4 3 000053 62C4C6F0 0
11550 4 3 000054 98A77505 0
11551 4 3 000055 93CE860B 0
11552 4 3 000056 60062B93 0
11553 4 3 000057 FB87256C 0
11555 2 2 000297 00000000 0
11571 4 3 000290 94A67C6C 0
11572 4 3 000291 542B5237 0
11573 4 3 000292 FA261969 0
11574 4 3 000293 77B601D5 0
11575 4 3 000294 442211CF 0
11576 4 3 000295 2BF975E3 0
11577 4 3 000296 B3F7C376 0
11578 4 3 000297 00000000 0
11580 3 2 0002D7 00000000 0
11596 4 3 0002D0 F120A6C9 0
11597 4 3 0002D1 7A893233 0
11598 4 3 0002D2 97E8854E 0
11599 4 3 0002D3 9C681DF2 0
11600 4 3 0002D4 FD53F29A 0
11601 4 3 0002D5 5F897D19 0
11602 4 3 0002D6 DD64696F 0
11603 4 3 0002D7 00000000 0
11605 2 3 000290 00000000 0
11606 2 3 000290 94A67C6C 0
11607 2 3 000291 542B5237 0
11608 2 3 000292 FA261969 0
11609 2 3 000293 77B601D5 0
11610 2 3 000294 442211CF 0
11611 2 3 000295 2BF975E3 0
11612 2 3 000296 B3F7C376 0
11613 2 3 000297 016B03AB 0
11615 3 3 0002D0 00000000 0
11616 3 3 0002D0 F120A6C9 0
11617 3 3 0002D1 7A893233 0
11618 3 3 0002D2 97E8854E 0
11619 3 3 0002D3 9C681DF2 0
11620 3 3 0002D4 FD53F29A 0
11621 3 3 0002D5 5F897D19 0
11622 3 3 0002D6 DD64696F 0
11623 3 3 0002D7 72C78B30 0
11625 2 1 000090 00000000 0
11641 4 3 000090 6216D1EB 0
11642 4 3 000091 B6D73EA5 0
11643 4 3 000092 64DADB3E 0
11644 4 3 000093 84F07E67 0
11645 4 3 000094 E7F22DA1 0
11646 4 3 000095 69190F95 0
11647 4 3 000096 6C70CB0D 0
11648 4 3 000097 63D70EA1 0
11650 3 1 0000D0 00000000 0
11666 4 3 0000D0 9CCA9D81 0
11667 4 3 0000D1 346E3633 0
11668 4 3 0000D2 BF310020 0
11669 4 3 0000D3 B12B704D 0
11670 4 3 0000D4 927A2157 0
11671 4 3 0000D5 5FC4DE94 0
11672 4 3 0000D6 FBF5C5E9 0
11673 4 3 0000D7 D6119269 0
11774 0 2 000218 00000000 0
11790 4 3 000218 00000000 0
11791 4 3 000219 00000000 0
11792 4 3 00021A 00000000 0
11793 4 3 00021B 00000000 0
11794 4 3 00021C 00000000 0
11795 4 3 00021D 00000000 0
11796 4 3 00021E 00000000 0
11797 4 3 00021F 00000000 0
11799 1 2 000258 00000000 0
11815 4 3 000258 00000000 0
11816 4 3 000259 00000000 0
11817 4 3 00025A 00000000 0
11818 4 3 00025B 00000000 0
11819 4 3 00025C 00000000 0
11820 4 3 00025D 00000000 0
11821 4 3 00025E 00000000 0
11822 4 3 00025F 00000000 0
11894 2 2 000298 00000000 0
11910 4 3 000298 00000000 0
11911 4 3 000299 00000000 0
11912 4 3 00029A 00000000 0
11913 4 3 00029B 00000000 0
11914 4 3 00029C 00000000 0
11915 4 3 00029D 00000000 0
11916 4 3 00029E 00000000 0
11917 4 3 00029F 00000000 0
11919 3 2 0002D8 00000000 0
11935 4 3 0002D8 00000000 0
11936 4 3 0002D9 00000000 0
11937 4 3 0002DA 00000000 0
11938 4 3 0002DB 00000000 0
11939 4 3 0002DC 00000000 0
11940 4 3 0002DD 00000000 0
11941 4 3 0002DE 00000000 0
11942 4 3 0002DF 00000000 0
11944 0 3 000218 00000000 0
11945 0 3 000218 5AEBAB73 0
11946 0 3 000219 00000000 0
11947 0 3 00021A 00000000 0
11948 0 3 00021B 00000000 0
11949 0 3 00021C 00000000 0
11950 0 3 00021D 00000000 0
11951 0 3 00021E 00000000 0
11952 0 3 00021F 00000000 0
11954 1 3 000258 00000000 0
11955 1 3 000258 4985D031 0
11956 1 3 000259 00000000 0
11957 1 3 00025A 00000000 0
11958 1 3 00025B 00000000 0
11959 1 3 00025C 00000000 0
11960 1 3 00025D 00000000 0
11961 1 3 00025E 00000000 0
11962 1 3 00025F 00000000 0
11964 0 1 000018 00000000 0
11980 4 3 000018 684B8EA8 0
11981 4 3 000019 DA208974 0
11982 4 3 00001A D917F142 0
11983 4 3 00001B 18437E60 0
11984 4 3 00001C A69ABC4A 0
11985 4 3 00001D 801E445F 0
11986 4 3 00001E 466EEAE4 0
11987 4 3 00001F A0A3F003 0
11989 1 1 000058 00000000 0
12005 4 3 000058 F7EF1B25 0
12006 4 3 000059 A50E99A9 0
12007 4 3 00005A B8E71ED4 0
12008 4 3 00005B DAB818A0 0
12009 4 3 00005C 8293DCC9 0
12010 4 3 00005D BFE498A4 0
12011 4 3 00005E 340FEBA2 0
12012 4 3 00005F B6AAFE9E 0
12047 2 3 000298 00000000 0
12048 2 3 000298 147D5CB7 0
12049 2 3 000299 00000000 0
12050 2 3 00029A 00000000 0
12051 2 3 00029B 00000000 0
12052 2 3 00029C 00000000 0
12053 2 3 00029D 00000000 0
12054 2 3 00029E 00000000 0
12055 2 3 00029F 00000000 0
12057 2 1 000098 00000000 0
12073 4 3 000098 990AF550 0
12074 4 3 000099 D360A537 0
12075 4 3 00009A 70DBE9A4 0
12076 4 3 00009B 9889F661 0
12077 4 3 00009C CD8C75D5 0
12078 4 3 00009D 2202B067 0
12079 4 3 00009E 8C4B2E17 0
12080 4 3 00009F 90726F3E 0
12082 3 3 0002D8 00000000 0
12083 3 3 0002D8 6CA2606F 0
12084 3 3 0002D9 00000000 0
12085 3 3 0002DA 00000000 0
12086 3 3 0002DB 00000000 0
12087 3 3 0002DC 00000000 0
12088 3 3 0002DD 00000000 0
12089 3 3 0002DE 00000000 0
12090 3 3 0002DF 00000000 0
12092 3 1 0000D8 00000000 0
12108 4 3 0000D8 C99B4788 0
12109 4 3 0000D9 F3FDC6EB 0
12110 4 3 0000DA FF5F383D 0
12111 4 3 0000DB A255C814 0
12112 4 3 0000DC 893A81D2 0
12113 4 3 0000DD 2675F68C 0
12114 4 3 0000DE 329FDB37 0
12115 4 3 0000DF DD18A66C 0
12117 0 2 000219 00000000 0
12133 4 3 000218 5AEBAB73 0
12134 4 3 000219 00000000 0
12135 4 3 00021A 00000000 0
12136 4 3 00021B 00000000 0
12137 4 3 00021C 00000000 0
12138 4 3 00021D 00000000 0
12139 4 3 00021E 00000000 0
12140 4 3 00021F 00000000 0
12142 1 2 000259 00000000 0
12158 4 3 000258 4985D031 0
12159 4 3 000259 00000000 0
12160 4 3 00025A 00000000 0
12161 4 3 00025B 00000000 0
12162 4 3 00025C 00000000 0
12163 4 3 00025D 00000000 0
12164 4 3 00025E 00000000 0
12165 4 3 00025F 00000000 0
12206 2 2 000299 00000000 0
12222 4 3 000298 147D5CB7 0
12223 4 3 000299 00000000 0
12224 4 3 00029A 00000000 0
12225 4 3 00029B 00000000 0
12226 4 3 00029C 00000000 0
12227 4 3 00029D 00000000 0
12228 4 3 00029E 00000000 0
12229 4 3 00029F 00000000 0
12241 3 2 0002D9 00000000 0
12257 4 3 0002D8 6CA2606F 0
12258 4 3 0002D9 00000000 0
12259 4 3 0002DA 00000000 0
12260 4 3 0002DB 00000000 0
12261 4 3 0002DC 00000000 0
12262 4 3 0002DD 00000000 0
12263 4 3 0002DE 00000000 0
12264 4 3 0002DF 00000000 0
12270 0 3 000218 00000000 0
12271 0 3 000218 5AEBAB73 0
12272 0 3 000219 788D5AF5 0
12273 0 3 00021A 00000000 0
12274 0 3 00021B 00000000 0
12275 0 3 00021C 00000000 0
12276 0 3 00021D 00000000 0
12277 0 3 00021E 00000000 0
12278 0 3 00021F 00000000 0
12280 0 1 000018 00000000 0
12296 4 3 000018 684B8EA8 0
12297 4 3 000019 DA208974 0
12298 4 3 00001A D917F142 0
12299 4 3 00001B 18437E60 0
12300 4 3 00001C A69ABC4A 0
12301 4 3 00001D 801E445F 0
12302 4 3 00001E 466EEAE4 0
12303 4 3 00001F A0A3F003 0
12305 1 3 000258 00000000 0
12306 1 3 000258 4985D031 0
12307 1 3 000259 996B1D55 0
12308 1 3 00025A 00000000 0
12309 1 3 00025B 00000000 0
12310 1 3 00025C 00000000 0
12311 1 3 00025D 00000000 0
12312 1 3 00025E 00000000 0
12313 1 3 00025F 00000000 0
12315 1 1 000058 00000000 0
12331 4 3 000058 F7EF1B25 0
12332 4 3 000059 A50E99A9 0
12333 4 3 00005A B8E71ED4 0
12334 4 3 00005B DAB818A0 0
12335 4 3 00005C 8293DCC9 0
12336 4 3 00005D BFE498A4 0
12337 4 3 00005E 340FEBA2 0
12338 4 3 00005F B6AAFE9E 0
12359 2 3 000298 00000000 0
12360 2 3 000298 147D5CB7 0
12361 2 3 000299 AC888A0A 0
12362 2 3 00029A 00000000 0
12363 2 3 00029B 00000000 0
12364 2 3 00029C 00000000 0
12365 2 3 00029D 00000000 0
12366 2 3 00029E 00000000 0
12367 2 3 00029F 00000000 0
12369 2 1 000098 00000000 0
12385 4 3 000098 990AF550 0
12386 4 3 000099 D360A537 0
12387 4 3 00009A 70DBE9A4 0
12388 4 3 00009B 9889F661 0
12389 4 3 00009C CD8C75D5 0
12390 4 3 00009D 2202B067 0
12391 4 3 00009E 8C4B2E17 0
12392 4 3 00009F 90726F3E 0
12394 3 3 0002D8 00000000 0
12395 3 3 0002D8 6CA2606F 0
12396 3 3 0002D9 55377422 0
12397 3 3 0002DA 00000000 0
12398 3 3 0002DB 00000000 0
12399 3 3 0002DC 00000000 0
12400 3 3 0002DD 00000000 0
12401 3 3 0002DE 00000000 0
12402 3 3 0002DF 00000000 0
12404 3 1 0000D8 00000000 0
12420 4 3 0000D8 C99B4788 0
12421 4 3 0000D9 F3FDC6EB 0
12422 4 3 0000DA FF5F383D 0
12423 4 3 0000DB A255C814 0
12424 4 3 0000DC 893A81D2 0
12425 4 3 0000DD 2675F68C 0
12426 4 3 0000DE 329FDB37 0
12427 4 3 0000DF DD18A66C 0
12429 0 2 00021A 00000000 0
12445 4 3 000218 5AEBAB73 0
12446 4 3 000219 788D5AF5 0
12447 4 3 00021A 00000000 0
12448 4 3 00021B 00000000 0
12449 4 3 00021C 00000000 0
12450 4 3 00021D 00000000 0
12451 4 3 00021E 00000000 0
12452 4 3 00021F 00000000 0
12464 1 2 00025A 00000000 0
12480 4 3 000258 4985D031 0
12481 4 3 000259 996B1D55 0
12482 4 3 00025A 00000000 0
12483 4 3 00025B 00000000 0
12484 4 3 00025C 00000000 0
12485 4 3 00025D 00000000 0
12486 4 3 00025E 00000000 0
12487 4 3 00025F 00000000 0
12518 2 2 00029A 00000000 0
12534 4 3 000298 147D5CB7 0
12535 4 3 000299 AC888A0A 0
12536 4 3 00029A 00000000 0
12537 4 3 00029B 00000000 0
12538 4 3 00029C 00000000 0
12539 4 3 00029D 00000000 0
12540 4 3 00029E 00000000 0
12541 4 3 00029F 00000000 0
12553 3 2 0002DA 00000000 0
12569 4 3 0002D8 6CA2606F 0
12570 4 3 0002D9 55377422 0
12571 4 3 0002DA 00000000 0
12572 4 3 0002DB 00000000 0
12573 4 3 0002DC 00000000 0
12574 4 3 0002DD 00000000 0
12575 4 3 0002DE 00000000 0
12576 4 3 0002DF 00000000 0
12582 0 3 000218 00000000 0
12583 0 3 000218 5AEBAB73 0
12584 0 3 000219 788D5AF5 0
12585 0 3 00021A 029F887A 0
12586 0 3 00021B 00000000 0
12587 0 3 00021C 00000000 0
12588 0 3 00021D 00000000 0
12589 0 3 00021E 00000000 0
12590 0 3 00021F 00000000 0
12592 0 1 000018 00000000 0
12608 4 3 000018 684B8EA8 0
12609 4 3 000019 DA208974 0
12610 4 3 00001A D917F142 0
12611 4 3 00001B 18437E60 0
12612 4 3 00001C A69ABC4A 0
12613 4 3 00001D 801E445F 0
12614 4 3 00001E 466EEAE4 0
12615 4 3 00001F A0A3F003 0
12617 1 3 000258 00000000 0
12618 1 3 000258 4985D031 0
12619 1 3 000259 996B1D55 0
12620 1 3 00025A 20F0697E 0
12621 1 3 00025B 00000000 0
12622 1 3 00025C 00000000 0
12623 1 3 00025D 00000000 0
12624 1 3 00025E 00000000 0
12625 1 3 00025F 00000000 0
12627 1 1 000058 00000000 0
12643 4 3 000058 F7EF1B25 0
12644 4 3 000059 A50E99A9 0
12645 4 3 00005A B8E71ED4 0
12646 4 3 00005B DAB818A0 0
12647 4 3 00005C 8293DCC9 0
12648 4 3 00005D BFE498A4 0
12649 4 3 00005E 340FEBA2 0
12650 4 3 00005F B6AAFE9E 0
12671 2 3 000298 00000000 0
12672 2 3 000298 147D5CB7 0
12673 2 3 000299 AC888A0A 0
12674 2 3 00029A 3AE3E82D 0
12675 2 3 00029B 00000000 0
12676 2 3 00029C 00000000 0
12677 2 3 00029D 00000000 0
12678 2 3 00029E 00000000 0
12679 2 3 00029F 00000000 0
12681 2 1 000098 00000000 0
12697 4 3 000098 990AF550 0
12698 4 3 000099 D360A537 0
12699 4 3 00009A 70DBE9A4 0
12700 4 3 00009B 9889F661 0
12701 4 3 00009C CD8C75D5 0
12702 4 3 00009D 2202B067 0
12703 4 3 00009E 8C4B2E17 0
12704 4 3 00009F 90726F3E 0
12706 3 3 0002D8 00000000 0
12707 3 3 0002D8 6CA2606F 0
12708 3 3 0002D9 55377422 0
12709 3 3 0002DA 0BCBCD2C 0
12710 3 3 0002DB 00000000 0
12711 3 3 0002DC 00000000 0
12712 3 3 0002DD 00000000 0
12713 3 3 0002DE 00000000 0
12714 3 3 0002DF 00000000 0
12716 3 1 0000D8 00000000 0
12732 4 3 0000D8 C99B4788 0
12733 4 3 0000D9 F3FDC6EB 0
12734 4 3 0000DA FF5F383D 0
12735 4 3 0000DB A255C814 0
12736 4 3 0000DC 893A81D2 0
12737 4 3 0000DD 2675F68C 0
12738 4 3 0000DE 329FDB37 0
12739 4 3 0000DF DD18A66C 0
12741 0 2 00021B 00000000 0
12757 4 3 000218 5AEBAB73 0
12758 4 3 000219 788D5AF5 0
12759 4 3 00021A 029F887A 0
12760 4 3 00021B 00000000 0
12761 4 3 00021C 00000000 0
12762 4 3 00021D 00000000 0
12763 4 3 00021E 00000000 0
12764 4 3 00021F 00000000 0
12776 1 2 00025B 00000000 0
12792 4 3 000258 4985D031 0
12793 4 3 000259 996B1D55 0
12794 4 3 00025A 20F0697E 0
12795 4 3 00025B 00000000 0
12796 4 3 00025C 00000000 0
12797 4 3 00025D 00000000 0
12798 4 3 00025E 00000000 0
12799 4 3 00025F 00000000 0
12830 2 2 00029B 00000000 0
12846 4 3 000298 147D5CB7 0
12847 4 3 000299 AC888A0A 0
12848 4 3 00029A 3AE3E82D 0
12849 4 3 00029B 00000000 0
12850 4 3 00029C 00000000 0
12851 4 3 00029D 00000000 0
12852 4 3 00029E 00000000 0
12853 4 3 00029F 00000000 0
12865 3 2 0002DB 00000000 0
12881 4 3 0002D8 6CA2606F 0
12882 4 3 0002D9 55377422 0
12883 4 3 0002DA 0BCBCD2C 0
12884 4 3 0002DB 00000000 0
12885 4 3 0002DC 00000000 0
12886 4 3 0002DD 00000000 0
12887 4 3 0002DE 00000000 0
12888 4 3 0002DF 00000000 0
12894 0 3 000218 00000000 0
12895 0 3 000218 5AEBAB73 0
12896 0 3 000219 788D5AF5 0
12897 0 3 00021A 029F887A 0
12898 0 3 00021B 2B0BF2CE 0
12899 0 3 00021C 00000000 0
12900 0 3 00021D 00000000 0
12901 0 3 00021E 00000000 0
12902 0 3 00021F 00000000 0
12904 0 1 000018 00000000 0
12920 4 3 000018 684B8EA8 0
12921 4 3 000019 DA208974 0
12922 4 3 00001A D917F142 0
12923 4 3 00001B 18437E60 0
12924 4 3 00001C A69ABC4A 0
12925 4 3 00001D 801E445F 0
12926 4 3 00001E 466EEAE4 0
12927 4 3 00001F A0A3F003 0
12929 1 3 000258 00000000 0
12930 1 3 000258 4985D031 0
12931 1 3 000259 996B1D55 0
12932 1 3 00025A 20F0697E 0
12933 1 3 00025B 29AD20E4 0
12934 1 3 00025C 00000000 0
12935 1 3 00025D 00000000 0
12936 1 3 00025E 00000000 0
12937 1 3 00025F 00000000 0
12939 1 1 000058 00000000 0
12955 4 3 000058 F7EF1B25 0
12956 4 3 000059 A50E99A9 0
12957 4 3 00005A B8E71ED4 0
12958 4 3 00005B DAB818A0 0
12959 4 3 00005C 8293DCC9 0
12960 4 3 00005D BFE498A4 0
12961 4 3 00005E 340FEBA2 0
12962 4 3 00005F B6AAFE9E 0
12983 2 3 000298 00000000 0
12984 2 3 000298 147D5CB7 0
12985 2 3 000299 AC888A0A 0
12986 2 3 00029A 3AE3E82D 0
12987 2 3 00029B 9A32B217 0
12988 2 3 00029C 00000000 0
12989 2 3 00029D 00000000 0
12990 2 3 00029E 00000000 0
12991 2 3 00029F 00000000 0
12993 2 1 000098 00000000 0
13009 4 3 000098 990AF550 0
13010 4 3 000099 D360A537 0
13011 4 3 00009A 70DBE9A4 0
13012 4 3 00009B 9889F661 0
13013 4 3 00009C CD8C75D5 0
13014 4 3 00009D 2202B067 0
13015 4 3 00009E 8C4B2E17 0
13016 4 3 00009F 90726F3E 0
13018 3 3 0002D8 00000000 0
13019 3 3 0002D8 6CA2606F 0
13020 3 3 0002D9 55377422 0
13021 3 3 0002DA 0BCBCD2C 0
13022 3 3 0002DB A7D07151 0
13023 3 3 0002DC 00000000 0
13024 3 3 0002DD 00000000 0
13025 3 3 0002DE 00000000 0
13026 3 3 0002DF 00000000 0
13028 3 1 0000D8 00000000 0
13044 4 3 0000D8 C99B4788 0
13045 4 3 0000D9 F3FDC6EB 0
13046 4 3 0000DA FF5F383D 0
13047 4 3 0000DB A255C814 0
13048 4 3 0000DC 893A81D2 0
13049 4 3 0000DD 2675F68C 0
13050 4 3 0000DE 329FDB37 0
13051 4 3 0000DF DD18A66C 0
13053 0 2 00021C 00000000 0
13069 4 3 000218 5AEBAB73 0
13070 4 3 000219 788D5AF5 0
13071 4 3 00021A 029F887A 0
13072 4 3 00021B 2B0BF2CE 0
13073 4 3 00021C 00000000 0
13074 4 3 00021D 00000000 0
13075 4 3 00021E 00000000 0
13076 4 3 00021F 00000000 0
13088 1 2 00025C 00000000 0
13104 4 3 000258 4985D031 0
13105 4 3 000259 996B1D55 0
13106 4 3 00025A 20F0697E 0
13107 4 3 00025B 29AD20E4 0
13108 4 3 00025C 00000000 0
13109 4 3 00025D 00000000 0
13110 4 3 00025E 00000000 0
13111 4 3 00025F 00000000 0
13142 2 2 00029C 00000000 0
13158 4 3 000298 147D5CB7 0
13159 4 3 000299 AC888A0A 0
13160 4 3 00029A 3AE3E82D 0
13161 4 3 00029B 9A32B217 0
13162 4 3 00029C 00000000 0
13163 4 3 00029D 00000000 0
13164 4 3 00029E 00000000 0
13165 4 3 00029F 00000000 0
13177 3 2 0002DC 00000000 0
13193 4 3 0002D8 6CA2606F 0
13194 4 3 0002D9 55377422 0
13195 4 3 0002DA 0BCBCD2C 0
13196 4 3 0002DB A7D07151 0
13197 4 3 0002DC 00000000 0
13198 4 3 0002DD 00000000 0
13199 4 3 0002DE 00000000 0
13200 4 3 0002DF 00000000 0
13206 0 3 000218 00000000 0
13207 0 3 000218 5AEBAB73 0
13208 0 3 000219 788D5AF5 0
13209 0 3 00021A 029F887A 0
13210 0 3 00021B 2B0BF2CE 0
13211 0 3 00021C B18349C6 0
13212 0 3 00021D 00000000 0
13213 0 3 00021E 00000000 0
13214 0 3 00021F 00000000 0
13216 0 1 000018 00000000 0
13232 4 3 000018 684B8EA8 0
13233 4 3 000019 DA208974 0
13234 4 3 00001A D917F142 0
13235 4 3 00001B 18437E60 0
13236 4 3 00001C A69ABC4A 0
13237 4 3 00001D 801E445F 0
13238 4 3 00001E 466EEAE4 0
13239 4 3 00001F A0A3F003 0
13241 1 3 000258 00000000 0
13242 1 3 000258 4985D031 0
13243 1 3 000259 996B1D55 0
13244 1 3 00025A 20F0697E 0
13245 1 3 00025B 29AD20E4 0
13246 1 3 00025C 2A4E44EB 0
13247 1 3 00025D 00000000 0
13248 1 3 00025E 00000000 0
13249 1 3 00025F 00000000 0
13251 1 1 000058 00000000 0
13267 4 3 000058 F7EF1B25 0
13268 4 3 000059 A50E99A9 0
13269 4 3 00005A B8E71ED4 0
13270 4 3 00005B DAB818A0 0
13271 4 3 00005C 8293DCC9 0
13272 4 3 00005D BFE498A4 0
13273 4 3 00005E 340FEBA2 0
13274 4 3 00005F B6AAFE9E 0
13295 2 3 000298 00000000 0
13296 2 3 000298 147D5CB7 0
13297 2 3 000299 AC888A0A 0
13298 2 3 00029A 3AE3E82D 0
13299 2 3 00029B 9A32B217 0
13300 2 3 00029C 593155A8 0
13301 2 3 00029D 00000000 0
13302 2 3 00029E 00000000 0
13303 2 3 00029F 00000000 0
13305 2 1 000098 00000000 0
13321 4 3 000098 990AF550 0
13322 4 3 000099 D360A537 0
13323 4 3 00009A 70DBE9A4 0
13324 4 3 00009B 9889F661 0
13325 4 3 00009C CD8C75D5 0
13326 4 3 00009D 2202B067 0
13327 4 3 00009E 8C4B2E17 0
13328 4 3 00009F 90726F3E 0
13330 3 3 0002D8 00000000 0
13331 3 3 0002D8 6CA2606F 0
13332 3 3 0002D9 55377422 0
13333 3 3 0002DA 0BCBCD2C 0
13334 3 3 0002DB A7D07151 0
13335 3 3 0002DC 989A1A27 0
13336 3 3 0002DD 00000000 0
13337 3 3 0002DE 00000000 0
13338 3 3 0002DF 00000000 0
13340 3 1 0000D8 00000000 0
13356 4 3 0000D8 C99B4788 0
13357 4 3 0000D9 F3FDC6EB 0
13358 4 3 0000DA FF5F383D 0
13359 4 3 0000DB A255C814 0
13360 4 3 0000DC 893A81D2 0
13361 4 3 0000DD 2675F68C 0
13362 4 3 0000DE 329FDB37 0
13363 4 3 0000DF DD18A66C 0
13365 0 2 00021D 00000000 0
13381 4 3 000218 5AEBAB73 0
13382 4 3 000219 788D5AF5 0
13383 4 3 00021A 029F887A 0
13384 4 3 00021B 2B0BF2CE 0
13385 4 3 00021C B18349C6 0
13386 4 3 00021D 00000000 0
13387 4 3 00021E 00000000 0
13388 4 3 00021F 00000000 0
13400 1 2 00025D 00000000 0
13416 4 3 000258 4985D031 0
13417 4 3 000259 996B1D55 0
13418 4 3 00025A 20F0697E 0
13419 4 3 00025B 29AD20E4 0
13420 4 3 00025C 2A4E44EB 0
13421 4 3 00025D 00000000 0
13422 4 3 00025E 00000000 0
13423 4 3 00025F 00000000 0
13454 2 2 00029D 00000000 0
13470 4 3 000298 147D5CB7 0
13471 4 3 000299 AC888A0A 0
13472 4 3 00029A 3AE3E82D 0
13473 4 3 00029B 9A32B217 0
13474 4 3 00029C 593155A8 0
13475 4 3 00029D 00000000 0
13476 4 3 00029E 00000000 0
13477 4 3 00029F 00000000 0
13489 3 2 0002DD 00000000 0
13505 4 3 0002D8 6CA2606F 0
13506 4 3 0002D9 55377422 0
13507 4 3 0002DA 0BCBCD2C 0
13508 4 3 0002DB A7D07151 0
13509 4 3 0002DC 989A1A27 0
13510 4 3 0002DD 00000000 0
13511 4 3 0002DE 00000000 0
13512 4 3 0002DF 00000000 0
13518 0 3 000218 00000000 0
13519 0 3 000218 5AEBAB73 0
13520 0 3 000219 788D5AF5 0
13521 0 3 00021A 029F887A 0
13522 0 3 00021B 2B0BF2CE 0
13523 0 3 00021C B18349C6 0
13524 0 3 00021D 182103AD 0
13525 0 3 00021E 00000000 0
13526 0 3 00021F 00000000 0
13528 0 1 000018 00000000 0
13544 4 3 000018 684B8EA8 0
13545 4 3 000019 DA208974 0
13546 4 3 00001A D917F142 0
13547 4 3 00001B 18437E60 0
13548 4 3 00001C A69ABC4A 0
13549 4 3 00001D 801E445F 0
13550 4 3 00001E 466EEAE4 0
13551 4 3 00001F A0A3F003 0
13553 1 3 000258 00000000 0
13554 1 3 000258 4985D031 0
13555 1 3 000259 996B1D55 0
13556 1 3 00025A 20F0697E 0
13557 1 3 00025B 29AD20E4 0
13558 1 3 00025C 2A4E44EB 0
13559 1 3 00025D 8DAE0C69 0
13560 1 3 00025E 00000000 0
13561 1 3 00025F 00000000 0
13563 1 1 000058 00000000 0
13579 4 3 000058 F7EF1B25 0
13580 4 3 000059 A50E99A9 0
13581 4 3 00005A B8E71ED4 0
13582 4 3 00005B DAB818A0 0
13583 4 3 00005C 8293DCC9 0
13584 4 3 00005D BFE498A4 0
13585 4 3 00005E 340FEBA2 0
13586 4 3 00005F B6AAFE9E 0
13607 2 3 000298 00000000 0
13608 2 3 000298 147D5CB7 0
13609 2 3 000299 AC888A0A 0
13610 2 3 00029A 3AE3E82D 0
13611 2 3 00029B 9A32B217 0
13612 2 3 00029C 593155A8 0
13613 2 3 00029D CC9ACA26 0
13614 2 3 00029E 00000000 0
13615 2 3 00029F 00000000 0
13617 2 1 000098 00000000 0
13633 4 3 000098 990AF550 0
13634 4 3 000099 D360A537 0
13635 4 3 00009A 70DBE9A4 0
13636 4 3 00009B 9889F661 0
13637 4 3 00009C CD8C75D5 0
13638 4 3 00009D 2202B067 0
13639 4 3 00009E 8C4B2E17 0
13640 4 3 00009F 90726F3E 0
13642 3 3 0002D8 00000000 0
13643 3 3 0002D8 6CA2606F 0
13644 3 3 0002D9 55377422 0
13645 3 3 0002DA 0BCBCD2C 0
13646 3 3 0002DB A7D07151 0
13647 3 3 0002DC 989A1A27 0
13648 3 3 0002DD A1BE88C1 0
13649 3 3 0002DE 00000000 0
13650 3 3 0002DF 00000000 0
13652 3 1 0000D8 00000000 0
13668 4 3 0000D8 C99B4788 0
13669 4 3 0000D9 F3FDC6EB 0
13670 4 3 0000DA FF5F383D 0
13671 4 3 0000DB A255C814 0
13672 4 3 0000DC 893A81D2 0
13673 4 3 0000DD 2675F68C 0
13674 4 3 0000DE 329FDB37 0
13675 4 3 0000DF DD18A66C 0
13677 0 2 00021E 00000000 0
13693 4 3 000218 5AEBAB73 0
13694 4 3 000219 788D5AF5 0
13695 4 3 00021A 029F887A 0
13696 4 3 00021B 2B0BF2CE 0
13697 4 3 00021C B18349C6 0
13698 4 3 00021D 182103AD 0
13699 4 3 00021E 00000000 0
13700 4 3 00021F 00000000 0
13712 1 2 00025E 00000000 0
13728 4 3 000258 4985D031 0
13729 4 3 000259 996B1D55 0
13730 4 3 00025A 20F0697E 0
13731 4 3 00025B 29AD20E4 0
13732 4 3 00025C 2A4E44EB 0
13733 4 3 00025D 8DAE0C69 0
13734 4 3 00025E 00000000 0
13735 4 3 00025F 00000000 0
13766 2 2 00029E 00000000 0
13782 4 3 000298 147D5CB7 0
13783 4 3 000299 AC888A0A 0
13784 4 3 00029A 3AE3E82D 0
13785 4 3 00029B 9A32B217 0
13786 4 3 00029C 593155A8 0
13787 4 3 00029D CC9ACA26 0
13788 4 3 00029E 00000000 0
13789 4 3 00029F 00000000 0
13801 3 2 0002DE 00000000 0
13817 4 3 0002D8 6CA2606F 0
13818 4 3 0002D9 55377422 0
13819 4 3 0002DA 0BCBCD2C 0
13820 4 3 0002DB A7D07151 0
13821 4 3 0002DC 989A1A27 0
13822 4 3 0002DD A1BE88C1 0
13823 4 3 0002DE 00000000 0
13824 4 3 0002DF 00000000 0
13830 0 3 000218 00000000 0
13831 0 3 000218 5AEBAB73 0
13832 0 3 000219 788D5AF5 0
13833 0 3 00021A 029F887A 0
13834 0 3 00021B 2B0BF2CE 0
13835 0 3 00021C B18349C6 0
13836 0 3 00021D 182103AD 0
13837 0 3 00021E B97F27C3 0
13838 0 3 00021F 00000000 0
13840 0 1 000018 00000000 0
13856 4 3 000018 684B8EA8 0
13857 4 3 000019 DA208974 0
13858 4 3 00001A D917F142 0
13859 4 3 00001B 18437E60 0
13860 4 3 00001C A69ABC4A 0
13861 4 3 00001D 801E445F 0
13862 4 3 00001E 466EEAE4 0
13863 4 3 00001F A0A3F003 0
13865 1 3 000258 00000000 0
13866 1 3 000258 4985D031 0
13867 1 3 000259 996B1D55 0
13868 1 3 00025A 20F0697E 0
13869 1 3 00025B 29AD20E4 0
13870 1 3 00025C 2A4E44EB 0
13871 1 3 00025D 8DAE0C69 0
13872 1 3 00025E A814C462 0
13873 1 3 00025F 00000000 0
13875 1 1 000058 00000000 0
13891 4 3 000058 F7EF1B25 0
13892 4 3 000059 A50E99A9 0
13893 4 3 00005A B8E71ED4 0
13894 4 3 00005B DAB818A0 0
13895 4 3 00005C 8293DCC9 0
13896 4 3 00005D BFE498A4 0
13897 4 3 00005E 340FEBA2 0
13898 4 3 00005F B6AAFE9E 0
13919 2 3 000298 00000000 0
13920 2 3 000298 147D5CB7 0
13921 2 3 000299 AC888A0A 0
13922 2 3 00029A 3AE3E82D 0
13923 2 3 00029B 9A32B217 0
13924 2 3 00029C 593155A8 0
13925 2 3 00029D CC9ACA26 0
13926 2 3 00029E 33E363C8 0
13927 2 3 00029F 00000000 0
13929 2 1 000098 00000000 0
13945 4 3 000098 990AF550 0
13946 4 3 000099 D360A537 0
13947 4 3 00009A 70DBE9A4 0
13948 4 3 00009B 9889F661 0
13949 4 3 00009C CD8C75D5 0
13950 4 3 00009D 2202B067 0
13951 4 3 00009E 8C4B2E17 0
13952 4 3 00009F 90726F3E 0
13954 3 3 0002D8 00000000 0
13955 3 3 0002D8 6CA2606F 0
13956 3 3 0002D9 55377422 0
13957 3 3 0002DA 0BCBCD2C 0
13958 3 3 0002DB A7D07151 0
13959 3 3 0002DC 989A1A27 0
13960 3 3 0002DD A1BE88C1 0
13961 3 3 0002DE 3B2252F4 0
13962 3 3 0002DF 00000000 0
13964 3 1 0000D8 00000000 0
13980 4 3 0000D8 C99B4788 0
13981 4 3 0000D9 F3FDC6EB 0
13982 4 3 0000DA FF5F383D 0
13983 4 3 0000DB A255C814 0
13984 4 3 0000DC 893A81D2 0
13985 4 3 0000DD 2675F68C 0
13986 4 3 0000DE 329FDB37 0
13987 4 3 0000DF DD18A66C 0
13989 0 2 00021F 00000000 0
14005 4 3 000218 5AEBAB73 0
14006 4 3 000219 788D5AF5 0
14007 4 3 00021A 029F887A 0
14008 4 3 00021B 2B0BF2CE 0
14009 4 3 00021C B18349C6 0
14010 4 3 00021D 182103AD 0
14011 4 3 00021E B97F27C3 0
14012 4 3 00021F 00000000 0
14024 1 2 00025F 00000000 0
14040 4 3 000258 4985D031 0
14041 4 3 000259 996B1D55 0
14042 4 3 00025A 20F0697E 0
14043 4 3 00025B 29AD20E4 0
14044 4 3 00025C 2A4E44EB 0
14045 4 3 00025D 8DAE0C69 0
14046 4 3 00025E A814C462 0
14047 4 3 00025F 00000000 0
14049 0 1 000020 00000000 0
14065 4 3 000020 DED0FC97 0
14066 4 3 000021 F86C16E0 0
14067 4 3 000022 6BB117FA 0
14068 4 3 000023 9EE19418 0
14069 4 3 000024 0C53410C 0
14070 4 3 000025 40B0067B 0
14071 4 3 000026 61A7B7FC 0
14072 4 3 000027 7994E531 0
14074 1 1 000060 00000000 0
14090 4 3 000060 073C4CCB 0
14091 4 3 000061 A285317D 0
14092 4 3 000062 61CC0249 0
14093 4 3 000063 14922318 0
14094 4 3 000064 B1519CEF 0
14095 4 3 000065 08167017 0
14096 4 3 000066 675C8E3D 0
14097 4 3 000067 476B2256 0
14099 2 2 00029F 00000000 0
14115 4 3 000298 147D5CB7 0
14116 4 3 000299 AC888A0A 0
14117 4 3 00029A 3AE3E82D 0
14118 4 3 00029B 9A32B217 0
14119 4 3 00029C 593155A8 0
14120 4 3 00029D CC9ACA26 0
14121 4 3 00029E 33E363C8 0
14122 4 3 00029F 00000000 0
14124 3 2 0002DF 00000000 0
14140 4 3 0002D8 6CA2606F 0
14141 4 3 0002D9 55377422 0
14142 4 3 0002DA 0BCBCD2C 0
14143 4 3 0002DB A7D07151 0
14144 4 3 0002DC 989A1A27 0
14145 4 3 0002DD A1BE88C1 0
14146 4 3 0002DE 3B2252F4 0
14147 4 3 0002DF 00000000 0
14149 2 1 0000A0 00000000 0
14165 4 3 0000A0 CA3D1FA5 0
14166 4 3 0000A1 DBABC47B 0
14167 4 3 0000A2 4C07FDA2 0
14168 4 3 0000A3 5E261B4C 0
14169 4 3 0000A4 0B53B27A 0
14170 4 3 0000A5 EA35E395 0
14171 4 3 0000A6 3F897A61 0
14172 4 3 0000A7 37583EAD 0
14174 3 1 0000E0 00000000 0
14190 4 3 0000E0 3A99086B 0
14191 4 3 0000E1 FC29B14A 0
14192 4 3 0000E2 897BD3E6 0
14193 4 3 0000E3 06810457 0
14194 4 3 0000E4 EF5BB385 0
14195 4 3 0000E5 714EE5AB 0
14196 4 3 0000E6 AE433E6B 0
14197 4 3 0000E7 63A99B82 0
14199 0 1 000028 00000000 0
14215 4 3 000028 E74F8EA9 0
14216 4 3 000029 5AE2202D 0
14217 4 3 00002A 6307139B 0
14218 4 3 00002B 60189545 0
14219 4 3 00002C D4FA71F4 0
14220 4 3 00002D 97893F9B 0
14221 4 3 00002E 4B967CF9 0
14222 4 3 00002F 1A6D27CD 0
14224 1 1 000068 00000000 0
14240 4 3 000068 1CADEFF9 0
14241 4 3 000069 1226712D 0
14242 4 3 00006A 0A070B7A 0
14243 4 3 00006B DC848889 0
14244 4 3 00006C E2C5005B 0
14245 4 3 00006D 499F7633 0
14246 4 3 00006E 3DE3AB84 0
14247 4 3 00006F FED30C96 0
14294 2 1 0000A8 00000000 0
14310 4 3 0000A8 B4C98462 0
14311 4 3 0000A9 69BCD69E 0
14312 4 3 0000AA D32E258E 0
14313 4 3 0000AB 5E9E25C1 0
14314 4 3 0000AC 7A38169D 0
14315 4 3 0000AD 82B6E84C 0
14316 4 3 0000AE 70578451 0
14317 4 3 0000AF 126447A7 0
14319 3 1 0000E8 00000000 0
14335 4 3 0000E8 09ABD06F 0
14336 4 3 0000E9 BDA1B158 0
14337 4 3 0000EA D281EEE8 0
14338 4 3 0000EB C955A625 0
14339 4 3 0000EC 9E49A16A 0
14340 4 3 0000ED E7BE8E28 0
14341 4 3 0000EE 8E2E6F44 0
14342 4 3 0000EF 600DCD15 0
14348 0 2 000220 00000000 0
14364 4 3 000220 00000000 0
14365 4 3 000221 00000000 0
14366 4 3 000222 00000000 0
14367 4 3 000223 00000000 0
14368 4 3 000224 00000000 0
14369 4 3 000225 00000000 0
14370 4 3 000226 00000000 0
14371 4 3 000227 00000000 0
14373 1 2 000260 00000000 0
14389 4 3 000260 00000000 0
14390 4 3 000261 00000000 0
14391 4 3 000262 00000000 0
14392 4 3 000263 00000000 0
14393 4 3 000264 00000000 0
14394 4 3 000265 00000000 0
14395 4 3 000266 00000000 0
14396 4 3 000267 00000000 0
14398 0 3 000220 00000000 0
14399 0 3 000220 E3386986 0
14400 0 3 000221 00000000 0
14401 0 3 000222 00000000 0
14402 0 3 000223 00000000 0
14403 0 3 000224 00000000 0
14404 0 3 000225 00000000 0
14405 0 3 000226 00000000 0
14406 0 3 000227 00000000 0
14408 1 3 000260 00000000 0
14409 1 3 000260 535920CA 0
14410 1 3 000261 00000000 0
14411 1 3 000262 00000000 0
14412 1 3 000263 00000000 0
14413 1 3 000264 00000000 0
14414 1 3 000265 00000000 0
14415 1 3 000266 00000000 0
14416 1 3 000267 00000000 0
14418 0 1 000020 00000000 0
14434 4 3 000020 DED0FC97 0
14435 4 3 000021 F86C16E0 0
14436 4 3 000022 6BB117FA 0
14437 4 3 000023 9EE19418 0
14438 4 3 000024 0C53410C 0
14439 4 3 000025 40B0067B 0
14440 4 3 000026 61A7B7FC 0
14441 4 3 000027 7994E531 0
14443 1 1 000060 00000000 0
14459 4 3 000060 073C4CCB 0
14460 4 3 000061 A285317D 0
14461 4 3 000062 61CC0249 0
14462 4 3 000063 14922318 0
14463 4 3 000064 B1519CEF 0
14464 4 3 000065 08167017 0
14465 4 3 000066 675C8E3D 0
14466 4 3 000067 476B2256 0
14468 2 2 0002A0 00000000 0
14484 4 3 0002A0 00000000 0
14485 4 3 0002A1 00000000 0
14486 4 3 0002A2 00000000 0
14487 4 3 0002A3 00000000 0
14488 4 3 0002A4 00000000 0
14489 4 3 0002A5 00000000 0
14490 4 3 0002A6 00000000 0
14491 4 3 0002A7 00000000 0
14493 3 2 0002E0 00000000 0
14509 4 3 0002E0 00000000 0
14510 4 3 0002E1 00000000 0
14511 4 3 0002E2 00000000 0
14512 4 3 0002E3 00000000 0
14513 4 3 0002E4 00000000 0
14514 4 3 0002E5 00000000 0
14515 4 3 0002E6 00000000 0
14516 4 3 0002E7 00000000 0
14518 2 3 0002A0 00000000 0
14519 2 3 0002A0 130FC834 0
14520 2 3 0002A1 00000000 0
14521 2 3 0002A2 00000000 0
14522 2 3 0002A3 00000000 0
14523 2 3 0002A4 00000000 0
14524 2 3 0002A5 00000000 0
14525 2 3 0002A6 00000000 0
14526 2 3 0002A7 00000000 0
14528 3 3 0002E0 00000000 0
14529 3 3 0002E0 13C3769E 0
14530 3 3 0002E1 00000000 0
14531 3 3 0002E2 00000000 0
14532 3 3 0002E3 00000000 0
14533 3 3 0002E4 00000000 0
14534 3 3 0002E5 00000000 0
14535 3 3 0002E6 00000000 0
14536 3 3 0002E7 00000000 0
14538 2 1 0000A0 00000000 0
14554 4 3 0000A0 CA3D1FA5 0
14555 4 3 0000A1 DBABC47B 0
14556 4 3 0000A2 4C07FDA2 0
14557 4 3 0000A3 5E261B4C 0
14558 4 3 0000A4 0B53B27A 0
14559 4 3 0000A5 EA35E395 0
14560 4 3 0000A6 3F897A61 0
14561 4 3 0000A7 37583EAD 0
14563 3 1 0000E0 00000000 0
14579 4 3 0000E0 3A99086B 0
14580 4 3 0000E1 FC29B14A 0
14581 4 3 0000E2 897BD3E6 0
14582 4 3 0000E3 06810457 0
14583 4 3 0000E4 EF5BB385 0
14584 4 3 0000E5 714EE5AB 0
14585 4 3 0000E6 AE433E6B 0
14586 4 3 0000E7 63A99B82 0
14687 0 2 000221 00000000 0
14703 4 3 000220 E3386986 0
14704 4 3 000221 00000000 0
14705 4 3 000222 00000000 0
14706 4 3 000223 00000000 0
14707 4 3 000224 00000000 0
14708 4 3 000225 00000000 0
14709 4 3 000226 00000000 0
14710 4 3 000227 00000000 0
14712 1 2 000261 00000000 0
14728 4 3 000260 535920CA 0
14729 4 3 000261 00000000 0
14730 4 3 000262 00000000 0
14731 4 3 000263 00000000 0
14732 4 3 000264 00000000 0
14733 4 3 000265 00000000 0
14734 4 3 000266 00000000 0
14735 4 3 000267 00000000 0
14737 0 3 000220 00000000 0
14738 0 3 000220 E3386986 0
14739 0 3 000221 A41FB044 0
14740 0 3 000222 00000000 0
14741 0 3 000223 00000000 0
14742 0 3 000224 00000000 0
14743 0 3 000225 00000000 0
14744 0 3 000226 00000000 0
14745 0 3 000227 00000000 0
14747 1 3 000260 00000000 0
14748 1 3 000260 535920CA 0
14749 1 3 000261 198438BA 0
14750 1 3 000262 00000000 0
14751 1 3 000263 00000000 0
14752 1 3 000264 00000000 0
14753 1 3 000265 00000000 0
14754 1 3 000266 00000000 0
14755 1 3 000267 00000000 0
14757 0 1 000020 00000000 0
14773 4 3 000020 DED0FC97 0
14774 4 3 000021 F86C16E0 0
14775 4 3 000022 6BB117FA 0
14776 4 3 000023 9EE19418 0
14777 4 3 000024 0C53410C 0
14778 4 3 000025 40B0067B 0
14779 4 3 000026 61A7B7FC 0
14780 4 3 000027 7994E531 0
14782 1 1 000060 00000000 0
14798 4 3 000060 073C4CCB 0
14799 4 3 000061 A285317D 0
14800 4 3 000062 61CC0249 0
14801 4 3 000063 14922318 0
14802 4 3 000064 B1519CEF 0
14803 4 3 000065 08167017 0
14804 4 3 000066 675C8E3D 0
14805 4 3 000067 476B2256 0
14807 2 2 0002A1 00000000 0
14823 4 3 0002A0 130FC834 0
14824 4 3 0002A1 00000000 0
14825 4 3 0002A2 00000000 0
14826 4 3 0002A3 00000000 0
14827 4 3 0002A4 00000000 0
14828 4 3 0002A5 00000000 0
14829 4 3 0002A6 00000000 0
14830 4 3 0002A7 00000000 0
14832 3 2 0002E1 00000000 0
14848 4 3 0002E0 13C3769E 0
14849 4 3 0002E1 00000000 0
14850 4 3 0002E2 00000000 0
14851 4 3 0002E3 00000000 0
14852 4 3 0002E4 00000000 0
14853 4 3 0002E5 00000000 0
14854 4 3 0002E6 00000000 0
14855 4 3 0002E7 00000000 0
14857 2 3 0002A0 00000000 0
14858 2 3 0002A0 130FC834 0
14859 2 3 0002A1 80DB2994 0
14860 2 3 0002A2 00000000 0
14861 2 3 0002A3 00000000 0
14862 2 3 0002A4 00000000 0
14863 2 3 0002A5 00000000 0
14864 2 3 0002A6 00000000 0
14865 2 3 0002A7 00000000 0
14867 3 3 0002E0 00000000 0
14868 3 3 0002E0 13C3769E 0
14869 3 3 0002E1 38FF7EF6 0
14870 3 3 0002E2 00000000 0
14871 3 3 0002E3 00000000 0
14872 3 3 0002E4 00000000 0
14873 3 3 0002E5 00000000 0
14874 3 3 0002E6 00000000 0
14875 3 3 0002E7 00000000 0
14877 2 1 0000A0 00000000 0
14893 4 3 0000A0 CA3D1FA5 0
14894 4 3 0000A1 DBABC47B 0
14895 4 3 0000A2 4C07FDA2 0
14896 4 3 0000A3 5E261B4C 0
14897 4 3 0000A4 0B53B27A 0
14898 4 3 0000A5 EA35E395 0
14899 4 3 0000A6 3F897A61 0
14900 4 3 0000A7 37583EAD 0
14902 3 1 0000E0 00000000 0
14918 4 3 0000E0 3A99086B 0
14919 4 3 0000E1 FC29B14A 0
14920 4 3 0000E2 897BD3E6 0
14921 4 3 0000E3 06810457 0
14922 4 3 0000E4 EF5BB385 0
14923 4 3 0000E5 714EE5AB 0
14924 4 3 0000E6 AE433E6B 0
14925 4 3 0000E7 63A99B82 0
15026 0 2 000222 00000000 0
15042 4 3 000220 E3386986 0
15043 4 3 000221 A41FB044 0
15044 4 3 000222 00000000 0
15045 4 3 000223 00000000 0
15046 4 3 000224 00000000 0
15047 4 3 000225 00000000 0
15048 4 3 000226 00000000 0
15049 4 3 000227 00000000 0
15051 1 2 000262 00000000 0
15067 4 3 000260 535920CA 0
15068 4 3 000261 198438BA 0
15069 4 3 000262 00000000 0
15070 4 3 000263 00000000 0
15071 4 3 000264 00000000 0
15072 4 3 000265 00000000 0
15073 4 3 000266 00000000 0
15074 4 3 000267 00000000 0
15076 0 3 000220 00000000 0
15077 0 3 000220 E3386986 0
15078 0 3 000221 A41FB044 0
15079 0 3 000222 9681B394 0
15080 0 3 000223 00000000 0
15081 0 3 000224 00000000 0
15082 0 3 000225 00000000 0
15083 0 3 000226 00000000 0
15084 0 3 000227 00000000 0
15086 1 3 000260 00000000 0
15087 1 3 000260 535920CA 0
15088 1 3 000261 198438BA 0
15089 1 3 000262 E2150D0A 0
15090 1 3 000263 00000000 0
15091 1 3 000264 00000000 0
15092 1 3 000265 00000000 0
15093 1 3 000266 00000000 0
15094 1 3 000267 00000000 0
15096 0 1 000020 00000000 0
15112 4 3 000020 DED0FC97 0
15113 4 3 000021 F86C16E0 0
15114 4 3 000022 6BB117FA 0
15115 4 3 000023 9EE19418 0
15116 4 3 000024 0C53410C 0
15117 4 3 000025 40B0067B 0
15118 4 3 000026 61A7B7FC 0
15119 4 3 000027 7994E531 0
15121 1 1 000060 00000000 0
15137 4 3 000060 073C4CCB 0
15138 4 3 000061 A285317D 0
15139 4 3 000062 61CC0249 0
15140 4 3 000063 14922318 0
15141 4 3 000064 B1519CEF 0
15142 4 3 000065 08167017 0
15143 4 3 000066 675C8E3D 0
15144 4 3 000067 476B2256 0
15146 2 2 0002A2 00000000 0
15162 4 3 0002A0 130FC834 0
15163 4 3 0002A1 80DB2994 0
15164 4 3 0002A2 00000000 0
15165 4 3 0002A3 00000000 0
15166 4 3 0002A4 00000000 0
15167 4 3 0002A5 00000000 0
15168 4 3 0002A6 00000000 0
15169 4 3 0002A7 00000000 0
15171 3 2 0002E2 00000000 0
15187 4 3 0002E0 13C3769E 0
15188 4 3 0002E1 38FF7EF6 0
15189 4 3 0002E2 00000000 0
15190 4 3 0002E3 00000000 0
15191 4 3 0002E4 00000000 0
15192 4 3 0002E5 00000000 0
15193 4 3 0002E6 00000000 0
15194 4 3 0002E7 00000000 0
15196 2 3 0002A0 00000000 0
15197 2 3 0002A0 130FC834 0
15198 2 3 0002A1 80DB2994 0
15199 2 3 0002A2 AD7E8BB3 0
15200 2 3 0002A3 00000000 0
15201 2 3 0002A4 00000000 0
15202 2 3 0002A5 00000000 0
15203 2 3 0002A6 00000000 0
15204 2 3 0002A7 00000000 0
15206 3 3 0002E0 00000000 0
15207 3 3 0002E0 13C3769E 0
15208 3 3 0002E1 38FF7EF6 0
15209 3 3 0002E2 6A2CD920 0
15210 3 3 0002E3 00000000 0
15211 3 3 0002E4 00000000 0
15212 3 3 0002E5 00000000 0
15213 3 3 0002E6 00000000 0
15214 3 3 0002E7 00000000 0
15216 2 1 0000A0 00000000 0
15232 4 3 0000A0 CA3D1FA5 0
15233 4 3 0000A1 DBABC47B 0
15234 4 3 0000A2 4C07FDA2 0
15235 4 3 0000A3 5E261B4C 0
15236 4 3 0000A4 0B53B27A 0
15237 4 3 0000A5 EA35E395 0
15238 4 3 0000A6 3F897A61 0
15239 4 3 0000A7 37583EAD 0
15241 3 1 0000E0 00000000 0
15257 4 3 0000E0 3A99086B 0
15258 4 3 0000E1 FC29B14A 0
15259 4 3 0000E2 897BD3E6 0
15260 4 3 0000E3 06810457 0
15261 4 3 0000E4 EF5BB385 0
15262 4 3 0000E5 714EE5AB 0
15263 4 3 0000E6 AE433E6B 0
15264 4 3 0000E7 63A99B82 0
15365 0 2 000223 00000000 0
15381 4 3 000220 E3386986 0
15382 4 3 000221 A41FB044 0
15383 4 3 000222 9681B394 0
15384 4 3 000223 00000000 0
15385 4 3 000224 00000000 0
15386 4 3 000225 00000000 0
15387 4 3 000226 00000000 0
15388 4 3 000227 00000000 0
15390 1 2 000263 00000000 0
15406 4 3 000260 535920CA 0
15407 4 3 000261 198438BA 0
15408 4 3 000262 E2150D0A 0
15409 4 3 000263 00000000 0
15410 4 3 000264 00000000 0
15411 4 3 000265 00000000 0
15412 4 3 000266 00000000 0
15413 4 3 000267 00000000 0
15415 0 3 000220 00000000 0
15416 0 3 000220 E3386986 0
15417 0 3 000221 A41FB044 0
15418 0 3 000222 9681B394 0
15419 0 3 000223 E26B9FB1 0
15420 0 3 000224 00000000 0
15421 0 3 000225 00000000 0
15422 0 3 000226 00000000 0
15423 0 3 000227 00000000 0
15425 1 3 000260 00000000 0
15426 1 3 000260 535920CA 0
15427 1 3 000261 198438BA 0
15428 1 3 000262 E2150D0A 0
15429 1 3 000263 4E9095E2 0
15430 1 3 000264 00000000 0
15431 1 3 000265 00000000 0
15432 1 3 000266 00000000 0
15433 1 3 000267 00000000 0
15435 0 1 000020 00000000 0
15451 4 3 000020 DED0FC97 0
15452 4 3 000021 F86C16E0 0
15453 4 3 000022 6BB117FA 0
15454 4 3 000023 9EE19418 0
15455 4 3 000024 0C53410C 0
15456 4 3 000025 40B0067B 0
15457 4 3 000026 61A7B7FC 0
15458 4 3 000027 7994E531 0
15460 1 1 000060 00000000 0
15476 4 3 000060 073C4CCB 0
15477 4 3 000061 A285317D 0
15478 4 3 000062 61CC0249 0
15479 4 3 000063 14922318 0
15480 4 3 000064 B1519CEF 0
15481 4 3 000065 08167017 0
15482 4 3 000066 675C8E3D 0
15483 4 3 000067 476B2256 0
15485 2 2 0002A3 00000000 0
15501 4 3 0002A0 130FC834 0
15502 4 3 0002A1 80DB2994 0
15503 4 3 0002A2 AD7E8BB3 0
15504 4 3 0002A3 00000000 0
15505 4 3 0002A4 00000000 0
15506 4 3 0002A5 00000000 0
15507 4 3 0002A6 00000000 0
15508 4 3 0002A7 00000000 0
15510 3 2 0002E3 00000000 0
15526 4 3 0002E0 13C3769E 0
15527 4 3 0002E1 38FF7EF6 0
15528 4 3 0002E2 6A2CD920 0
15529 4 3 0002E3 00000000 0
15530 4 3 0002E4 00000000 0
15531 4 3 0002E5 00000000 0
15532 4 3 0002E6 00000000 0
15533 4 3 0002E7 00000000 0
15535 2 3 0002A0 00000000 0
15536 2 3 0002A0 130FC834 0
15537 2 3 0002A1 80DB2994 0
15538 2 3 0002A2 AD7E8BB3 0
15539 2 3 0002A3 B85E7112 0
15540 2 3 0002A4 00000000 0
15541 2 3 0002A5 00000000 0
15542 2 3 0002A6 00000000 0
15543 2 3 0002A7 00000000 0
15545 3 3 0002E0 00000000 0
15546 3 3 0002E0 13C3769E 0
15547 3 3 0002E1 38FF7EF6 0
15548 3 3 0002E2 6A2CD920 0
15549 3 3 0002E3 3F093301 0
15550 3 3 0002E4 00000000 0
15551 3 3 0002E5 00000000 0
15552 3 3 0002E6 00000000 0
15553 3 3 0002E7 00000000 0
15555 2 1 0000A0 00000000 0
15571 4 3 0000A0 CA3D1FA5 0
15572 4 3 0000A1 DBABC47B 0
15573 4 3 0000A2 4C07FDA2 0
15574 4 3 0000A3 5E261B4C 0
15575 4 3 0000A4 0B53B27A 0
15576 4 3 0000A5 EA35E395 0
15577 4 3 0000A6 3F897A61 0
15578 4 3 0000A7 37583EAD 0
15580 3 1 0000E0 00000000 0
15596 4 3 0000E0 3A99086B 0
15597 4 3 0000E1 FC29B14A 0
15598 4 3 0000E2 897BD3E6 0
15599 4 3 0000E3 06810457 0
15600 4 3 0000E4 EF5BB385 0
15601 4 3 0000E5 714EE5AB 0
15602 4 3 0000E6 AE433E6B 0
15603 4 3 0000E7 63A99B82 0
15704 0 2 000224 00000000 0
15720 4 3 000220 E3386986 0
15721 4 3 000221 A41FB044 0
15722 4 3 000222 9681B394 0
15723 4 3 000223 E26B9FB1 0
15724 4 3 000224 00000000 0
15725 4 3 000225 00000000 0
15726 4 3 000226 00000000 0
15727 4 3 000227 00000000 0
15729 1 2 000264 00000000 0
15745 4 3 000260 535920CA 0
15746 4 3 000261 198438BA 0
15747 4 3 000262 E2150D0A 0
15748 4 3 000263 4E9095E2 0
15749 4 3 000264 00000000 0
15750 4 3 000265 00000000 0
15751 4 3 000266 00000000 0
15752 4 3 000267 00000000 0
15754 0 3 000220 00000000 0
15755 0 3 000220 E3386986 0
15756 0 3 000221 A41FB044 0
15757 0 3 000222 9681B394 0
15758 0 3 000223 E26B9FB1 0
15759 0 3 000224 ADF444C1 0
15760 0 3 000225 00000000 0
15761 0 3 000226 00000000 0
15762 0 3 000227 00000000 0
15764 1 3 000260 00000000 0
15765 1 3 000260 535920CA 0
15766 1 3 000261 198438BA 0
15767 1 3 000262 E2150D0A 0
15768 1 3 000263 4E9095E2 0
15769 1 3 000264 1F47C467 0
15770 1 3 000265 00000000 0
15771 1 3 000266 00000000 0
15772 1 3 000267 00000000 0
15774 0 1 000020 00000000 0
15790 4 3 000020 DED0FC97 0
15791 4 3 000021 F86C16E0 0
15792 4 3 000022 6BB117FA 0
15793 4 3 000023 9EE19418 0
15794 4 3 000024 0C53410C 0
15795 4 3 000025 40B0067B 0
15796 4 3 000026 61A7B7FC 0
15797 4 3 000027 7994E531 0
15799 1 1 000060 00000000 0
15815 4 3 000060 073C4CCB 0
15816 4 3 000061 A285317D 0
15817 4 3 000062 61CC0249 0
15818 4 3 000063 14922318 0
15819 4 3 000064 B1519CEF 0
15820 4 3 000065 08167017 0
15821 4 3 000066 675C8E3D 0
15822 4 3 000067 476B2256 0
15824 2 2 0002A4 00000000 0
15840 4 3 0002A0 130FC834 0
15841 4 3 0002A1 80DB2994 0
15842 4 3 0002A2 AD7E8BB3 0
15843 4 3 0002A3 B85E7112 0
15844 4 3 0002A4 00000000 0
15845 4 3 0002A5 00000000 0
15846 4 3 0002A6 00000000 0
15847 4 3 0002A7 00000000 0
15849 3 2 0002E4 00000000 0
15865 4 3 0002E0 13C3769E 0
15866 4 3 0002E1 38FF7EF6 0
15867 4 3 0002E2 6A2CD920 0
15868 4 3 0002E3 3F093301 0
15869 4 3 0002E4 00000000 0
15870 4 3 0002E5 00000000 0
15871 4 3 0002E6 00000000 0
15872 4 3 0002E7 00000000 0
15874 2 3 0002A0 00000000 0
15875 2 3 0002A0 130FC834 0
15876 2 3 0002A1 80DB2994 0
15877 2 3 0002A2 AD7E8BB3 0
15878 2 3 0002A3 B85E7112 0
15879 2 3 0002A4 0C012056 0
15880 2 3 0002A5 00000000 0
15881 2 3 0002A6 00000000 0
15882 2 3 0002A7 00000000 0
15884 3 3 0002E0 00000000 0
15885 3 3 0002E0 13C3769E 0
15886 3 3 0002E1 38FF7EF6 0
15887 3 3 0002E2 6A2CD920 0
15888 3 3 0002E3 3F093301 0
15889 3 3 0002E4 511C15F8 0
15890 3 3 0002E5 00000000 0
15891 3 3 0002E6 00000000 0
15892 3 3 0002E7 00000000 0
15894 2 1 0000A0 00000000 0
15910 4 3 0000A0 CA3D1FA5 0
15911 4 3 0000A1 DBABC47B 0
15912 4 3 0000A2 4C07FDA2 0
15913 4 3 0000A3 5E261B4C 0
15914 4 3 0000A4 0B53B27A 0
15915 4 3 0000A5 EA35E395 0
15916 4 3 0000A6 3F897A61 0
15917 4 3 0000A7 37583EAD 0
15919 3 1 0000E0 00000000 0
15935 4 3 0000E0 3A99086B 0
15936 4 3 0000E1 FC29B14A 0
15937 4 3 0000E2 897BD3E6 0
15938 4 3 0000E3 06810457 0
15939 4 3 0000E4 EF5BB385 0
15940 4 3 0000E5 714EE5AB 0
15941 4 3 0000E6 AE433E6B 0
15942 4 3 0000E7 63A99B82 0
16043 0 2 000225 00000000 0
16059 4 3 000220 E3386986 0
16060 4 3 000221 A41FB044 0
16061 4 3 000222 9681B394 0
16062 4 3 000223 E26B9FB1 0
16063 4 3 000224 ADF444C1 0
16064 4 3 000225 00000000 0
16065 4 3 000226 00000000 0
16066 4 3 000227 00000000 0
16068 1 2 000265 00000000 0
16084 4 3 000260 535920CA 0
16085 4 3 000261 198438BA 0
16086 4 3 000262 E2150D0A 0
16087 4 3 000263 4E9095E2 0
16088 4 3 000264 1F47C467 0
16089 4 3 000265 00000000 0
16090 4 3 000266 00000000 0
16091 4 3 000267 00000000 0
16093 0 3 000220 00000000 0
16094 0 3 000220 E3386986 0
16095 0 3 000221 A41FB044 0
16096 0 3 000222 9681B394 0
16097 0 3 000223 E26B9FB1 0
16098 0 3 000224 ADF444C1 0
16099 0 3 000225 31E3151B 0
16100 0 3 000226 00000000 0
16101 0 3 000227 00000000 0
16103 1 3 000260 00000000 0
16104 1 3 000260 535920CA 0
16105 1 3 000261 198438BA 0
16106 1 3 000262 E2150D0A 0
16107 1 3 000263 4E9095E2 0
16108 1 3 000264 1F47C467 0
16109 1 3 000265 D7947560 0
16110 1 3 000266 00000000 0
16111 1 3 000267 00000000 0
16113 0 1 000020 00000000 0
16129 4 3 000020 DED0FC97 0
16130 4 3 000021 F86C16E0 0
16131 4 3 000022 6BB117FA 0
16132 4 3 000023 9EE19418 0
16133 4 3 000024 0C53410C 0
16134 4 3 000025 40B0067B 0
16135 4 3 000026 61A7B7FC 0
16136 4 3 000027 7994E531 0
16138 1 1 000060 00000000 0
16154 4 3 000060 073C4CCB 0
16155 4 3 000061 A285317D 0
16156 4 3 000062 61CC0249 0
16157 4 3 000063 14922318 0
16158 4 3 000064 B1519CEF 0
16159 4 3 000065 08167017 0
16160 4 3 000066 675C8E3D 0
16161 4 3 000067 476B2256 0
16163 2 2 0002A5 00000000 0
16179 4 3 0002A0 130FC834 0
16180 4 3 0002A1 80DB2994 0
16181 4 3 0002A2 AD7E8BB3 0
16182 4 3 0002A3 B85E7112 0
16183 4 3 0002A4 0C012056 0
16184 4 3 0002A5 00000000 0
16185 4 3 0002A6 00000000 0
16186 4 3 0002A7 00000000 0
16188 3 2 0002E5 00000000 0
16204 4 3 0002E0 13C3769E 0
16205 4 3 0002E1 38FF7EF6 0
16206 4 3 0002E2 6A2CD920 0
16207 4 3 0002E3 3F093301 0
16208 4 3 0002E4 511C15F8 0
16209 4 3 0002E5 00000000 0
16210 4 3 0002E6 00000000 0
16211 4 3 0002E7 00000000 0
16213 2 3 0002A0 00000000 0
16214 2 3 0002A0 130FC834 0
16215 2 3 0002A1 80DB2994 0
16216 2 3 0002A2 AD7E8BB3 0
16217 2 3 0002A3 B85E7112 0
16218 2 3 0002A4 0C012056 0
16219 2 3 0002A5 79D9AB3B 0
16220 2 3 0002A6 00000000 0
16221 2 3 0002A7 00000000 0
16223 3 3 0002E0 00000000 0
16224 3 3 0002E0 13C3769E 0
16225 3 3 0002E1 38FF7EF6 0
16226 3 3 0002E2 6A2CD920 0
16227 3 3 0002E3 3F093301 0
16228 3 3 0002E4 511C15F8 0
16229 3 3 0002E5 F11E81DA 0
16230 3 3 0002E6 00000000 0
16231 3 3 0002E7 00000000 0
16233 2 1 0000A0 00000000 0
16249 4 3 0000A0 CA3D1FA5 0
16250 4 3 0000A1 DBABC47B 0
16251 4 3 0000A2 4C07FDA2 0
16252 4 3 0000A3 5E261B4C 0
16253 4 3 0000A4 0B53B27A 0
16254 4 3 0000A5 EA35E395 0
16255 4 3 0000A6 3F897A61 0
16256 4 3 0000A7 37583EAD 0
16258 3 1 0000E0 00000000 0
16274 4 3 0000E0 3A99086B 0
16275 4 3 0000E1 FC29B14A 0
16276 4 3 0000E2 897BD3E6 0
16277 4 3 0000E3 06810457 0
16278 4 3 0000E4 EF5BB385 0
16279 4 3 0000E5 714EE5AB 0
16280 4 3 0000E6 AE433E6B 0
16281 4 3 0000E7 63A99B82 0
16382 0 2 000226 00000000 0
16398 4 3 000220 E3386986 0
16399 4 3 000221 A41FB044 0
16400 4 3 000222 9681B394 0
16401 4 3 000223 E26B9FB1 0
16402 4 3 000224 ADF444C1 0
16403 4 3 000225 31E3151B 0
16404 4 3 000226 00000000 0
16405 4 3 000227 00000000 0
16407 1 2 000266 00000000 0
16423 4 3 000260 535920CA 0
16424 4 3 000261 198438BA 0
16425 4 3 000262 E2150D0A 0
16426 4 3 000263 4E9095E2 0
16427 4 3 000264 1F47C467 0
16428 4 3 000265 D7947560 0
16429 4 3 000266 00000000 0
16430 4 3 000267 00000000 0
16432 0 3 000220 00000000 0
16433 0 3 000220 E3386986 0
16434 0 3 000221 A41FB044 0
16435 0 3 000222 9681B394 0
16436 0 3 000223 E26B9FB1 0
16437 0 3 000224 ADF444C1 0
16438 0 3 000225 31E3151B 0
16439 0 3 000226 444B67EB 0
16440 0 3 000227 00000000 0
16442 1 3 000260 00000000 0
16443 1 3 000260 535920CA 0
16444 1 3 000261 198438BA 0
16445 1 3 000262 E2150D0A 0
16446 1 3 000263 4E9095E2 0
16447 1 3 000264 1F47C467 0
16448 1 3 000265 D7947560 0
16449 1 3 000266 B7833E9C 0
16450 1 3 000267 00000000 0
16452 0 1 000020 00000000 0
16468 4 3 000020 DED0FC97 0
16469 4 3 000021 F86C16E0 0
16470 4 3 000022 6BB117FA 0
16471 4 3 000023 9EE19418 0
16472 4 3 000024 0C53410C 0
16473 4 3 000025 40B0067B 0
16474 4 3 000026 61A7B7FC 0
16475 4 3 000027 7994E531 0
16477 1 1 000060 00000000 0
16493 4 3 000060 073C4CCB 0
16494 4 3 000061 A285317D 0
16495 4 3 000062 61CC0249 0
16496 4 3 000063 14922318 0
16497 4 3 000064 B1519CEF 0
16498 4 3 000065 08167017 0
16499 4 3 000066 675C8E3D 0
16500 4 3 000067 476B2256 0
16502 2 2 0002A6 00000000 0
16518 4 3 0002A0 130FC834 0
16519 4 3 0002A1 80DB2994 0
16520 4 3 0002A2 AD7E8BB3 0
16521 4 3 0002A3 B85E7112 0
16522 4 3 0002A4 0C012056 0
16523 4 3 0002A5 79D9AB3B 0
16524 4 3 0002A6 00000000 0
16525 4 3 0002A7 00000000 0
16527 3 2 0002E6 00000000 0
16543 4 3 0002E0 13C3769E 0
16544 4 3 0002E1 38FF7EF6 0
16545 4 3 0002E2 6A2CD920 0
16546 4 3 0002E3 3F093301 0
16547 4 3 0002E4 511C15F8 0
16548 4 3 0002E5 F11E81DA 0
16549 4 3 0002E6 00000000 0
16550 4 3 0002E7 00000000 0
16552 2 3 0002A0 00000000 0
16553 2 3 0002A0 130FC834 0
16554 2 3 0002A1 80DB2994 0
16555 2 3 0002A2 AD7E8BB3 0
16556 2 3 0002A3 B85E7112 0
16557 2 3 0002A4 0C012056 0
16558 2 3 0002A5 79D9AB3B 0
16559 2 3 0002A6 D3B42BDA 0
16560 2 3 0002A7 00000000 0
16562 3 3 0002E0 00000000 0
16563 3 3 0002E0 13C3769E 0
16564 3 3 0002E1 38FF7EF6 0
16565 3 3 0002E2 6A2CD920 0
16566 3 3 0002E3 3F093301 0
16567 3 3 0002E4 511C15F8 0
16568 3 3 0002E5 F11E81DA 0
16569 3 3 0002E6 8C3631A2 0
16570 3 3 0002E7 00000000 0
16572 2 1 0000A0 00000000 0
16588 4 3 0000A0 CA3D1FA5 0
16589 4 3 0000A1 DBABC47B 0
16590 4 3 0000A2 4C07FDA2 0
16591 4 3 0000A3 5E261B4C 0
16592 4 3 0000A4 0B53B27A 0
16593 4 3 0000A5 EA35E395 0
16594 4 3 0000A6 3F897A61 0
16595 4 3 0000A7 37583EAD 0
16597 3 1 0000E0 00000000 0
16613 4 3 0000E0 3A99086B 0
16614 4 3 0000E1 FC29B14A 0
16615 4 3 0000E2 897BD3E6 0
16616 4 3 0000E3 06810457 0
16617 4 3 0000E4 EF5BB385 0
16618 4 3 0000E5 714EE5AB 0
16619 4 3 0000E6 AE433E6B 0
16620 4 3 0000E7 63A99B82 0
16721 0 2 000227 00000000 0
16737 4 3 000220 E3386986 0
16738 4 3 000221 A41FB044 0
16739 4 3 000222 9681B394 0
16740 4 3 000223 E26B9FB1 0
16741 4 3 000224 ADF444C1 0
16742 4 3 000225 31E3151B 0
16743 4 3 000226 444B67EB 0
16744 4 3 000227 00000000 0
16746 1 2 000267 00000000 0
16762 4 3 000260 535920CA 0
16763 4 3 000261 198438BA 0
16764 4 3 000262 E2150D0A 0
16765 4 3 000263 4E9095E2 0
16766 4 3 000264 1F47C467 0
16767 4 3 000265 D7947560 0
16768 4 3 000266 B7833E9C 0
16769 4 3 000267 00000000 0
16771 0 3 000220 00000000 0
16772 0 3 000220 E3386986 0
16773 0 3 000221 A41FB044 0
16774 0 3 000222 9681B394 0
16775 0 3 000223 E26B9FB1 0
16776 0 3 000224 ADF444C1 0
16777 0 3 000225 31E3151B 0
16778 0 3 000226 444B67EB 0
16779 0 3 000227 011566A7 0
16781 1 3 000260 00000000 0
16782 1 3 000260 535920CA 0
16783 1 3 000261 198438BA 0
16784 1 3 000262 E2150D0A 0
16785 1 3 000263 4E9095E2 0
16786 1 3 000264 1F47C467 0
16787 1 3 000265 D7947560 0
16788 1 3 000266 B7833E9C 0
16789 1 3 000267 54753AA5 0
16791 0 1 000020 00000000 0
16807 4 3 000020 DED0FC97 0
16808 4 3 000021 F86C16E0 0
16809 4 3 000022 6BB117FA 0
16810 4 3 000023 9EE19418 0
16811 4 3 000024 0C53410C 0
16812 4 3 000025 40B0067B 0
16813 4 3 000026 61A7B7FC 0
16814 4 3 000027 7994E531 0
16816 1 1 000060 00000000 0
16832 4 3 000060 073C4CCB 0
16833 4 3 000061 A285317D 0
16834 4 3 000062 61CC0249 0
16835 4 3 000063 14922318 0
16836 4 3 000064 B1519CEF 0
16837 4 3 000065 08167017 0
16838 4 3 000066 675C8E3D 0
16839 4 3 000067 476B2256 0
16841 2 2 0002A7 00000000 0
16857 4 3 0002A0 130FC834 0
16858 4 3 0002A1 80DB2994 0
16859 4 3 0002A2 AD7E8BB3 0
16860 4 3 0002A3 B85E7112 0
16861 4 3 0002A4 0C012056 0
16862 4 3 0002A5 79D9AB3B 0
16863 4 3 0002A6 D3B42BDA 0
16864 4 3 0002A7 00000000 0
16866 3 2 0002E7 00000000 0
16882 4 3 0002E0 13C3769E 0
16883 4 3 0002E1 38FF7EF6 0
16884 4 3 0002E2 6A2CD920 0
16885 4 3 0002E3 3F093301 0
16886 4 3 0002E4 511C15F8 0
16887 4 3 0002E5 F11E81DA 0
16888 4 3 0002E6 8C3631A2 0
16889 4 3 0002E7 00000000 0
16891 2 3 0002A0 00000000 0
16892 2 3 0002A0 130FC834 0
16893 2 3 0002A1 80DB2994 0
16894 2 3 0002A2 AD7E8BB3 0
16895 2 3 0002A3 B85E7112 0
16896 2 3 0002A4 0C012056 0
16897 2 3 0002A5 79D9AB3B 0
16898 2 3 0002A6 D3B42BDA 0
16899 2 3 0002A7 6B705F1C 0
16901 3 3 0002E0 00000000 0
16902 3 3 0002E0 13C3769E 0
16903 3 3 0002E1 38FF7EF6 0
16904 3 3 0002E2 6A2CD920 0
16905 3 3 0002E3 3F093301 0
16906 3 3 0002E4 511C15F8 0
16907 3 3 0002E5 F11E81DA 0
16908 3 3 0002E6 8C3631A2 0
16909 3 3 0002E7 33ED83F4 0
16911 2 1 0000A0 00000000 0
16927 4 3 0000A0 CA3D1FA5 0
16928 4 3 0000A1 DBABC47B 0
16929 4 3 0000A2 4C07FDA2 0
16930 4 3 0000A3 5E261B4C 0
16931 4 3 0000A4 0B53B27A 0
16932 4 3 0000A5 EA35E395 0
16933 4 3 0000A6 3F897A61 0
16934 4 3 0000A7 37583EAD 0
16936 3 1 0000E0 00000000 0
16952 4 3 0000E0 3A99086B 0
16953 4 3 0000E1 FC29B14A 0
16954 4 3 0000E2 897BD3E6 0
16955 4 3 0000E3 06810457 0
16956 4 3 0000E4 EF5BB385 0
16957 4 3 0000E5 714EE5AB 0
16958 4 3 0000E6 AE433E6B 0
16959 4 3 0000E7 63A99B82 0
17060 0 2 000228 00000000 0
17076 4 3 000228 00000000 0
17077 4 3 000229 00000000 0
17078 4 3 00022A 00000000 0
17079 4 3 00022B 00000000 0
17080 4 3 00022C 00000000 0
17081 4 3 00022D 00000000 0
17082 4 3 00022E 00000000 0
17083 4 3 00022F 00000000 0
17085 1 2 000268 00000000 0
17101 4 3 000268 00000000 0
17102 4 3 000269 00000000 0
17103 4 3 00026A 00000000 0
17104 4 3 00026B 00000000 0
17105 4 3 00026C 00000000 0
17106 4 3 00026D 00000000 0
17107 4 3 00026E 00000000 0
17108 4 3 00026F 00000000 0
17180 2 2 0002A8 00000000 0
17196 4 3 0002A8 00000000 0
17197 4 3 0002A9 00000000 0
17198 4 3 0002AA 00000000 0
17199 4 3 0002AB 00000000 0
17200 4 3 0002AC 00000000 0
17201 4 3 0002AD 00000000 0
17202 4 3 0002AE 00000000 0
17203 4 3 0002AF 00000000 0
17205 3 2 0002E8 00000000 0
17221 4 3 0002E8 00000000 0
17222 4 3 0002E9 00000000 0
17223 4 3 0002EA 00000000 0
17224 4 3 0002EB 00000000 0
17225 4 3 0002EC 00000000 0
17226 4 3 0002ED 00000000 0
17227 4 3 0002EE 00000000 0
17228 4 3 0002EF 00000000 0
17230 0 3 000228 00000000 0
17231 0 3 000228 4BFDF8E7 0
17232 0 3 000229 00000000 0
17233 0 3 00022A 00000000 0
17234 0 3 00022B 00000000 0
17235 0 3 00022C 00000000 0
17236 0 3 00022D 00000000 0
17237 0 3 00022E 00000000 0
17238 0 3 00022F 00000000 0
17240 1 3 000268 00000000 0
17241 1 3 000268 9E70EB76 0
17242 1 3 000269 00000000 0
17243 1 3 00026A 00000000 0
17244 1 3 00026B 00000000 0
17245 1 3 00026C 00000000 0
17246 1 3 00026D 00000000 0
17247 1 3 00026E 00000000 0
17248 1 3 00026F 00000000 0
17250 0 1 000028 00000000 0
17266 4 3 000028 E74F8EA9 0
17267 4 3 000029 5AE2202D 0
17268 4 3 00002A 6307139B 0
17269 4 3 00002B 60189545 0
17270 4 3 00002C D4FA71F4 0
17271 4 3 00002D 97893F9B 0
17272 4 3 00002E 4B967CF9 0
17273 4 3 00002F 1A6D27CD 0
17275 1 1 000068 00000000 0
17291 4 3 000068 1CADEFF9 0
17292 4 3 000069 1226712D 0
17293 4 3 00006A 0A070B7A 0
17294 4 3 00006B DC848889 0
17295 4 3 00006C E2C5005B 0
17296 4 3 00006D 499F7633 0
17297 4 3 00006E 3DE3AB84 0
17298 4 3 00006F FED30C96 0
17333 2 3 0002A8 00000000 0
17334 2 3 0002A8 DD273614 0
17335 2 3 0002A9 00000000 0
17336 2 3 0002AA 00000000 0
17337 2 3 0002AB 00000000 0
17338 2 3 0002AC 00000000 0
17339 2 3 0002AD 00000000 0
17340 2 3 0002AE 00000000 0
17341 2 3 0002AF 00000000 0
17343 2 1 0000A8 00000000 0
17359 4 3 0000A8 B4C98462 0
17360 4 3 0000A9 69BCD69E 0
17361 4 3 0000AA D32E258E 0
17362 4 3 0000AB 5E9E25C1 0
17363 4 3 0000AC 7A38169D 0
17364 4 3 0000AD 82B6E84C 0
17365 4 3 0000AE 70578451 0
17366 4 3 0000AF 126447A7 0
17368 3 3 0002E8 00000000 0
17369 3 3 0002E8 79830889 0
17370 3 3 0002E9 00000000 0
17371 3 3 0002EA 00000000 0
17372 3 3 0002EB 00000000 0
17373 3 3 0002EC 00000000 0
17374 3 3 0002ED 00000000 0
17375 3 3 0002EE 00000000 0
17376 3 3 0002EF 00000000 0
17378 3 1 0000E8 00000000 0
17394 4 3 0000E8 09ABD06F 0
17395 4 3 0000E9 BDA1B158 0
17396 4 3 0000EA D281EEE8 0
17397 4 3 0000EB C955A625 0
17398 4 3 0000EC 9E49A16A 0
17399 4 3 0000ED E7BE8E28 0
17400 4 3 0000EE 8E2E6F44 0
17401 4 3 0000EF 600DCD15 0
17403 0 2 000229 00000000 0
17419 4 3 000228 4BFDF8E7 0
17420 4 3 000229 00000000 0
17421 4 3 00022A 00000000 0
17422 4 3 00022B 00000000 0
17423 4 3 00022C 00000000 0
17424 4 3 00022D 00000000 0
17425 4 3 00022E 00000000 0
17426 4 3 00022F 00000000 0
17428 1 2 000269 00000000 0
17444 4 3 000268 9E70EB76 0
17445 4 3 000269 00000000 0
17446 4 3 00026A 00000000 0
17447 4 3 00026B 00000000 0
17448 4 3 00026C 00000000 0
17449 4 3 00026D 00000000 0
17450 4 3 00026E 00000000 0
17451 4 3 00026F 00000000 0
17492 2 2 0002A9 00000000 0
17508 4 3 0002A8 DD273614 0
17509 4 3 0002A9 00000000 0
17510 4 3 0002AA 00000000 0
17511 4 3 0002AB 00000000 0
17512 4 3 0002AC 00000000 0
17513 4 3 0002AD 00000000 0
17514 4 3 0002AE 00000000 0
17515 4 3 0002AF 00000000 0
17527 3 2 0002E9 00000000 0
17543 4 3 0002E8 79830889 0
17544 4 3 0002E9 00000000 0
17545 4 3 0002EA 00000000 0
17546 4 3 0002EB 00000000 0
17547 4 3 0002EC 00000000 0
17548 4 3 0002ED 00000000 0
17549 4 3 0002EE 00000000 0
17550 4 3 0002EF 00000000 0
17556 0 3 000228 00000000 0
17557 0 3 000228 4BFDF8E7 0
17558 0 3 000229 DA17CBB3 0
17559 0 3 00022A 00000000 0
17560 0 3 00022B 00000000 0
17561 0 3 00022C 00000000 0
17562 0 3 00022D 00000000 0
17563 0 3 00022E 00000000 0
17564 0 3 00022F 00000000 0
17566 0 1 000028 00000000 0
17582 4 3 000028 E74F8EA9 0
17583 4 3 000029 5AE2202D 0
17584 4 3 00002A 6307139B 0
17585 4 3 00002B 60189545 0
17586 4 3 00002C D4FA71F4 0
17587 4 3 00002D 97893F9B 0
17588 4 3 00002E 4B967CF9 0
17589 4 3 00002F 1A6D27CD 0
17591 1 3 000268 00000000 0
17592 1 3 000268 9E70EB76 0
17593 1 3 000269 D6070B00 0
17594 1 3 00026A 00000000 0
17595 1 3 00026B 00000000 0
17596 1 3 00026C 00000000 0
17597 1 3 00026D 00000000 0
17598 1 3 00026E 00000000 0
17599 1 3 00026F 00000000 0
17601 1 1 000068 00000000 0
17617 4 3 000068 1CADEFF9 0
17618 4 3 000069 1226712D 0
17619 4 3 00006A 0A070B7A 0
17620 4 3 00006B DC848889 0
17621 4 3 00006C E2C5005B 0
17622 4 3 00006D 499F7633 0
17623 4 3 00006E 3DE3AB84 0
17624 4 3 00006F FED30C96 0
17645 2 3 0002A8 00000000 0
17646 2 3 0002A8 DD273614 0
17647 2 3 0002A9 C49D2877 0
17648 2 3 0002AA 00000000 0
17649 2 3 0002AB 00000000 0
17650 2 3 0002AC 00000000 0
17651 2 3 0002AD 00000000 0
17652 2 3 0002AE 00000000 0
17653 2 3 0002AF 00000000 0
17655 2 1 0000A8 00000000 0
17671 4 3 0000A8 B4C98462 0
17672 4 3 0000A9 69BCD69E 0
17673 4 3 0000AA D32E258E 0
17674 4 3 0000AB 5E9E25C1 0
17675 4 3 0000AC 7A38169D 0
17676 4 3 0000AD 82B6E84C 0
17677 4 3 0000AE 70578451 0
17678 4 3 0000AF 126447A7 0
17680 3 3 0002E8 00000000 0
17681 3 3 0002E8 79830889 0
17682 3 3 0002E9 75354481 0
17683 3 3 0002EA 00000000 0
17684 3 3 0002EB 00000000 0
17685 3 3 0002EC 00000000 0
17686 3 3 0002ED 00000000 0
17687 3 3 0002EE 00000000 0
17688 3 3 0002EF 00000000 0
17690 3 1 0000E8 00000000 0
17706 4 3 0000E8 09ABD06F 0
17707 4 3 0000E9 BDA1B158 0
17708 4 3 0000EA D281EEE8 0
17709 4 3 0000EB C955A625 0
17710 4 3 0000EC 9E49A16A 0
17711 4 3 0000ED E7BE8E28 0
17712 4 3 0000EE 8E2E6F44 0
17713 4 3 0000EF 600DCD15 0
17715 0 2 00022A 00000000 0
17731 4 3 000228 4BFDF8E7 0
17732 4 3 000229 DA17CBB3 0
17733 4 3 00022A 00000000 0
17734 4 3 00022B 00000000 0
17735 4 3 00022C 00000000 0
17736 4 3 00022D 00000000 0
17737 4 3 00022E 00000000 0
17738 4 3 00022F 00000000 0
17750 1 2 00026A 00000000 0
17766 4 3 000268 9E70EB76 0
17767 4 3 000269 D6070B00 0
17768 4 3 00026A 00000000 0
17769 4 3 00026B 00000000 0
17770 4 3 00026C 00000000 0
17771 4 3 00026D 00000000 0
17772 4 3 00026E 00000000 0
17773 4 3 00026F 00000000 0
17804 2 2 0002AA 00000000 0
17820 4 3 0002A8 DD273614 0
17821 4 3 0002A9 C49D2877 0
17822 4 3 0002AA 00000000 0
17823 4 3 0002AB 00000000 0
17824 4 3 0002AC 00000000 0
17825 4 3 0002AD 00000000 0
17826 4 3 0002AE 00000000 0
17827 4 3 0002AF 00000000 0
17839 3 2 0002EA 00000000 0
17855 4 3 0002E8 79830889 0
17856 4 3 0002E9 75354481 0
17857 4 3 0002EA 00000000 0
17858 4 3 0002EB 00000000 0
17859 4 3 0002EC 00000000 0
17860 4 3 0002ED 00000000 0
17861 4 3 0002EE 00000000 0
17862 4 3 0002EF 00000000 0
17868 0 3 000228 00000000 0
17869 0 3 000228 4BFDF8E7 0
17870 0 3 000229 DA17CBB3 0
17871 0 3 00022A 75255F8D 0
17872 0 3 00022B 00000000 0
17873 0 3 00022C 00000000 0
17874 0 3 00022D 00000000 0
17875 0 3 00022E 00000000 0
17876 0 3 00022F 00000000 0
17878 0 1 000028 00000000 0
17894 4 3 000028 E74F8EA9 0
17895 4 3 000029 5AE2202D 0
17896 4 3 00002A 6307139B 0
17897 4 3 00002B 60189545 0
17898 4 3 00002C D4FA71F4 0
17899 4 3 00002D 97893F9B 0
17900 4 3 00002E 4B967CF9 0
17901 4 3 00002F 1A6D27CD 0
17903 1 3 000268 00000000 0
17904 1 3 000268 9E70EB76 0
17905 1 3 000269 D6070B00 0
17906 1 3 00026A 6F078282 0
17907 1 3 00026B 00000000 0
17908 1 3 00026C 00000000 0
17909 1 3 00026D 00000000 0
17910 1 3 00026E 00000000 0
17911 1 3 00026F 00000000 0
17913 1 1 000068 00000000 0
17929 4 3 000068 1CADEFF9 0
17930 4 3 000069 1226712D 0
17931 4 3 00006A 0A070B7A 0
17932 4 3 00006B DC848889 0
17933 4 3 00006C E2C5005B 0
17934 4 3 00006D 499F7633 0
17935 4 3 00006E 3DE3AB84 0
17936 4 3 00006F FED30C96 0
17957 2 3 0002A8 00000000 0
17958 2 3 0002A8 DD273614 0
17959 2 3 0002A9 C49D2877 0
17960 2 3 0002AA EFAA721C 0
17961 2 3 0002AB 00000000 0
17962 2 3 0002AC 00000000 0
17963 2 3 0002AD 00000000 0
17964 2 3 0002AE 00000000 0
17965 2 3 0002AF 00000000 0
17967 2 1 0000A8 00000000 0
17983 4 3 0000A8 B4C98462 0
17984 4 3 0000A9 69BCD69E 0
17985 4 3 0000AA D32E258E 0
17986 4 3 0000AB 5E9E25C1 0
17987 4 3 0000AC 7A38169D 0
17988 4 3 0000AD 82B6E84C 0
17989 4 3 0000AE 70578451 0
17990 4 3 0000AF 126447A7 0
17992 3 3 0002E8 00000000 0
17993 3 3 0002E8 79830889 0
17994 3 3 0002E9 75354481 0
17995 3 3 0002EA 0E78FA2C 0
17996 3 3 0002EB 00000000 0
17997 3 3 0002EC 00000000 0
17998 3 3 0002ED 00000000 0
17999 3 3 0002EE 00000000 0
18000 3 3 0002EF 00000000 0
18002 3 1 0000E8 00000000 0
18018 4 3 0000E8 09ABD06F 0
18019 4 3 0000E9 BDA1B158 0
18020 4 3 0000EA D281EEE8 0
18021 4 3 0000EB C955A625 0
18022 4 3 0000EC 9E49A16A 0
18023 4 3 0000ED E7BE8E28 0
18024 4 3 0000EE 8E2E6F44 0
18025 4 3 0000EF 600DCD15 0
18027 0 2 00022B 00000000 0
18043 4 3 000228 4BFDF8E7 0
18044 4 3 000229 DA17CBB3 0
18045 4 3 00022A 75255F8D 0
18046 4 3 00022B 00000000 0
18047 4 3 00022C 00000000 0
18048 4 3 00022D 00000000 0
18049 4 3 00022E 00000000 0
18050 4 3 00022F 00000000 0
18062 1 2 00026B 00000000 0
18078 4 3 000268 9E70EB76 0
18079 4 3 000269 D6070B00 0
18080 4 3 00026A 6F078282 0
18081 4 3 00026B 00000000 0
18082 4 3 00026C 00000000 0
18083 4 3 00026D 00000000 0
18084 4 3 00026E 00000000 0
18085 4 3 00026F 00000000 0
18116 2 2 0002AB 00000000 0
18132 4 3 0002A8 DD273614 0
18133 4 3 0002A9 C49D2877 0
18134 4 3 0002AA EFAA721C 0
18135 4 3 0002AB 00000000 0
18136 4 3 0002AC 00000000 0
18137 4 3 0002AD 00000000 0
18138 4 3 0002AE 00000000 0
18139 4 3 0002AF 00000000 0
18151 3 2 0002EB 00000000 0
18167 4 3 0002E8 79830889 0
18168 4 3 0002E9 75354481 0
18169 4 3 0002EA 0E78FA2C 0
18170 4 3 0002EB 00000000 0
18171 4 3 0002EC 00000000 0
18172 4 3 0002ED 00000000 0
18173 4 3 0002EE 00000000 0
18174 4 3 0002EF 00000000 0
18180 0 3 000228 00000000 0
18181 0 3 000228 4BFDF8E7 0
18182 0 3 000229 DA17CBB3 0
18183 0 3 00022A 75255F8D 0
18184 0 3 00022B 624C74DB 0
18185 0 3 00022C 00000000 0
18186 0 3 00022D 00000000 0
18187 0 3 00022E 00000000 0
18188 0 3 00022F 00000000 0
18190 0 1 000028 00000000 0
18206 4 3 000028 E74F8EA9 0
18207 4 3 000029 5AE2202D 0
18208 4 3 00002A 6307139B 0
18209 4 3 00002B 60189545 0
18210 4 3 00002C D4FA71F4 0
18211 4 3 00002D 97893F9B 0
18212 4 3 00002E 4B967CF9 0
18213 4 3 00002F 1A6D27CD 0
18215 1 3 000268 00000000 0
18216 1 3 000268 9E70EB76 0
18217 1 3 000269 D6070B00 0
18218 1 3 00026A 6F078282 0
18219 1 3 00026B A7994B8D 0
18220 1 3 00026C 00000000 0
18221 1 3 00026D 00000000 0
18222 1 3 00026E 00000000 0
18223 1 3 00026F 00000000 0
18225 1 1 000068 00000000 0
18241 4 3 000068 1CADEFF9 0
18242 4 3 000069 1226712D 0
18243 4 3 00006A 0A070B7A 0
18244 4 3 00006B DC848889 0
18245 4 3 00006C E2C5005B 0
18246 4 3 00006D 499F7633 0
18247 4 3 00006E 3DE3AB84 0
18248 4 3 00006F FED30C96 0
18269 2 3 0002A8 00000000 0
18270 2 3 0002A8 DD273614 0
18271 2 3 0002A9 C49D2877 0
18272 2 3 0002AA EFAA721C 0
18273 2 3 0002AB C9AB7FDA 0
18274 2 3 0002AC 00000000 0
18275 2 3 0002AD 00000000 0
18276 2 3 0002AE 00000000 0
18277 2 3 0002AF 00000000 0
18279 2 1 0000A8 00000000 0
18295 4 3 0000A8 B4C98462 0
18296 4 3 0000A9 69BCD69E 0
18297 4 3 0000AA D32E258E 0
18298 4 3 0000AB 5E9E25C1 0
18299 4 3 0000AC 7A38169D 0
18300 4 3 0000AD 82B6E84C 0
18301 4 3 0000AE 70578451 0
18302 4 3 0000AF 126447A7 0
18304 3 3 0002E8 00000000 0
18305 3 3 0002E8 79830889 0
18306 3 3 0002E9 75354481 0
18307 3 3 0002EA 0E78FA2C 0
18308 3 3 0002EB D551356F 0
18309 3 3 0002EC 00000000 0
18310 3 3 0002ED 00000000 0
18311 3 3 0002EE 00000000 0
18312 3 3 0002EF 00000000 0
18314 3 1 0000E8 00000000 0
18330 4 3 0000E8 09ABD06F 0
18331 4 3 0000E9 BDA1B158 0
18332 4 3 0000EA D281EEE8 0
18333 4 3 0000EB C955A625 0
18334 4 3 0000EC 9E49A16A 0
18335 4 3 0000ED E7BE8E28 0
18336 4 3 0000EE 8E2E6F44 0
18337 4 3 0000EF 600DCD15 0
18339 0 2 00022C 00000000 0
18355 4 3 000228 4BFDF8E7 0
18356 4 3 000229 DA17CBB3 0
18357 4 3 00022A 75255F8D 0
18358 4 3 00022B 624C74DB 0
18359 4 3 00022C 00000000 0
18360 4 3 00022D 00000000 0
18361 4 3 00022E 00000000 0
18362 4 3 00022F 00000000 0
18374 1 2 00026C 00000000 0
18390 4 3 000268 9E70EB76 0
18391 4 3 000269 D6070B00 0
18392 4 3 00026A 6F078282 0
18393 4 3 00026B A7994B8D 0
18394 4 3 00026C 00000000 0
18395 4 3 00026D 00000000 0
18396 4 3 00026E 00000000 0
18397 4 3 00026F 00000000 0
18428 2 2 0002AC 00000000 0
18444 4 3 0002A8 DD273614 0
18445 4 3 0002A9 C49D2877 0
18446 4 3 0002AA EFAA721C 0
18447 4 3 0002AB C9AB7FDA 0
18448 4 3 0002AC 00000000 0
18449 4 3 0002AD 00000000 0
18450 4 3 0002AE 00000000 0
18451 4 3 0002AF 00000000 0
18463 3 2 0002EC 00000000 0
18479 4 3 0002E8 79830889 0
18480 4 3 0002E9 75354481 0
18481 4 3 0002EA 0E78FA2C 0
18482 4 3 0002EB D551356F 0
18483 4 3 0002EC 00000000 0
18484 4 3 0002ED 00000000 0
18485 4 3 0002EE 00000000 0
18486 4 3 0002EF 00000000 0
18492 0 3 000228 00000000 0
18493 0 3 000228 4BFDF8E7 0
18494 0 3 000229 DA17CBB3 0
18495 0 3 00022A 75255F8D 0
18496 0 3 00022B 624C74DB 0
18497 0 3 00022C C116D43F 0
18498 0 3 00022D 00000000 0
18499 0 3 00022E 00000000 0
18500 0 3 00022F 00000000 0
18502 0 1 000028 00000000 0
18518 4 3 000028 E74F8EA9 0
18519 4 3 000029 5AE2202D 0
18520 4 3 00002A 6307139B 0
18521 4 3 00002B 60189545 0
18522 4 3 00002C D4FA71F4 0
18523 4 3 00002D 97893F9B 0
18524 4 3 00002E 4B967CF9 0
18525 4 3 00002F 1A6D27CD 0
18527 1 3 000268 00000000 0
18528 1 3 000268 9E70EB76 0
18529 1 3 000269 D6070B00 0
18530 1 3 00026A 6F078282 0
18531 1 3 00026B A7994B8D 0
18532 1 3 00026C A3A6E61E 0
18533 1 3 00026D 00000000 0
18534 1 3 00026E 00000000 0
18535 1 3 00026F 00000000 0
18537 1 1 000068 00000000 0
18553 4 3 000068 1CADEFF9 0
18554 4 3 000069 1226712D 0
18555 4 3 00006A 0A070B7A 0
18556 4 3 00006B DC848889 0
18557 4 3 00006C E2C5005B 0
18558 4 3 00006D 499F7633 0
18559 4 3 00006E 3DE3AB84 0
18560 4 3 00006F FED30C96 0
18581 2 3 0002A8 00000000 0
18582 2 3 0002A8 DD273614 0
18583 2 3 0002A9 C49D2877 0
18584 2 3 0002AA EFAA721C 0
18585 2 3 0002AB C9AB7FDA 0
18586 2 3 0002AC 752822FF 0
18587 2 3 0002AD 00000000 0
18588 2 3 0002AE 00000000 0
18589 2 3 0002AF 00000000 0
18591 2 1 0000A8 00000000 0
18607 4 3 0000A8 B4C98462 0
18608 4 3 0000A9 69BCD69E 0
18609 4 3 0000AA D32E258E 0
18610 4 3 0000AB 5E9E25C1 0
18611 4 3 0000AC 7A38169D 0
18612 4 3 0000AD 82B6E84C 0
18613 4 3 0000AE 70578451 0
18614 4 3 0000AF 126447A7 0
18616 3 3 0002E8 00000000 0
18617 3 3 0002E8 79830889 0
18618 3 3 0002E9 75354481 0
18619 3 3 0002EA 0E78FA2C 0
18620 3 3 0002EB D551356F 0
18621 3 3 0002EC 642818B3 0
18622 3 3 0002ED 00000000 0
18623 3 3 0002EE 00000000 0
18624 3 3 0002EF 00000000 0
18626 3 1 0000E8 00000000 0
18642 4 3 0000E8 09ABD06F 0
18643 4 3 0000E9 BDA1B158 0
18644 4 3 0000EA D281EEE8 0
18645 4 3 0000EB C955A625 0
18646 4 3 0000EC 9E49A16A 0
18647 4 3 0000ED E7BE8E28 0
18648 4 3 0000EE 8E2E6F44 0
18649 4 3 0000EF 600DCD15 0
18651 0 2 00022D 00000000 0
18667 4 3 000228 4BFDF8E7 0
18668 4 3 000229 DA17CBB3 0
18669 4 3 00022A 75255F8D 0
18670 4 3 00022B 624C74DB 0
18671 4 3 00022C C116D43F 0
18672 4 3 00022D 00000000 0
18673 4 3 00022E 00000000 0
18674 4 3 00022F 00000000 0
18686 1 2 00026D 00000000 0
18702 4 3 000268 9E70EB76 0
18703 4 3 000269 D6070B00 0
18704 4 3 00026A 6F078282 0
18705 4 3 00026B A7994B8D 0
18706 4 3 00026C A3A6E61E 0
18707 4 3 00026D 00000000 0
18708 4 3 00026E 00000000 0
18709 4 3 00026F 00000000 0
18740 2 2 0002AD 00000000 0
18756 4 3 0002A8 DD273614 0
18757 4 3 0002A9 C49D2877 0
18758 4 3 0002AA EFAA721C 0
18759 4 3 0002AB C9AB7FDA 0
18760 4 3 0002AC 752822FF 0
18761 4 3 0002AD 00000000 0
18762 4 3 0002AE 00000000 0
18763 4 3 0002AF 00000000 0
18775 3 2 0002ED 00000000 0
18791 4 3 0002E8 79830889 0
18792 4 3 0002E9 75354481 0
18793 4 3 0002EA 0E78FA2C 0
18794 4 3 0002EB D551356F 0
18795 4 3 0002EC 642818B3 0
18796 4 3 0002ED 00000000 0
18797 4 3 0002EE 00000000 0
18798 4 3 0002EF 00000000 0
18804 0 3 000228 00000000 0
18805 0 3 000228 4BFDF8E7 0
18806 0 3 000229 DA17CBB3 0
18807 0 3 00022A 75255F8D 0
18808 0 3 00022B 624C74DB 0
18809 0 3 00022C C116D43F 0
18810 0 3 00022D F4B91F97 0
18811 0 3 00022E 00000000 0
18812 0 3 00022F 00000000 0
18814 0 1 000028 00000000 0
18830 4 3 000028 E74F8EA9 0
18831 4 3 000029 5AE2202D 0
18832 4 3 00002A 6307139B 0
18833 4 3 00002B 60189545 0
18834 4 3 00002C D4FA71F4 0
18835 4 3 00002D 97893F9B 0
18836 4 3 00002E 4B967CF9 0
18837 4 3 00002F 1A6D27CD 0
18839 1 3 000268 00000000 0
18840 1 3 000268 9E70EB76 0
18841 1 3 000269 D6070B00 0
18842 1 3 00026A 6F078282 0
18843 1 3 00026B A7994B8D 0
18844 1 3 00026C A3A6E61E 0
18845 1 3 00026D 4E48AF7E 0
18846 1 3 00026E 00000000 0
18847 1 3 00026F 00000000 0
18849 1 1 000068 00000000 0
18865 4 3 000068 1CADEFF9 0
18866 4 3 000069 1226712D 0
18867 4 3 00006A 0A070B7A 0
18868 4 3 00006B DC848889 0
18869 4 3 00006C E2C5005B 0
18870 4 3 00006D 499F7633 0
18871 4 3 00006E 3DE3AB84 0
18872 4 3 00006F FED30C96 0
18893 2 3 0002A8 00000000 0
18894 2 3 0002A8 DD273614 0
18895 2 3 0002A9 C49D2877 0
18896 2 3 0002AA EFAA721C 0
18897 2 3 0002AB C9AB7FDA 0
18898 2 3 0002AC 752822FF 0
18899 2 3 0002AD 87531CAE 0
18900 2 3 0002AE 00000000 0
18901 2 3 0002AF 00000000 0
18903 2 1 0000A8 00000000 0
18919 4 3 0000A8 B4C98462 0
18920 4 3 0000A9 69BCD69E 0
18921 4 3 0000AA D32E258E 0
18922 4 3 0000AB 5E9E25C1 0
18923 4 3 0000AC 7A38169D 0
18924 4 3 0000AD 82B6E84C 0
18925 4 3 0000AE 70578451 0
18926 4 3 0000AF 126447A7 0
18928 3 3 0002E8 00000000 0
18929 3 3 0002E8 79830889 0
18930 3 3 0002E9 75354481 0
18931 3 3 0002EA 0E78FA2C 0
18932 3 3 0002EB D551356F 0
18933 3 3 0002EC 642818B3 0
18934 3 3 0002ED 07E2B57C 0
18935 3 3 0002EE 00000000 0
18936 3 3 0002EF 00000000 0
18938 3 1 0000E8 00000000 0
18954 4 3 0000E8 09ABD06F 0
18955 4 3 0000E9 BDA1B158 0
18956 4 3 0000EA D281EEE8 0
18957 4 3 0000EB C955A625 0
18958 4 3 0000EC 9E49A16A 0
18959 4 3 0000ED E7BE8E28 0
18960 4 3 0000EE 8E2E6F44 0
18961 4 3 0000EF 600DCD15 0
18963 0 2 00022E 00000000 0
18979 4 3 000228 4BFDF8E7 0
18980 4 3 000229 DA17CBB3 0
18981 4 3 00022A 75255F8D 0
18982 4 3 00022B 624C74DB 0
18983 4 3 00022C C116D43F 0
18984 4 3 00022D F4B91F97 0
18985 4 3 00022E 00000000 0
18986 4 3 00022F 00000000 0
18998 1 2 00026E 00000000 0
19014 4 3 000268 9E70EB76 0
19015 4 3 000269 D6070B00 0
19016 4 3 00026A 6F078282 0
19017 4 3 00026B A7994B8D 0
19018 4 3 00026C A3A6E61E 0
19019 4 3 00026D 4E48AF7E 0
19020 4 3 00026E 00000000 0
19021 4 3 00026F 00000000 0
19052 2 2 0002AE 00000000 0
19068 4 3 0002A8 DD273614 0
19069 4 3 0002A9 C49D2877 0
19070 4 3 0002AA EFAA721C 0
19071 4 3 0002AB C9AB7FDA 0
19072 4 3 0002AC 752822FF 0
19073 4 3 0002AD 87531CAE 0
19074 4 3 0002AE 00000000 0
19075 4 3 0002AF 00000000 0
19087 3 2 0002EE 00000000 0
19103 4 3 0002E8 79830889 0
19104 4 3 0002E9 75354481 0
19105 4 3 0002EA 0E78FA2C 0
19106 4 3 0002EB D551356F 0
19107 4 3 0002EC 642818B3 0
19108 4 3 0002ED 07E2B57C 0
19109 4 3 0002EE 00000000 0
19110 4 3 0002EF 00000000 0
19116 0 3 000228 00000000 0
19117 0 3 000228 4BFDF8E7 0
19118 0 3 000229 DA17CBB3 0
19119 0 3 00022A 75255F8D 0
19120 0 3 00022B 624C74DB 0
19121 0 3 00022C C116D43F 0
19122 0 3 00022D F4B91F97 0
19123 0 3 00022E 5AF5C2B6 0
19124 0 3 00022F 00000000 0
19126 0 1 000028 00000000 0
19142 4 3 000028 E74F8EA9 0
19143 4 3 000029 5AE2202D 0
19144 4 3 00002A 6307139B 0
19145 4 3 00002B 60189545 0
19146 4 3 00002C D4FA71F4 0
19147 4 3 00002D 97893F9B 0
19148 4 3 00002E 4B967CF9 0
19149 4 3 00002F 1A6D27CD 0
19151 1 3 000268 00000000 0
19152 1 3 000268 9E70EB76 0
19153 1 3 000269 D6070B00 0
19154 1 3 00026A 6F078282 0
19155 1 3 00026B A7994B8D 0
19156 1 3 00026C A3A6E61E 0
19157 1 3 00026D 4E48AF7E 0
19158 1 3 00026E D42796DA 0
19159 1 3 00026F 00000000 0
19161 1 1 000068 00000000 0
19177 4 3 000068 1CADEFF9 0
19178 4 3 000069 1226712D 0
19179 4 3 00006A 0A070B7A 0
19180 4 3 00006B DC848889 0
19181 4 3 00006C E2C5005B 0
19182 4 3 00006D 499F7633 0
19183 4 3 00006E 3DE3AB84 0
19184 4 3 00006F FED30C96 0
19205 2 3 0002A8 00000000 0
19206 2 3 0002A8 DD273614 0
19207 2 3 0002A9 C49D2877 0
19208 2 3 0002AA EFAA721C 0
19209 2 3 0002AB C9AB7FDA 0
19210 2 3 0002AC 752822FF 0
19211 2 3 0002AD 87531CAE 0
19212 2 3 0002AE CF81BB90 0
19213 2 3 0002AF 00000000 0
19215 2 1 0000A8 00000000 0
19231 4 3 0000A8 B4C98462 0
19232 4 3 0000A9 69BCD69E 0
19233 4 3 0000AA D32E258E 0
19234 4 3 0000AB 5E9E25C1 0
19235 4 3 0000AC 7A38169D 0
19236 4 3 0000AD 82B6E84C 0
19237 4 3 0000AE 70578451 0
19238 4 3 0000AF 126447A7 0
19240 3 3 0002E8 00000000 0
19241 3 3 0002E8 79830889 0
19242 3 3 0002E9 75354481 0
19243 3 3 0002EA 0E78FA2C 0
19244 3 3 0002EB D551356F 0
19245 3 3 0002EC 642818B3 0
19246 3 3 0002ED 07E2B57C 0
19247 3 3 0002EE F97347A5 0
19248 3 3 0002EF 00000000 0
19250 3 1 0000E8 00000000 0
19266 4 3 0000E8 09ABD06F 0
19267 4 3 0000E9 BDA1B158 0
19268 4 3 0000EA D281EEE8 0
19269 4 3 0000EB C955A625 0
19270 4 3 0000EC 9E49A16A 0
19271 4 3 0000ED E7BE8E28 0
19272 4 3 0000EE 8E2E6F44 0
19273 4 3 0000EF 600DCD15 0
19275 0 2 00022F 00000000 0
19291 4 3 000228 4BFDF8E7 0
19292 4 3 000229 DA17CBB3 0
19293 4 3 00022A 75255F8D 0
19294 4 3 00022B 624C74DB 0
19295 4 3 00022C C116D43F 0
19296 4 3 00022D F4B91F97 0
19297 4 3 00022E 5AF5C2B6 0
19298 4 3 00022F 00000000 0
19310 1 2 00026F 00000000 0
19326 4 3 000268 9E70EB76 0
19327 4 3 000269 D6070B00 0
19328 4 3 00026A 6F078282 0
19329 4 3 00026B A7994B8D 0
19330 4 3 00026C A3A6E61E 0
19331 4 3 00026D 4E48AF7E 0
19332 4 3 00026E D42796DA 0
19333 4 3 00026F 00000000 0
19335 0 1 000030 00000000 0
19351 4 3 000030 A1765EAA 0
19352 4 3 000031 3930A1D9 0
19353 4 3 000032 1D320B62 0
19354 4 3 000033 03FFDB6A 0
19355 4 3 000034 70B0FC0C 0
19356 4 3 000035 F37A8C4E 0
19357 4 3 000036 F3B2A5C8 0
19358 4 3 000037 9EC43C6F 0
19360 1 1 000070 00000000 0
19376 4 3 000070 D46614E7 0
19377 4 3 000071 43F6EABC 0
19378 4 3 000072 E3D80BD9 0
19379 4 3 000073 EB3EE0A2 0
19380 4 3 000074 B81406B1 0
19381 4 3 000075 E85403FE 0
19382 4 3 000076 EDB34368 0
19383 4 3 000077 AC8C31BF 0
19385 2 2 0002AF 00000000 0
19401 4 3 0002A8 DD273614 0
19402 4 3 0002A9 C49D2877 0
19403 4 3 0002AA EFAA721C 0
19404 4 3 0002AB C9AB7FDA 0
19405 4 3 0002AC 752822FF 0
19406 4 3 0002AD 87531CAE 0
19407 4 3 0002AE CF81BB90 0
19408 4 3 0002AF 00000000 0
19410 3 2 0002EF 00000000 0
19426 4 3 0002E8 79830889 0
19427 4 3 0002E9 75354481 0
19428 4 3 0002EA 0E78FA2C 0
19429 4 3 0002EB D551356F 0
19430 4 3 0002EC 642818B3 0
19431 4 3 0002ED 07E2B57C 0
19432 4 3 0002EE F97347A5 0
19433 4 3 0002EF 00000000 0
19435 2 1 0000B0 00000000 0
19451 4 3 0000B0 88B55830 0
19452 4 3 0000B1 EBB1A889 0
19453 4 3 0000B2 E82AF87A 0
19454 4 3 0000B3 AA1220DD 0
19455 4 3 0000B4 9D2F6262 0
19456 4 3 0000B5 9255CABB 0
19457 4 3 0000B6 B8C2DB85 0
19458 4 3 0000B7 7DECE296 0
19460 3 1 0000F0 00000000 0
19476 4 3 0000F0 BA565C06 0
19477 4 3 0000F1 B68D4005 0
19478 4 3 0000F2 8500D945 0
19479 4 3 0000F3 1887CAB0 0
19480 4 3 0000F4 3C2078CF 0
19481 4 3 0000F5 21056EB7 0
19482 4 3 0000F6 18CFE169 0
19483 4 3 0000F7 5C234449 0
19485 0 1 000038 00000000 0
19501 4 3 000038 43CBD030 0
19502 4 3 000039 4A4E8509 0
19503 4 3 00003A 0DAAC16C 0
19504 4 3 00003B 1C1BCF1D 0
19505 4 3 00003C D9D5315D 0
19506 4 3 00003D 5BF88BCF 0
19507 4 3 00003E 9BE44D96 0
19508 4 3 00003F 6B1EA866 0
19510 1 1 000078 00000000 0
19526 4 3 000078 0FD7A3E3 0
19527 4 3 000079 4D2F9CD8 0
19528 4 3 00007A C41ABB91 0
19529 4 3 00007B 7BE31637 0
19530 4 3 00007C 67CDDFD0 0
19531 4 3 00007D F3D57FC7 0
19532 4 3 00007E 32D67B19 0
19533 4 3 00007F 728973D9 0
19580 2 1 0000B8 00000000 0
19596 4 3 0000B8 19939C1A 0
19597 4 3 0000B9 66325BC0 0
19598 4 3 0000BA FA44661E 0
19599 4 3 0000BB AA9B42ED 0
19600 4 3 0000BC EBA5658F 0
19601 4 3 0000BD 4606B37D 0
19602 4 3 0000BE 7ED0D012 0
19603 4 3 0000BF 1CCF5699 0
19605 3 1 0000F8 00000000 0
19621 4 3 0000F8 4B116965 0
19622 4 3 0000F9 4AD767AF 0
19623 4 3 0000FA 3A6982A4 0
19624 4 3 0000FB 08F3D37A 0
19625 4 3 0000FC 829941E9 0
19626 4 3 0000FD 8817E1BA 0
19627 4 3 0000FE 3E2970C5 0
19628 4 3 0000FF 0675DE2E 0
19634 0 2 000230 00000000 0
19650 4 3 000230 00000000 0
19651 4 3 000231 00000000 0
19652 4 3 000232 00000000 0
19653 4 3 000233 00000000 0
19654 4 3 000234 00000000 0
19655 4 3 000235 00000000 0
19656 4 3 000236 00000000 0
19657 4 3 000237 00000000 0
19659 1 2 000270 00000000 0
19675 4 3 000270 00000000 0
19676 4 3 000271 00000000 0
19677 4 3 000272 00000000 0
19678 4 3 000273 00000000 0
19679 4 3 000274 00000000 0
19680 4 3 000275 00000000 0
19681 4 3 000276 00000000 0
19682 4 3 000277 00000000 0
19684 0 3 000230 00000000 0
19685 0 3 000230 78D22088 0
19686 0 3 000231 00000000 0
19687 0 3 000232 00000000 0
19688 0 3 000233 00000000 0
19689 0 3 000234 00000000 0
19690 0 3 000235 00000000 0
19691 0 3 000236 00000000 0
19692 0 3 000237 00000000 0
19694 1 3 000270 00000000 0
19695 1 3 000270 5EDF8F40 0
19696 1 3 000271 00000000 0
19697 1 3 000272 00000000 0
19698 1 3 000273 00000000 0
19699 1 3 000274 00000000 0
19700 1 3 000275 00000000 0
19701 1 3 000276 00000000 0
19702 1 3 000277 00000000 0
19704 0 1 000030 00000000 0
19720 4 3 000030 A1765EAA 0
19721 4 3 000031 3930A1D9 0
19722 4 3 000032 1D320B62 0
19723 4 3 000033 03FFDB6A 0
19724 4 3 000034 70B0FC0C 0
19725 4 3 000035 F37A8C4E 0
19726 4 3 000036 F3B2A5C8 0
19727 4 3 000037 9EC43C6F 0
19729 1 1 000070 00000000 0
19745 4 3 000070 D46614E7 0
19746 4 3 000071 43F6EABC 0
19747 4 3 000072 E3D80BD9 0
19748 4 3 000073 EB3EE0A2 0
19749 4 3 000074 B81406B1 0
19750 4 3 000075 E85403FE 0
19751 4 3 000076 EDB34368 0
19752 4 3 000077 AC8C31BF 0
19754 2 2 0002B0 00000000 0
19770 4 3 0002B0 00000000 0
19771 4 3 0002B1 00000000 0
19772 4 3 0002B2 00000000 0
19773 4 3 0002B3 00000000 0
19774 4 3 0002B4 00000000 0
19775 4 3 0002B5 00000000 0
19776 4 3 0002B6 00000000 0
19777 4 3 0002B7 00000000 0
19779 3 2 0002F0 00000000 0
19795 4 3 0002F0 00000000 0
19796 4 3 0002F1 00000000 0
19797 4 3 0002F2 00000000 0
19798 4 3 0002F3 00000000 0
19799 4 3 0002F4 00000000 0
19800 4 3 0002F5 00000000 0
19801 4 3 0002F6 00000000 0
19802 4 3 0002F7 00000000 0
19804 2 3 0002B0 00000000 0
19805 2 3 0002B0 C1E2E37F 0
19806 2 3 0002B1 00000000 0
19807 2 3 0002B2 00000000 0
19808 2 3 0002B3 00000000 0
19809 2 3 0002B4 00000000 0
19810 2 3 0002B5 00000000 0
19811 2 3 0002B6 00000000 0
19812 2 3 0002B7 00000000 0
19814 3 3 0002F0 00000000 0
19815 3 3 0002F0 C25A9B11 0
19816 3 3 0002F1 00000000 0
19817 3 3 0002F2 00000000 0
19818 3 3 0002F3 00000000 0
19819 3 3 0002F4 00000000 0
19820 3 3 0002F5 00000000 0
19821 3 3 0002F6 00000000 0
19822 3 3 0002F7 00000000 0
19824 2 1 0000B0 00000000 0
19840 4 3 0000B0 88B55830 0
19841 4 3 0000B1 EBB1A889 0
19842 4 3 0000B2 E82AF87A 0
19843 4 3 0000B3 AA1220DD 0
19844 4 3 0000B4 9D2F6262 0
19845 4 3 0000B5 9255CABB 0
19846 4 3 0000B6 B8C2DB85 0
19847 4 3 0000B7 7DECE296 0
19849 3 1 0000F0 00000000 0
19865 4 3 0000F0 BA565C06 0
19866 4 3 0000F1 B68D4005 0
19867 4 3 0000F2 8500D945 0
19868 4 3 0000F3 1887CAB0 0
19869 4 3 0000F4 3C2078CF 0
19870 4 3 0000F5 21056EB7 0
19871 4 3 0000F6 18CFE169 0
19872 4 3 0000F7 5C234449 0
19973 0 2 000231 00000000 0
19989 4 3 000230 78D22088 0
19990 4 3 000231 00000000 0
19991 4 3 000232 00000000 0
19992 4 3 000233 00000000 0
19993 4 3 000234 00000000 0
19994 4 3 000235 00000000 0
19995 4 3 000236 00000000 0
19996 4 3 000237 00000000 0
19998 1 2 000271 00000000 0
20014 4 3 000270 5EDF8F40 0
20015 4 3 000271 00000000 0
20016 4 3 000272 00000000 0
20017 4 3 000273 00000000 0
20018 4 3 000274 00000000 0
20019 4 3 000275 00000000 0
20020 4 3 000276 00000000 0
20021 4 3 000277 00000000 0
20023 0 3 000230 00000000 0
20024 0 3 000230 78D22088 0
20025 0 3 000231 3F71673D 0
20026 0 3 000232 00000000 0
20027 0 3 000233 00000000 0
20028 0 3 000234 00000000 0
20029 0 3 000235 00000000 0
20030 0 3 000236 00000000 0
20031 0 3 000237 00000000 0
20033 1 3 000270 00000000 0
20034 1 3 000270 5EDF8F40 0
20035 1 3 000271 F98E33D8 0
20036 1 3 000272 00000000 0
20037 1 3 000273 00000000 0
20038 1 3 000274 00000000 0
20039 1 3 000275 00000000 0
20040 1 3 000276 00000000 0
20041 1 3 000277 00000000 0
20043 0 1 000030 00000000 0
20059 4 3 000030 A1765EAA 0
20060 4 3 000031 3930A1D9 0
20061 4 3 000032 1D320B62 0
20062 4 3 000033 03FFDB6A 0
20063 4 3 000034 70B0FC0C 0
20064 4 3 000035 F37A8C4E 0
20065 4 3 000036 F3B2A5C8 0
20066 4 3 000037 9EC43C6F 0
20068 1 1 000070 00000000 0
20084 4 3 000070 D46614E7 0
20085 4 3 000071 43F6EABC 0
20086 4 3 000072 E3D80BD9 0
20087 4 3 000073 EB3EE0A2 0
20088 4 3 000074 B81406B1 0
20089 4 3 000075 E85403FE 0
20090 4 3 000076 EDB34368 0
20091 4 3 000077 AC8C31BF 0
20093 2 2 0002B1 00000000 0
20109 4 3 0002B0 C1E2E37F 0
20110 4 3 0002B1 00000000 0
20111 4 3 0002B2 00000000 0
20112 4 3 0002B3 00000000 0
20113 4 3 0002B4 00000000 0
20114 4 3 0002B5 00000000 0
20115 4 3 0002B6 00000000 0
20116 4 3 0002B7 00000000 0
20118 3 2 0002F1 00000000 0
20134 4 3 0002F0 C25A9B11 0
20135 4 3 0002F1 00000000 0
20136 4 3 0002F2 00000000 0
20137 4 3 0002F3 00000000 0
20138 4 3 0002F4 00000000 0
20139 4 3 0002F5 00000000 0
20140 4 3 0002F6 00000000 0
20141 4 3 0002F7 00000000 0
20143 2 3 0002B0 00000000 0
20144 2 3 0002B0 C1E2E37F 0
20145 2 3 0002B1 F384722A 0
20146 2 3 0002B2 00000000 0
20147 2 3 0002B3 00000000 0
20148 2 3 0002B4 00000000 0
20149 2 3 0002B5 00000000 0
20150 2 3 0002B6 00000000 0
20151 2 3 0002B7 00000000 0
20153 3 3 0002F0 00000000 0
20154 3 3 0002F0 C25A9B11 0
20155 3 3 0002F1 AA128DD0 0
20156 3 3 0002F2 00000000 0
20157 3 3 0002F3 00000000 0
20158 3 3 0002F4 00000000 0
20159 3 3 0002F5 00000000 0
20160 3 3 0002F6 00000000 0
20161 3 3 0002F7 00000000 0
20163 2 1 0000B0 00000000 0
20179 4 3 0000B0 88B55830 0
20180 4 3 0000B1 EBB1A889 0
20181 4 3 0000B2 E82AF87A 0
20182 4 3 0000B3 AA1220DD 0
20183 4 3 0000B4 9D2F6262 0
20184 4 3 0000B5 9255CABB 0
20185 4 3 0000B6 B8C2DB85 0
20186 4 3 0000B7 7DECE296 0
20188 3 1 0000F0 00000000 0
20204 4 3 0000F0 BA565C06 0
20205 4 3 0000F1 B68D4005 0
20206 4 3 0000F2 8500D945 0
20207 4 3 0000F3 1887CAB0 0
20208 4 3 0000F4 3C2078CF 0
20209 4 3 0000F5 21056EB7 0
20210 4 3 0000F6 18CFE169 0
20211 4 3 0000F7 5C234449 0
20312 0 2 000232 00000000 0
20328 4 3 000230 78D22088 0
20329 4 3 000231 3F71673D 0
20330 4 3 000232 00000000 0
20331 4 3 000233 00000000 0
20332 4 3 000234 00000000 0
20333 4 3 000235 00000000 0
20334 4 3 000236 00000000 0
20335 4 3 000237 00000000 0
20337 1 2 000272 00000000 0
20353 4 3 000270 5EDF8F40 0
20354 4 3 000271 F98E33D8 0
20355 4 3 000272 00000000 0
20356 4 3 000273 00000000 0
20357 4 3 000274 00000000 0
20358 4 3 000275 00000000 0
20359 4 3 000276 00000000 0
20360 4 3 000277 00000000 0
20362 0 3 000230 00000000 0
20363 0 3 000230 78D22088 0
20364 0 3 000231 3F71673D 0
20365 0 3 000232 A39FE391 0
20366 0 3 000233 00000000 0
20367 0 3 000234 00000000 0
20368 0 3 000235 00000000 0
20369 0 3 000236 00000000 0
20370 0 3 000237 00000000 0
20372 1 3 000270 00000000 0
20373 1 3 000270 5EDF8F40 0
20374 1 3 000271 F98E33D8 0
20375 1 3 000272 6B4BBAF0 0
20376 1 3 000273 00000000 0
20377 1 3 000274 00000000 0
20378 1 3 000275 00000000 0
20379 1 3 000276 00000000 0
20380 1 3 000277 00000000 0
20382 0 1 000030 00000000 0
20398 4 3 000030 A1765EAA 0
20399 4 3 000031 3930A1D9 0
20400 4 3 000032 1D320B62 0
20401 4 3 000033 03FFDB6A 0
20402 4 3 000034 70B0FC0C 0
20403 4 3 000035 F37A8C4E 0
20404 4 3 000036 F3B2A5C8 0
20405 4 3 000037 9EC43C6F 0
20407 1 1 000070 00000000 0
20423 4 3 000070 D46614E7 0
20424 4 3 000071 43F6EABC 0
20425 4 3 000072 E3D80BD9 0
20426 4 3 000073 EB3EE0A2 0
20427 4 3 000074 B81406B1 0
20428 4 3 000075 E85403FE 0
20429 4 3 000076 EDB34368 0
20430 4 3 000077 AC8C31BF 0
20432 2 2 0002B2 00000000 0
20448 4 3 0002B0 C1E2E37F 0
20449 4 3 0002B1 F384722A 0
20450 4 3 0002B2 00000000 0
20451 4 3 0002B3 00000000 0
20452 4 3 0002B4 00000000 0
20453 4 3 0002B5 00000000 0
20454 4 3 0002B6 00000000 0
20455 4 3 0002B7 00000000 0
20457 3 2 0002F2 00000000 0
20473 4 3 0002F0 C25A9B11 0
20474 4 3 0002F1 AA128DD0 0
20475 4 3 0002F2 00000000 0
20476 4 3 0002F3 00000000 0
20477 4 3 0002F4 00000000 0
20478 4 3 0002F5 00000000 0
20479 4 3 0002F6 00000000 0
20480 4 3 0002F7 00000000 0
20482 2 3 0002B0 00000000 0
20483 2 3 0002B0 C1E2E37F 0
20484 2 3 0002B1 F384722A 0
20485 2 3 0002B2 ED7CE579 0
20486 2 3 0002B3 00000000 0
20487 2 3 0002B4 00000000 0
20488 2 3 0002B5 00000000 0
20489 2 3 0002B6 00000000 0
20490 2 3 0002B7 00000000 0
20492 3 3 0002F0 00000000 0
20493 3 3 0002F0 C25A9B11 0
20494 3 3 0002F1 AA128DD0 0
20495 3 3 0002F2 76097EB4 0
20496 3 3 0002F3 00000000 0
20497 3 3 0002F4 00000000 0
20498 3 3 0002F5 00000000 0
20499 3 3 0002F6 00000000 0
20500 3 3 0002F7 00000000 0
20502 2 1 0000B0 00000000 0
20518 4 3 0000B0 88B55830 0
20519 4 3 0000B1 EBB1A889 0
20520 4 3 0000B2 E82AF87A 0
20521 4 3 0000B3 AA1220DD 0
20522 4 3 0000B4 9D2F6262 0
20523 4 3 0000B5 9255CABB 0
20524 4 3 0000B6 B8C2DB85 0
20525 4 3 0000B7 7DECE296 0
20527 3 1 0000F0 00000000 0
20543 4 3 0000F0 BA565C06 0
20544 4 3 0000F1 B68D4005 0
20545 4 3 0000F2 8500D945 0
20546 4 3 0000F3 1887CAB0 0
20547 4 3 0000F4 3C2078CF 0
20548 4 3 0000F5 21056EB7 0
20549 4 3 0000F6 18CFE169 0
20550 4 3 0000F7 5C234449 0
20651 0 2 000233 00000000 0
20667 4 3 000230 78D22088 0
20668 4 3 000231 3F71673D 0
20669 4 3 000232 A39FE391 0
20670 4 3 000233 00000000 0
20671 4 3 000234 00000000 0
20672 4 3 000235 00000000 0
20673 4 3 000236 00000000 0
20674 4 3 000237 00000000 0
20676 1 2 000273 00000000 0
20692 4 3 000270 5EDF8F40 0
20693 4 3 000271 F98E33D8 0
20694 4 3 000272 6B4BBAF0 0
20695 4 3 000273 00000000 0
20696 4 3 000274 00000000 0
20697 4 3 000275 00000000 0
20698 4 3 000276 00000000 0
20699 4 3 000277 00000000 0
20701 0 3 000230 00000000 0
20702 0 3 000230 78D22088 0
20703 0 3 000231 3F71673D 0
20704 0 3 000232 A39FE391 0
20705 0 3 000233 1AED86BC 0
20706 0 3 000234 00000000 0
20707 0 3 000235 00000000 0
20708 0 3 000236 00000000 0
20709 0 3 000237 00000000 0
20711 1 3 000270 00000000 0
20712 1 3 000270 5EDF8F40 0
20713 1 3 000271 F98E33D8 0
20714 1 3 000272 6B4BBAF0 0
20715 1 3 000273 11CD07EA 0
20716 1 3 000274 00000000 0
20717 1 3 000275 00000000 0
20718 1 3 000276 00000000 0
20719 1 3 000277 00000000 0
20721 0 1 000030 00000000 0
20737 4 3 000030 A1765EAA 0
20738 4 3 000031 3930A1D9 0
20739 4 3 000032 1D320B62 0
20740 4 3 000033 03FFDB6A 0
20741 4 3 000034 70B0FC0C 0
20742 4 3 000035 F37A8C4E 0
20743 4 3 000036 F3B2A5C8 0
20744 4 3 000037 9EC43C6F 0
20746 1 1 000070 00000000 0
20762 4 3 000070 D46614E7 0
20763 4 3 000071 43F6EABC 0
20764 4 3 000072 E3D80BD9 0
20765 4 3 000073 EB3EE0A2 0
20766 4 3 000074 B81406B1 0
20767 4 3 000075 E85403FE 0
20768 4 3 000076 EDB34368 0
20769 4 3 000077 AC8C31BF 0
20771 2 2 0002B3 00000000 0
20787 4 3 0002B0 C1E2E37F 0
20788 4 3 0002B1 F384722A 0
20789 4 3 0002B2 ED7CE579 0
20790 4 3 0002B3 00000000 0
20791 4 3 0002B4 00000000 0
20792 4 3 0002B5 00000000 0
20793 4 3 0002B6 00000000 0
20794 4 3 0002B7 00000000 0
20796 3 2 0002F3 00000000 0
20812 4 3 0002F0 C25A9B11 0
20813 4 3 0002F1 AA128DD0 0
20814 4 3 0002F2 76097EB4 0
20815 4 3 0002F3 00000000 0
20816 4 3 0002F4 00000000 0
20817 4 3 0002F5 00000000 0
20818 4 3 0002F6 00000000 0
20819 4 3 0002F7 00000000 0
20821 2 3 0002B0 00000000 0
20822 2 3 0002B0 C1E2E37F 0
20823 2 3 0002B1 F384722A 0
20824 2 3 0002B2 ED7CE579 0
20825 2 3 0002B3 F10DA056 0
20826 2 3 0002B4 00000000 0
20827 2 3 0002B5 00000000 0
20828 2 3 0002B6 00000000 0
20829 2 3 0002B7 00000000 0
20831 3 3 0002F0 00000000 0
20832 3 3 0002F0 C25A9B11 0
20833 3 3 0002F1 AA128DD0 0
20834 3 3 0002F2 76097EB4 0
20835 3 3 0002F3 2733F955 0
20836 3 3 0002F4 00000000 0
20837 3 3 0002F5 00000000 0
20838 3 3 0002F6 00000000 0
20839 3 3 0002F7 00000000 0
20841 2 1 0000B0 00000000 0
20857 4 3 0000B0 88B55830 0
20858 4 3 0000B1 EBB1A889 0
20859 4 3 0000B2 E82AF87A 0
20860 4 3 0000B3 AA1220DD 0
20861 4 3 0000B4 9D2F6262 0
20862 4 3 0000B5 9255CABB 0
20863 4 3 0000B6 B8C2DB85 0
20864 4 3 0000B7 7DECE296 0
20866 3 1 0000F0 00000000 0
20882 4 3 0000F0 BA565C06 0
20883 4 3 0000F1 B68D4005 0
20884 4 3 0000F2 8500D945 0
20885 4 3 0000F3 1887CAB0 0
20886 4 3 0000F4 3C2078CF 0
20887 4 3 0000F5 21056EB7 0
20888 4 3 0000F6 18CFE169 0
20889 4 3 0000F7 5C234449 0
20990 0 2 000234 00000000 0
21006 4 3 000230 78D22088 0
21007 4 3 000231 3F71673D 0
21008 4 3 000232 A39FE391 0
21009 4 3 000233 1AED86BC 0
21010 4 3 000234 00000000 0
21011 4 3 000235 00000000 0
21012 4 3 000236 00000000 0
21013 4 3 000237 00000000 0
21015 1 2 000274 00000000 0
21031 4 3 000270 5EDF8F40 0
21032 4 3 000271 F98E33D8 0
21033 4 3 000272 6B4BBAF0 0
21034 4 3 000273 11CD07EA 0
21035 4 3 000274 00000000 0
21036 4 3 000275 00000000 0
21037 4 3 000276 00000000 0
21038 4 3 000277 00000000 0
21040 0 3 000230 00000000 0
21041 0 3 000230 78D22088 0
21042 0 3 000231 3F71673D 0
21043 0 3 000232 A39FE391 0
21044 0 3 000233 1AED86BC 0
21045 0 3 000234 F5EB3653 0
21046 0 3 000235 00000000 0
21047 0 3 000236 00000000 0
21048 0 3 000237 00000000 0
21050 1 3 000270 00000000 0
21051 1 3 000270 5EDF8F40 0
21052 1 3 000271 F98E33D8 0
21053 1 3 000272 6B4BBAF0 0
21054 1 3 000273 11CD07EA 0
21055 1 3 000274 8DC60EA8 0
21056 1 3 000275 00000000 0
21057 1 3 000276 00000000 0
21058 1 3 000277 00000000 0
21060 0 1 000030 00000000 0
21076 4 3 000030 A1765EAA 0
21077 4 3 000031 3930A1D9 0
21078 4 3 000032 1D320B62 0
21079 4 3 000033 03FFDB6A 0
21080 4 3 000034 70B0FC0C 0
21081 4 3 000035 F37A8C4E 0
21082 4 3 000036 F3B2A5C8 0
21083 4 3 000037 9EC43C6F 0
21085 1 1 000070 00000000 0
21101 4 3 000070 D46614E7 0
21102 4 3 000071 43F6EABC 0
21103 4 3 000072 E3D80BD9 0
21104 4 3 000073 EB3EE0A2 0
21105 4 3 000074 B81406B1 0
21106 4 3 000075 E85403FE 0
21107 4 3 000076 EDB34368 0
21108 4 3 000077 AC8C31BF 0
21110 2 2 0002B4 00000000 0
21126 4 3 0002B0 C1E2E37F 0
21127 4 3 0002B1 F384722A 0
21128 4 3 0002B2 ED7CE579 0
21129 4 3 0002B3 F10DA056 0
21130 4 3 0002B4 00000000 0
21131 4 3 0002B5 00000000 0
21132 4 3 0002B6 00000000 0
21133 4 3 0002B7 00000000 0
21135 3 2 0002F4 00000000 0
21151 4 3 0002F0 C25A9B11 0
21152 4 3 0002F1 AA128DD0 0
21153 4 3 0002F2 76097EB4 0
21154 4 3 0002F3 2733F955 0
21155 4 3 0002F4 00000000 0
21156 4 3 0002F5 00000000 0
21157 4 3 0002F6 00000000 0
21158 4 3 0002F7 00000000 0
21160 2 3 0002B0 00000000 0
21161 2 3 0002B0 C1E2E37F 0
21162 2 3 0002B1 F384722A 0
21163 2 3 0002B2 ED7CE579 0
21164 2 3 0002B3 F10DA056 0
21165 2 3 0002B4 50D1B2DF 0
21166 2 3 0002B5 00000000 0
21167 2 3 0002B6 00000000 0
21168 2 3 0002B7 00000000 0
21170 3 3 0002F0 00000000 0
21171 3 3 0002F0 C25A9B11 0
21172 3 3 0002F1 AA128DD0 0
21173 3 3 0002F2 76097EB4 0
21174 3 3 0002F3 2733F955 0
21175 3 3 0002F4 49503847 0
21176 3 3 0002F5 00000000 0
21177 3 3 0002F6 00000000 0
21178 3 3 0002F7 00000000 0
21180 2 1 0000B0 00000000 0
21196 4 3 0000B0 88B55830 0
21197 4 3 0000B1 EBB1A889 0
21198 4 3 0000B2 E82AF87A 0
21199 4 3 0000B3 AA1220DD 0
21200 4 3 0000B4 9D2F6262 0
21201 4 3 0000B5 9255CABB 0
21202 4 3 0000B6 B8C2DB85 0
21203 4 3 0000B7 7DECE296 0
21205 3 1 0000F0 00000000 0
21221 4 3 0000F0 BA565C06 0
21222 4 3 0000F1 B68D4005 0
21223 4 3 0000F2 8500D945 0
21224 4 3 0000F3 1887CAB0 0
21225 4 3 0000F4 3C2078CF 0
21226 4 3 0000F5 21056EB7 0
21227 4 3 0000F6 18CFE169 0
21228 4 3 0000F7 5C234449 0
21329 0 2 000235 00000000 0
21345 4 3 000230 78D22088 0
21346 4 3 000231 3F71673D 0
21347 4 3 000232 A39FE391 0
21348 4 3 000233 1AED86BC 0
21349 4 3 000234 F5EB3653 0
21350 4 3 000235 00000000 0
21351 4 3 000236 00000000 0
21352 4 3 000237 00000000 0
21354 1 2 000275 00000000 0
21370 4 3 000270 5EDF8F40 0
21371 4 3 000271 F98E33D8 0
21372 4 3 000272 6B4BBAF0 0
21373 4 3 000273 11CD07EA 0
21374 4 3 000274 8DC60EA8 0
21375 4 3 000275 00000000 0
21376 4 3 000276 00000000 0
21377 4 3 000277 00000000 0
21379 0 3 000230 00000000 0
21380 0 3 000230 78D22088 0
21381 0 3 000231 3F71673D 0
21382 0 3 000232 A39FE391 0
21383 0 3 000233 1AED86BC 0
21384 0 3 000234 F5EB3653 0
21385 0 3 000235 21D8BC41 0
21386 0 3 000236 00000000 0
21387 0 3 000237 00000000 0
21389 1 3 000270 00000000 0
21390 1 3 000270 5EDF8F40 0
21391 1 3 000271 F98E33D8 0
21392 1 3 000272 6B4BBAF0 0
21393 1 3 000273 11CD07EA 0
21394 1 3 000274 8DC60EA8 0
21395 1 3 000275 D60F9599 0
21396 1 3 000276 00000000 0
21397 1 3 000277 00000000 0
21399 0 1 000030 00000000 0
21415 4 3 000030 A1765EAA 0
21416 4 3 000031 3930A1D9 0
21417 4 3 000032 1D320B62 0
21418 4 3 000033 03FFDB6A 0
21419 4 3 000034 70B0FC0C 0
21420 4 3 000035 F37A8C4E 0
21421 4 3 000036 F3B2A5C8 0
21422 4 3 000037 9EC43C6F 0
21424 1 1 000070 00000000 0
21440 4 3 000070 D46614E7 0
21441 4 3 000071 43F6EABC 0
21442 4 3 000072 E3D80BD9 0
21443 4 3 000073 EB3EE0A2 0
21444 4 3 000074 B81406B1 0
21445 4 3 000075 E85403FE 0
21446 4 3 000076 EDB34368 0
21447 4 3 000077 AC8C31BF 0
21449 2 2 0002B5 00000000 0
21465 4 3 0002B0 C1E2E37F 0
21466 4 3 0002B1 F384722A 0
21467 4 3 0002B2 ED7CE579 0
21468 4 3 0002B3 F10DA056 0
21469 4 3 0002B4 50D1B2DF 0
21470 4 3 0002B5 00000000 0
21471 4 3 0002B6 00000000 0
21472 4 3 0002B7 00000000 0
21474 3 2 0002F5 00000000 0
21490 4 3 0002F0 C25A9B11 0
21491 4 3 0002F1 AA128DD0 0
21492 4 3 0002F2 76097EB4 0
21493 4 3 0002F3 2733F955 0
21494 4 3 0002F4 49503847 0
21495 4 3 0002F5 00000000 0
21496 4 3 0002F6 00000000 0
21497 4 3 0002F7 00000000 0
21499 2 3 0002B0 00000000 0
21500 2 3 0002B0 C1E2E37F 0
21501 2 3 0002B1 F384722A 0
21502 2 3 0002B2 ED7CE579 0
21503 2 3 0002B3 F10DA056 0
21504 2 3 0002B4 50D1B2DF 0
21505 2 3 0002B5 9950FF7B 0
21506 2 3 0002B6 00000000 0
21507 2 3 0002B7 00000000 0
21509 3 3 0002F0 00000000 0
21510 3 3 0002F0 C25A9B11 0
21511 3 3 0002F1 AA128DD0 0
21512 3 3 0002F2 76097EB4 0
21513 3 3 0002F3 2733F955 0
21514 3 3 0002F4 49503847 0
21515 3 3 0002F5 DECBBA1E 0
21516 3 3 0002F6 00000000 0
21517 3 3 0002F7 00000000 0
21519 2 1 0000B0 00000000 0
21535 4 3 0000B0 88B55830 0
21536 4 3 0000B1 EBB1A889 0
21537 4 3 0000B2 E82AF87A 0
21538 4 3 0000B3 AA1220DD 0
21539 4 3 0000B4 9D2F6262 0
21540 4 3 0000B5 9255CABB 0
21541 4 3 0000B6 B8C2DB85 0
21542 4 3 0000B7 7DECE296 0
21544 3 1 0000F0 00000000 0
21560 4 3 0000F0 BA565C06 0
21561 4 3 0000F1 B68D4005 0
21562 4 3 0000F2 8500D945 0
21563 4 3 0000F3 1887CAB0 0
21564 4 3 0000F4 3C2078CF 0
21565 4 3 0000F5 21056EB7 0
21566 4 3 0000F6 18CFE169 0
21567 4 3 0000F7 5C234449 0
21668 0 2 000236 00000000 0
21684 4 3 000230 78D22088 0
21685 4 3 000231 3F71673D 0
21686 4 3 000232 A39FE391 0
21687 4 3 000233 1AED86BC 0
21688 4 3 000234 F5EB3653 0
21689 4 3 000235 21D8BC41 0
21690 4 3 000236 00000000 0
21691 4 3 000237 00000000 0
21693 1 2 000276 00000000 0
21709 4 3 000270 5EDF8F40 0
21710 4 3 000271 F98E33D8 0
21711 4 3 000272 6B4BBAF0 0
21712 4 3 000273 11CD07EA 0
21713 4 3 000274 8DC60EA8 0
21714 4 3 000275 D60F9599 0
21715 4 3 000276 00000000 0
21716 4 3 000277 00000000 0
21718 0 3 000230 00000000 0
21719 0 3 000230 78D22088 0
21720 0 3 000231 3F71673D 0
21721 0 3 000232 A39FE391 0
21722 0 3 000233 1AED86BC 0
21723 0 3 000234 F5EB3653 0
21724 0 3 000235 21D8BC41 0
21725 0 3 000236 4B86BBD8 0
21726 0 3 000237 00000000 0
21728 1 3 000270 00000000 0
21729 1 3 000270 5EDF8F40 0
21730 1 3 000271 F98E33D8 0
21731 1 3 000272 6B4BBAF0 0
21732 1 3 000273 11CD07EA 0
21733 1 3 000274 8DC60EA8 0
21734 1 3 000275 D60F9599 0
21735 1 3 000276 32CC27EF 0
21736 1 3 000277 00000000 0
21738 0 1 000030 00000000 0
21754 4 3 000030 A1765EAA 0
21755 4 3 000031 3930A1D9 0
21756 4 3 000032 1D320B62 0
21757 4 3 000033 03FFDB6A 0
21758 4 3 000034 70B0FC0C 0
21759 4 3 000035 F37A8C4E 0
21760 4 3 000036 F3B2A5C8 0
21761 4 3 000037 9EC43C6F 0
21763 1 1 000070 00000000 0
21779 4 3 000070 D46614E7 0
21780 4 3 000071 43F6EABC 0
21781 4 3 000072 E3D80BD9 0
21782 4 3 000073 EB3EE0A2 0
21783 4 3 000074 B81406B1 0
21784 4 3 000075 E85403FE 0
21785 4 3 000076 EDB34368 0
21786 4 3 000077 AC8C31BF 0
21788 2 2 0002B6 00000000 0
21804 4 3 0002B0 C1E2E37F 0
21805 4 3 0002B1 F384722A 0
21806 4 3 0002B2 ED7CE579 0
21807 4 3 0002B3 F10DA056 0
21808 4 3 0002B4 50D1B2DF 0
21809 4 3 0002B5 9950FF7B 0
21810 4 3 0002B6 00000000 0
21811 4 3 0002B7 00000000 0
21813 3 2 0002F6 00000000 0
21829 4 3 0002F0 C25A9B11 0
21830 4 3 0002F1 AA128DD0 0
21831 4 3 0002F2 76097EB4 0
21832 4 3 0002F3 2733F955 0
21833 4 3 0002F4 49503847 0
21834 4 3 0002F5 DECBBA1E 0
21835 4 3 0002F6 00000000 0
21836 4 3 0002F7 00000000 0
21838 2 3 0002B0 00000000 0
21839 2 3 0002B0 C1E2E37F 0
21840 2 3 0002B1 F384722A 0
21841 2 3 0002B2 ED7CE579 0
21842 2 3 0002B3 F10DA056 0
21843 2 3 0002B4 50D1B2DF 0
21844 2 3 0002B5 9950FF7B 0
21845 2 3 0002B6 3F757AD9 0
21846 2 3 0002B7 00000000 0
21848 3 3 0002F0 00000000 0
21849 3 3 0002F0 C25A9B11 0
21850 3 3 0002F1 AA128DD0 0
21851 3 3 0002F2 76097EB4 0
21852 3 3 0002F3 2733F955 0
21853 3 3 0002F4 49503847 0
21854 3 3 0002F5 DECBBA1E 0
21855 3 3 0002F6 891A138A 0
21856 3 3 0002F7 00000000 0
21858 2 1 0000B0 00000000 0
21874 4 3 0000B0 88B55830 0
21875 4 3 0000B1 EBB1A889 0
21876 4 3 0000B2 E82AF87A 0
21877 4 3 0000B3 AA1220DD 0
21878 4 3 0000B4 9D2F6262 0
21879 4 3 0000B5 9255CABB 0
21880 4 3 0000B6 B8C2DB85 0
21881 4 3 0000B7 7DECE296 0
21883 3 1 0000F0 00000000 0
21899 4 3 0000F0 BA565C06 0
21900 4 3 0000F1 B68D4005 0
21901 4 3 0000F2 8500D945 0
21902 4 3 0000F3 1887CAB0 0
21903 4 3 0000F4 3C2078CF 0
21904 4 3 0000F5 21056EB7 0
21905 4 3 0000F6 18CFE169 0
21906 4 3 0000F7 5C234449 0
22007 0 2 000237 00000000 0
22023 4 3 000230 78D22088 0
22024 4 3 000231 3F71673D 0
22025 4 3 000232 A39FE391 0
22026 4 3 000233 1AED86BC 0
22027 4 3 000234 F5EB3653 0
22028 4 3 000235 21D8BC41 0
22029 4 3 000236 4B86BBD8 0
22030 4 3 000237 00000000 0
22032 1 2 000277 00000000 0
22048 4 3 000270 5EDF8F40 0
22049 4 3 000271 F98E33D8 0
22050 4 3 000272 6B4BBAF0 0
22051 4 3 000273 11CD07EA 0
22052 4 3 000274 8DC60EA8 0
22053 4 3 000275 D60F9599 0
22054 4 3 000276 32CC27EF 0
22055 4 3 000277 00000000 0
22057 0 3 000230 00000000 0
22058 0 3 000230 78D22088 0
22059 0 3 000231 3F71673D 0
22060 0 3 000232 A39FE391 0
22061 0 3 000233 1AED86BC 0
22062 0 3 000234 F5EB3653 0
22063 0 3 000235 21D8BC41 0
22064 0 3 000236 4B86BBD8 0
22065 0 3 000237 2234805B 0
22067 1 3 000270 00000000 0
22068 1 3 000270 5EDF8F40 0
22069 1 3 000271 F98E33D8 0
22070 1 3 000272 6B4BBAF0 0
22071 1 3 000273 11CD07EA 0
22072 1 3 000274 8DC60EA8 0
22073 1 3 000275 D60F9599 0
22074 1 3 000276 32CC27EF 0
22075 1 3 000277 A388477D 0
22077 0 1 000030 00000000 0
22093 4 3 000030 A1765EAA 0
22094 4 3 000031 3930A1D9 0
22095 4 3 000032 1D320B62 0
22096 4 3 000033 03FFDB6A 0
22097 4 3 000034 70B0FC0C 0
22098 4 3 000035 F37A8C4E 0
22099 4 3 000036 F3B2A5C8 0
22100 4 3 000037 9EC43C6F 0
22102 1 1 000070 00000000 0
22118 4 3 000070 D46614E7 0
22119 4 3 000071 43F6EABC 0
22120 4 3 000072 E3D80BD9 0
22121 4 3 000073 EB3EE0A2 0
22122 4 3 000074 B81406B1 0
22123 4 3 000075 E85403FE 0
22124 4 3 000076 EDB34368 0
22125 4 3 000077 AC8C31BF 0
22127 2 2 0002B7 00000000 0
22143 4 3 0002B0 C1E2E37F 0
22144 4 3 0002B1 F384722A 0
22145 4 3 0002B2 ED7CE579 0
22146 4 3 0002B3 F10DA056 0
22147 4 3 0002B4 50D1B2DF 0
22148 4 3 0002B5 9950FF7B 0
22149 4 3 0002B6 3F757AD9 0
22150 4 3 0002B7 00000000 0
22152 3 2 0002F7 00000000 0
22168 4 3 0002F0 C25A9B11 0
22169 4 3 0002F1 AA128DD0 0
22170 4 3 0002F2 76097EB4 0
22171 4 3 0002F3 2733F955 0
22172 4 3 0002F4 49503847 0
22173 4 3 0002F5 DECBBA1E 0
22174 4 3 0002F6 891A138A 0
22175 4 3 0002F7 00000000 0
22177 2 3 0002B0 00000000 0
22178 2 3 0002B0 C1E2E37F 0
22179 2 3 0002B1 F384722A 0
22180 2 3 0002B2 ED7CE579 0
22181 2 3 0002B3 F10DA056 0
22182 2 3 0002B4 50D1B2DF 0
22183 2 3 0002B5 9950FF7B 0
22184 2 3 0002B6 3F757AD9 0
22185 2 3 0002B7 871D1472 0
22187 3 3 0002F0 00000000 0
22188 3 3 0002F0 C25A9B11 0
22189 3 3 0002F1 AA128DD0 0
22190 3 3 0002F2 76097EB4 0
22191 3 3 0002F3 2733F955 0
22192 3 3 0002F4 49503847 0
22193 3 3 0002F5 DECBBA1E 0
22194 3 3 0002F6 891A138A 0
22195 3 3 0002F7 66BFD0A9 0
22197 2 1 0000B0 00000000 0
22213 4 3 0000B0 88B55830 0
22214 4 3 0000B1 EBB1A889 0
22215 4 3 0000B2 E82AF87A 0
22216 4 3 0000B3 AA1220DD 0
22217 4 3 0000B4 9D2F6262 0
22218 4 3 0000B5 9255CABB 0
22219 4 3 0000B6 B8C2DB85 0
22220 4 3 0000B7 7DECE296 0
22222 3 1 0000F0 00000000 0
22238 4 3 0000F0 BA565C06 0
22239 4 3 0000F1 B68D4005 0
22240 4 3 0000F2 8500D945 0
22241 4 3 0000F3 1887CAB0 0
22242 4 3 0000F4 3C2078CF 0
22243 4 3 0000F5 21056EB7 0
22244 4 3 0000F6 18CFE169 0
22245 4 3 0000F7 5C234449 0
22346 0 2 000238 00000000 0
22362 4 3 000238 00000000 0
22363 4 3 000239 00000000 0
22364 4 3 00023A 00000000 0
22365 4 3 00023B 00000000 0
22366 4 3 00023C 00000000 0
22367 4 3 00023D 00000000 0
22368 4 3 00023E 00000000 0
22369 4 3 00023F 00000000 0
22371 1 2 000278 00000000 0
22387 4 3 000278 00000000 0
22388 4 3 000279 00000000 0
22389 4 3 00027A 00000000 0
22390 4 3 00027B 00000000 0
22391 4 3 00027C 00000000 0
22392 4 3 00027D 00000000 0
22393 4 3 00027E 00000000 0
22394 4 3 00027F 00000000 0
22466 2 2 0002B8 00000000 0
22482 4 3 0002B8 00000000 0
22483 4 3 0002B9 00000000 0
22484 4 3 0002BA 00000000 0
22485 4 3 0002BB 00000000 0
22486 4 3 0002BC 00000000 0
22487 4 3 0002BD 00000000 0
22488 4 3 0002BE 00000000 0
22489 4 3 0002BF 00000000 0
22491 3 2 0002F8 00000000 0
22507 4 3 0002F8 00000000 0
22508 4 3 0002F9 00000000 0
22509 4 3 0002FA 00000000 0
22510 4 3 0002FB 00000000 0
22511 4 3 0002FC 00000000 0
22512 4 3 0002FD 00000000 0
22513 4 3 0002FE 00000000 0
22514 4 3 0002FF 00000000 0
22516 0 3 000238 00000000 0
22517 0 3 000238 80F2AA3E 0
22518 0 3 000239 00000000 0
22519 0 3 00023A 00000000 0
22520 0 3 00023B 00000000 0
22521 0 3 00023C 00000000 0
22522 0 3 00023D 00000000 0
22523 0 3 00023E 00000000 0
22524 0 3 00023F 00000000 0
22526 1 3 000278 00000000 0
22527 1 3 000278 E5B41718 0
22528 1 3 000279 00000000 0
22529 1 3 00027A 00000000 0
22530 1 3 00027B 00000000 0
22531 1 3 00027C 00000000 0
22532 1 3 00027D 00000000 0
22533 1 3 00027E 00000000 0
22534 1 3 00027F 00000000 0
22536 0 1 000038 00000000 0
22552 4 3 000038 43CBD030 0
22553 4 3 000039 4A4E8509 0
22554 4 3 00003A 0DAAC16C 0
22555 4 3 00003B 1C1BCF1D 0
22556 4 3 00003C D9D5315D 0
22557 4 3 00003D 5BF88BCF 0
22558 4 3 00003E 9BE44D96 0
22559 4 3 00003F 6B1EA866 0
22561 1 1 000078 00000000 0
22577 4 3 000078 0FD7A3E3 0
22578 4 3 000079 4D2F9CD8 0
22579 4 3 00007A C41ABB91 0
22580 4 3 00007B 7BE31637 0
22581 4 3 00007C 67CDDFD0 0
22582 4 3 00007D F3D57FC7 0
22583 4 3 00007E 32D67B19 0
22584 4 3 00007F 728973D9 0
22619 2 3 0002B8 00000000 0
22620 2 3 0002B8 34E48541 0
22621 2 3 0002B9 00000000 0
22622 2 3 0002BA 00000000 0
22623 2 3 0002BB 00000000 0
22624 2 3 0002BC 00000000 0
22625 2 3 0002BD 00000000 0
22626 2 3 0002BE 00000000 0
22627 2 3 0002BF 00000000 0
22629 2 1 0000B8 00000000 0
22645 4 3 0000B8 19939C1A 0
22646 4 3 0000B9 66325BC0 0
22647 4 3 0000BA FA44661E 0
22648 4 3 0000BB AA9B42ED 0
22649 4 3 0000BC EBA5658F 0
22650 4 3 0000BD 4606B37D 0
22651 4 3 0000BE 7ED0D012 0
22652 4 3 0000BF 1CCF5699 0
22654 3 3 0002F8 00000000 0
22655 3 3 0002F8 5FE17341 0
22656 3 3 0002F9 00000000 0
22657 3 3 0002FA 00000000 0
22658 3 3 0002FB 00000000 0
22659 3 3 0002FC 00000000 0
22660 3 3 0002FD 00000000 0
22661 3 3 0002FE 00000000 0
22662 3 3 0002FF 00000000 0
22664 3 1 0000F8 00000000 0
22680 4 3 0000F8 4B116965 0
22681 4 3 0000F9 4AD767AF 0
22682 4 3 0000FA 3A6982A4 0
22683 4 3 0000FB 08F3D37A 0
22684 4 3 0000FC 829941E9 0
22685 4 3 0000FD 8817E1BA 0
22686 4 3 0000FE 3E2970C5 0
22687 4 3 0000FF 0675DE2E 0
22689 0 2 000239 00000000 0
22705 4 3 000238 80F2AA3E 0
22706 4 3 000239 00000000 0
22707 4 3 00023A 00000000 0
22708 4 3 00023B 00000000 0
22709 4 3 00023C 00000000 0
22710 4 3 00023D 00000000 0
22711 4 3 00023E 00000000 0
22712 4 3 00023F 00000000 0
22714 1 2 000279 00000000 0
22730 4 3 000278 E5B41718 0
22731 4 3 000279 00000000 0
22732 4 3 00027A 00000000 0
22733 4 3 00027B 00000000 0
22734 4 3 00027C 00000000 0
22735 4 3 00027D 00000000 0
22736 4 3 00027E 00000000 0
22737 4 3 00027F 00000000 0
22778 2 2 0002B9 00000000 0
22794 4 3 0002B8 34E48541 0
22795 4 3 0002B9 00000000 0
22796 4 3 0002BA 00000000 0
22797 4 3 0002BB 00000000 0
22798 4 3 0002BC 00000000 0
22799 4 3 0002BD 00000000 0
22800 4 3 0002BE 00000000 0
22801 4 3 0002BF 00000000 0
22813 3 2 0002F9 00000000 0
22829 4 3 0002F8 5FE17341 0
22830 4 3 0002F9 00000000 0
22831 4 3 0002FA 00000000 0
22832 4 3 0002FB 00000000 0
22833 4 3 0002FC 00000000 0
22834 4 3 0002FD 00000000 0
22835 4 3 0002FE 00000000 0
22836 4 3 0002FF 00000000 0
22842 0 3 000238 00000000 0
22843 0 3 000238 80F2AA3E 0
22844 0 3 000239 5A192C82 0
22845 0 3 00023A 00000000 0
22846 0 3 00023B 00000000 0
22847 0 3 00023C 00000000 0
22848 0 3 00023D 00000000 0
22849 0 3 00023E 00000000 0
22850 0 3 00023F 00000000 0
22852 0 1 000038 00000000 0
22868 4 3 000038 43CBD030 0
22869 4 3 000039 4A4E8509 0
22870 4 3 00003A 0DAAC16C 0
22871 4 3 00003B 1C1BCF1D 0
22872 4 3 00003C D9D5315D 0
22873 4 3 00003D 5BF88BCF 0
22874 4 3 00003E 9BE44D96 0
22875 4 3 00003F 6B1EA866 0
22877 1 3 000278 00000000 0
22878 1 3 000278 E5B41718 0
22879 1 3 000279 24733DBE 0
22880 1 3 00027A 00000000 0
22881 1 3 00027B 00000000 0
22882 1 3 00027C 00000000 0
22883 1 3 00027D 00000000 0
22884 1 3 00027E 00000000 0
22885 1 3 00027F 00000000 0
22887 1 1 000078 00000000 0
22903 4 3 000078 0FD7A3E3 0
22904 4 3 000079 4D2F9CD8 0
22905 4 3 00007A C41ABB91 0
22906 4 3 00007B 7BE31637 0
22907 4 3 00007C 67CDDFD0 0
22908 4 3 00007D F3D57FC7 0
22909 4 3 00007E 32D67B19 0
22910 4 3 00007F 728973D9 0
22931 2 3 0002B8 00000000 0
22932 2 3 0002B8 34E48541 0
22933 2 3 0002B9 7DCF74FF 0
22934 2 3 0002BA 00000000 0
22935 2 3 0002BB 00000000 0
22936 2 3 0002BC 00000000 0
22937 2 3 0002BD 00000000 0
22938 2 3 0002BE 00000000 0
22939 2 3 0002BF 00000000 0
22941 2 1 0000B8 00000000 0
22957 4 3 0000B8 19939C1A 0
22958 4 3 0000B9 66325BC0 0
22959 4 3 0000BA FA44661E 0
22960 4 3 0000BB AA9B42ED 0
22961 4 3 0000BC EBA5658F 0
22962 4 3 0000BD 4606B37D 0
22963 4 3 0000BE 7ED0D012 0
22964 4 3 0000BF 1CCF5699 0
22966 3 3 0002F8 00000000 0
22967 3 3 0002F8 5FE17341 0
22968 3 3 0002F9 FA23775A 0
22969 3 3 0002FA 00000000 0
22970 3 3 0002FB 00000000 0
22971 3 3 0002FC 00000000 0
22972 3 3 0002FD 00000000 0
22973 3 3 0002FE 00000000 0
22974 3 3 0002FF 00000000 0
22976 3 1 0000F8 00000000 0
22992 4 3 0000F8 4B116965 0
22993 4 3 0000F9 4AD767AF 0
22994 4 3 0000FA 3A6982A4 0
22995 4 3 0000FB 08F3D37A 0
22996 4 3 0000FC 829941E9 0
22997 4 3 0000FD 8817E1BA 0
22998 4 3 0000FE 3E2970C5 0
22999 4 3 0000FF 0675DE2E 0
23001 0 2 00023A 00000000 0
23017 4 3 000238 80F2AA3E 0
23018 4 3 000239 5A192C82 0
23019 4 3 00023A 00000000 0
23020 4 3 00023B 00000000 0
23021 4 3 00023C 00000000 0
23022 4 3 00023D 00000000 0
23023 4 3 00023E 00000000 0
23024 4 3 00023F 00000000 0
23036 1 2 00027A 00000000 0
23052 4 3 000278 E5B41718 0
23053 4 3 000279 24733DBE 0
23054 4 3 00027A 00000000 0
23055 4 3 00027B 00000000 0
23056 4 3 00027C 00000000 0
23057 4 3 00027D 00000000 0
23058 4 3 00027E 00000000 0
23059 4 3 00027F 00000000 0
23090 2 2 0002BA 00000000 0
23106 4 3 0002B8 34E48541 0
23107 4 3 0002B9 7DCF74FF 0
23108 4 3 0002BA 00000000 0
23109 4 3 0002BB 00000000 0
23110 4 3 0002BC 00000000 0
23111 4 3 0002BD 00000000 0
23112 4 3 0002BE 00000000 0
23113 4 3 0002BF 00000000 0
23125 3 2 0002FA 00000000 0
23141 4 3 0002F8 5FE17341 0
23142 4 3 0002F9 FA23775A 0
23143 4 3 0002FA 00000000 0
23144 4 3 0002FB 00000000 0
23145 4 3 0002FC 00000000 0
23146 4 3 0002FD 00000000 0
23147 4 3 0002FE 00000000 0
23148 4 3 0002FF 00000000 0
23154 0 3 000238 00000000 0
23155 0 3 000238 80F2AA3E 0
23156 0 3 000239 5A192C82 0
23157 0 3 00023A FEE42B41 0
23158 0 3 00023B 00000000 0
23159 0 3 00023C 00000000 0
23160 0 3 00023D 00000000 0
23161 0 3 00023E 00000000 0
23162 0 3 00023F 00000000 0
23164 0 1 000038 00000000 0
23180 4 3 000038 43CBD030 0
23181 4 3 000039 4A4E8509 0
23182 4 3 00003A 0DAAC16C 0
23183 4 3 00003B 1C1BCF1D 0
23184 4 3 00003C D9D5315D 0
23185 4 3 00003D 5BF88BCF 0
23186 4 3 00003E 9BE44D96 0
23187 4 3 00003F 6B1EA866 0
23189 1 3 000278 00000000 0
23190 1 3 000278 E5B41718 0
23191 1 3 000279 24733DBE 0
23192 1 3 00027A C3823DDB 0
23193 1 3 00027B 00000000 0
23194 1 3 00027C 00000000 0
23195 1 3 00027D 00000000 0
23196 1 3 00027E 00000000 0
23197 1 3 00027F 00000000 0
23199 1 1 000078 00000000 0
23215 4 3 000078 0FD7A3E3 0
23216 4 3 000079 4D2F9CD8 0
23217 4 3 00007A C41ABB91 0
23218 4 3 00007B 7BE31637 0
23219 4 3 00007C 67CDDFD0 0
23220 4 3 00007D F3D57FC7 0
23221 4 3 00007E 32D67B19 0
23222 4 3 00007F 728973D9 0
23243 2 3 0002B8 00000000 0
23244 2 3 0002B8 34E48541 0
23245 2 3 0002B9 7DCF74FF 0
23246 2 3 0002BA 64723E44 0
23247 2 3 0002BB 00000000 0
23248 2 3 0002BC 00000000 0
23249 2 3 0002BD 00000000 0
23250 2 3 0002BE 00000000 0
23251 2 3 0002BF 00000000 0
23253 2 1 0000B8 00000000 0
23269 4 3 0000B8 19939C1A 0
23270 4 3 0000B9 66325BC0 0
23271 4 3 0000BA FA44661E 0
23272 4 3 0000BB AA9B42ED 0
23273 4 3 0000BC EBA5658F 0
23274 4 3 0000BD 4606B37D 0
23275 4 3 0000BE 7ED0D012 0
23276 4 3 0000BF 1CCF5699 0
23278 3 3 0002F8 00000000 0
23279 3 3 0002F8 5FE17341 0
23280 3 3 0002F9 FA23775A 0
23281 3 3 0002FA FF9CE680 0
23282 3 3 0002FB 00000000 0
23283 3 3 0002FC 00000000 0
23284 3 3 0002FD 00000000 0
23285 3 3 0002FE 00000000 0
23286 3 3 0002FF 00000000 0
23288 3 1 0000F8 00000000 0
23304 4 3 0000F8 4B116965 0
23305 4 3 0000F9 4AD767AF 0
23306 4 3 0000FA 3A6982A4 0
23307 4 3 0000FB 08F3D37A 0
23308 4 3 0000FC 829941E9 0
23309 4 3 0000FD 8817E1BA 0
23310 4 3 0000FE 3E2970C5 0
23311 4 3 0000FF 0675DE2E 0
23313 0 2 00023B 00000000 0
23329 4 3 000238 80F2AA3E 0
23330 4 3 000239 5A192C82 0
23331 4 3 00023A FEE42B41 0
23332 4 3 00023B 00000000 0
23333 4 3 00023C 00000000 0
23334 4 3 00023D 00000000 0
23335 4 3 00023E 00000000 0
23336 4 3 00023F 00000000 0
23348 1 2 00027B 00000000 0
23364 4 3 000278 E5B41718 0
23365 4 3 000279 24733DBE 0
23366 4 3 00027A C3823DDB 0
23367 4 3 00027B 00000000 0
23368 4 3 00027C 00000000 0
23369 4 3 00027D 00000000 0
23370 4 3 00027E 00000000 0
23371 4 3 00027F 00000000 0
23402 2 2 0002BB 00000000 0
23418 4 3 0002B8 34E48541 0
23419 4 3 0002B9 7DCF74FF 0
23420 4 3 0002BA 64723E44 0
23421 4 3 0002BB 00000000 0
23422 4 3 0002BC 00000000 0
23423 4 3 0002BD 00000000 0
23424 4 3 0002BE 00000000 0
23425 4 3 0002BF 00000000 0
23437 3 2 0002FB 00000000 0
23453 4 3 0002F8 5FE17341 0
23454 4 3 0002F9 FA23775A 0
23455 4 3 0002FA FF9CE680 0
23456 4 3 0002FB 00000000 0
23457 4 3 0002FC 00000000 0
23458 4 3 0002FD 00000000 0
23459 4 3 0002FE 00000000 0
23460 4 3 0002FF 00000000 0
23466 0 3 000238 00000000 0
23467 0 3 000238 80F2AA3E 0
23468 0 3 000239 5A192C82 0
23469 0 3 00023A FEE42B41 0
23470 0 3 00023B F57AA651 0
23471 0 3 00023C 00000000 0
23472 0 3 00023D 00000000 0
23473 0 3 00023E 00000000 0
23474 0 3 00023F 00000000 0
23476 0 1 000038 00000000 0
23492 4 3 000038 43CBD030 0
23493 4 3 000039 4A4E8509 0
23494 4 3 00003A 0DAAC16C 0
23495 4 3 00003B 1C1BCF1D 0
23496 4 3 00003C D9D5315D 0
23497 4 3 00003D 5BF88BCF 0
23498 4 3 00003E 9BE44D96 0
23499 4 3 00003F 6B1EA866 0
23501 1 3 000278 00000000 0
23502 1 3 000278 E5B41718 0
23503 1 3 000279 24733DBE 0
23504 1 3 00027A C3823DDB 0
23505 1 3 00027B 487700BC 0
23506 1 3 00027C 00000000 0
23507 1 3 00027D 00000000 0
23508 1 3 00027E 00000000 0
23509 1 3 00027F 00000000 0
23511 1 1 000078 00000000 0
23527 4 3 000078 0FD7A3E3 0
23528 4 3 000079 4D2F9CD8 0
23529 4 3 00007A C41ABB91 0
23530 4 3 00007B 7BE31637 0
23531 4 3 00007C 67CDDFD0 0
23532 4 3 00007D F3D57FC7 0
23533 4 3 00007E 32D67B19 0
23534 4 3 00007F 728973D9 0
23555 2 3 0002B8 00000000 0
23556 2 3 0002B8 34E48541 0
23557 2 3 0002B9 7DCF74FF 0
23558 2 3 0002BA 64723E44 0
23559 2 3 0002BB 64986192 0
23560 2 3 0002BC 00000000 0
23561 2 3 0002BD 00000000 0
23562 2 3 0002BE 00000000 0
23563 2 3 0002BF 00000000 0
23565 2 1 0000B8 00000000 0
23581 4 3 0000B8 19939C1A 0
23582 4 3 0000B9 66325BC0 0
23583 4 3 0000BA FA44661E 0
23584 4 3 0000BB AA9B42ED 0
23585 4 3 0000BC EBA5658F 0
23586 4 3 0000BD 4606B37D 0
23587 4 3 0000BE 7ED0D012 0
23588 4 3 0000BF 1CCF5699 0
23590 3 3 0002F8 00000000 0
23591 3 3 0002F8 5FE17341 0
23592 3 3 0002F9 FA23775A 0
23593 3 3 0002FA FF9CE680 0
23594 3 3 0002FB 5460768A 0
23595 3 3 0002FC 00000000 0
23596 3 3 0002FD 00000000 0
23597 3 3 0002FE 00000000 0
23598 3 3 0002FF 00000000 0
23600 3 1 0000F8 00000000 0
23616 4 3 0000F8 4B116965 0
23617 4 3 0000F9 4AD767AF 0
23618 4 3 0000FA 3A6982A4 0
23619 4 3 0000FB 08F3D37A 0
23620 4 3 0000FC 829941E9 0
23621 4 3 0000FD 8817E1BA 0
23622 4 3 0000FE 3E2970C5 0
23623 4 3 0000FF 0675DE2E 0
23625 0 2 00023C 00000000 0
23641 4 3 000238 80F2AA3E 0
23642 4 3 000239 5A192C82 0
23643 4 3 00023A FEE42B41 0
23644 4 3 00023B F57AA651 0
23645 4 3 00023C 00000000 0
23646 4 3 00023D 00000000 0
23647 4 3 00023E 00000000 0
23648 4 3 00023F 00000000 0
23660 1 2 00027C 00000000 0
23676 4 3 000278 E5B41718 0
23677 4 3 000279 24733DBE 0
23678 4 3 00027A C3823DDB 0
23679 4 3 00027B 487700BC 0
23680 4 3 00027C 00000000 0
23681 4 3 00027D 00000000 0
23682 4 3 00027E 00000000 0
23683 4 3 00027F 00000000 0
23714 2 2 0002BC 00000000 0
23730 4 3 0002B8 34E48541 0
23731 4 3 0002B9 7DCF74FF 0
23732 4 3 0002BA 64723E44 0
23733 4 3 0002BB 64986192 0
23734 4 3 0002BC 00000000 0
23735 4 3 0002BD 00000000 0
23736 4 3 0002BE 00000000 0
23737 4 3 0002BF 00000000 0
23749 3 2 0002FC 00000000 0
23765 4 3 0002F8 5FE17341 0
23766 4 3 0002F9 FA23775A 0
23767 4 3 0002FA FF9CE680 0
23768 4 3 0002FB 5460768A 0
23769 4 3 0002FC 00000000 0
23770 4 3 0002FD 00000000 0
23771 4 3 0002FE 00000000 0
23772 4 3 0002FF 00000000 0
23778 0 3 000238 00000000 0
23779 0 3 000238 80F2AA3E 0
23780 0 3 000239 5A192C82 0
23781 0 3 00023A FEE42B41 0
23782 0 3 00023B F57AA651 0
23783 0 3 00023C D8153714 0
23784 0 3 00023D 00000000 0
23785 0 3 00023E 00000000 0
23786 0 3 00023F 00000000 0
23788 0 1 000038 00000000 0
23804 4 3 000038 43CBD030 0
23805 4 3 000039 4A4E8509 0
23806 4 3 00003A 0DAAC16C 0
23807 4 3 00003B 1C1BCF1D 0
23808 4 3 00003C D9D5315D 0
23809 4 3 00003D 5BF88BCF 0
23810 4 3 00003E 9BE44D96 0
23811 4 3 00003F 6B1EA866 0
23813 1 3 000278 00000000 0
23814 1 3 000278 E5B41718 0
23815 1 3 000279 24733DBE 0
23816 1 3 00027A C3823DDB 0
23817 1 3 00027B 487700BC 0
23818 1 3 00027C 1EAA71A4 0
23819 1 3 00027D 00000000 0
23820 1 3 00027E 00000000 0
23821 1 3 00027F 00000000 0
23823 1 1 000078 00000000 0
23839 4 3 000078 0FD7A3E3 0
23840 4 3 000079 4D2F9CD8 0
23841 4 3 00007A C41ABB91 0
23842 4 3 00007B 7BE31637 0
23843 4 3 00007C 67CDDFD0 0
23844 4 3 00007D F3D57FC7 0
23845 4 3 00007E 32D67B19 0
23846 4 3 00007F 728973D9 0
23867 2 3 0002B8 00000000 0
23868 2 3 0002B8 34E48541 0
23869 2 3 0002B9 7DCF74FF 0
23870 2 3 0002BA 64723E44 0
23871 2 3 0002BB 64986192 0
23872 2 3 0002BC 16D7469C 0
23873 2 3 0002BD 00000000 0
23874 2 3 0002BE 00000000 0
23875 2 3 0002BF 00000000 0
23877 2 1 0000B8 00000000 0
23893 4 3 0000B8 19939C1A 0
23894 4 3 0000B9 66325BC0 0
23895 4 3 0000BA FA44661E 0
23896 4 3 0000BB AA9B42ED 0
23897 4 3 0000BC EBA5658F 0
23898 4 3 0000BD 4606B37D 0
23899 4 3 0000BE 7ED0D012 0
23900 4 3 0000BF 1CCF5699 0
23902 3 3 0002F8 00000000 0
23903 3 3 0002F8 5FE17341 0
23904 3 3 0002F9 FA23775A 0
23905 3 3 0002FA FF9CE680 0
23906 3 3 0002FB 5460768A 0
23907 3 3 0002FC F0B49F82 0
23908 3 3 0002FD 00000000 0
23909 3 3 0002FE 00000000 0
23910 3 3 0002FF 00000000 0
23912 3 1 0000F8 00000000 0
23928 4 3 0000F8 4B116965 0
23929 4 3 0000F9 4AD767AF 0
23930 4 3 0000FA 3A6982A4 0
23931 4 3 0000FB 08F3D37A 0
23932 4 3 0000FC 829941E9 0
23933 4 3 0000FD 8817E1BA 0
23934 4 3 0000FE 3E2970C5 0
23935 4 3 0000FF 0675DE2E 0
23937 0 2 00023D 00000000 0
23953 4 3 000238 80F2AA3E 0
23954 4 3 000239 5A192C82 0
23955 4 3 00023A FEE42B41 0
23956 4 3 00023B F57AA651 0
23957 4 3 00023C D8153714 0
23958 4 3 00023D 00000000 0
23959 4 3 00023E 00000000 0
23960 4 3 00023F 00000000 0
23972 1 2 00027D 00000000 0
23988 4 3 000278 E5B41718 0
23989 4 3 000279 24733DBE 0
23990 4 3 00027A C3823DDB 0
23991 4 3 00027B 487700BC 0
23992 4 3 00027C 1EAA71A4 0
23993 4 3 00027D 00000000 0
23994 4 3 00027E 00000000 0
23995 4 3 00027F 00000000 0
24026 2 2 0002BD 00000000 0
24042 4 3 0002B8 34E48541 0
24043 4 3 0002B9 7DCF74FF 0
24044 4 3 0002BA 64723E44 0
24045 4 3 0002BB 64986192 0
24046 4 3 0002BC 16D7469C 0
24047 4 3 0002BD 00000000 0
24048 4 3 0002BE 00000000 0
24049 4 3 0002BF 00000000 0
24061 3 2 0002FD 00000000 0
24077 4 3 0002F8 5FE17341 0
24078 4 3 0002F9 FA23775A 0
24079 4 3 0002FA FF9CE680 0
24080 4 3 0002FB 5460768A 0
24081 4 3 0002FC F0B49F82 0
24082 4 3 0002FD 00000000 0
24083 4 3 0002FE 00000000 0
24084 4 3 0002FF 00000000 0
24090 0 3 000238 00000000 0
24091 0 3 000238 80F2AA3E 0
24092 0 3 000239 5A192C82 0
24093 0 3 00023A FEE42B41 0
24094 0 3 00023B F57AA651 0
24095 0 3 00023C D8153714 0
24096 0 3 00023D 0574E915 0
24097 0 3 00023E 00000000 0
24098 0 3 00023F 00000000 0
24100 0 1 000038 00000000 0
24116 4 3 000038 43CBD030 0
24117 4 3 000039 4A4E8509 0
24118 4 3 00003A 0DAAC16C 0
24119 4 3 00003B 1C1BCF1D 0
24120 4 3 00003C D9D5315D 0
24121 4 3 00003D 5BF88BCF 0
24122 4 3 00003E 9BE44D96 0
24123 4 3 00003F 6B1EA866 0
24125 1 3 000278 00000000 0
24126 1 3 000278 E5B41718 0
24127 1 3 000279 24733DBE 0
24128 1 3 00027A C3823DDB 0
24129 1 3 00027B 487700BC 0
24130 1 3 00027C 1EAA71A4 0
24131 1 3 00027D 02189E43 0
24132 1 3 00027E 00000000 0
24133 1 3 00027F 00000000 0
24135 1 1 000078 00000000 0
24151 4 3 000078 0FD7A3E3 0
24152 4 3 000079 4D2F9CD8 0
24153 4 3 00007A C41ABB91 0
24154 4 3 00007B 7BE31637 0
24155 4 3 00007C 67CDDFD0 0
24156 4 3 00007D F3D57FC7 0
24157 4 3 00007E 32D67B19 0
24158 4 3 00007F 728973D9 0
24179 2 3 0002B8 00000000 0
24180 2 3 0002B8 34E48541 0
24181 2 3 0002B9 7DCF74FF 0
24182 2 3 0002BA 64723E44 0
24183 2 3 0002BB 64986192 0
24184 2 3 0002BC 16D7469C 0
24185 2 3 0002BD 7C1337ED 0
24186 2 3 0002BE 00000000 0
24187 2 3 0002BF 00000000 0
24189 2 1 0000B8 00000000 0
24205 4 3 0000B8 19939C1A 0
24206 4 3 0000B9 66325BC0 0
24207 4 3 0000BA FA44661E 0
24208 4 3 0000BB AA9B42ED 0
24209 4 3 0000BC EBA5658F 0
24210 4 3 0000BD 4606B37D 0
24211 4 3 0000BE 7ED0D012 0
24212 4 3 0000BF 1CCF5699 0
24214 3 3 0002F8 00000000 0
24215 3 3 0002F8 5FE17341 0
24216 3 3 0002F9 FA23775A 0
24217 3 3 0002FA FF9CE680 0
24218 3 3 0002FB 5460768A 0
24219 3 3 0002FC F0B49F82 0
24220 3 3 0002FD 98982306 0
24221 3 3 0002FE 00000000 0
24222 3 3 0002FF 00000000 0
24224 3 1 0000F8 00000000 0
24240 4 3 0000F8 4B116965 0
24241 4 3 0000F9 4AD767AF 0
24242 4 3 0000FA 3A6982A4 0
24243 4 3 0000FB 08F3D37A 0
24244 4 3 0000FC 829941E9 0
24245 4 3 0000FD 8817E1BA 0
24246 4 3 0000FE 3E2970C5 0
24247 4 3 0000FF 0675DE2E 0
24249 0 2 00023E 00000000 0
24265 4 3 000238 80F2AA3E 0
24266 4 3 000239 5A192C82 0
24267 4 3 00023A FEE42B41 0
24268 4 3 00023B F57AA651 0
24269 4 3 00023C D8153714 0
24270 4 3 00023D 0574E915 0
24271 4 3 00023E 00000000 0
24272 4 3 00023F 00000000 0
24284 1 2 00027E 00000000 0
24300 4 3 000278 E5B41718 0
24301 4 3 000279 24733DBE 0
24302 4 3 00027A C3823DDB 0
24303 4 3 00027B 487700BC 0
24304 4 3 00027C 1EAA71A4 0
24305 4 3 00027D 02189E43 0
24306 4 3 00027E 00000000 0
24307 4 3 00027F 00000000 0
24338 2 2 0002BE 00000000 0
24354 4 3 0002B8 34E48541 0
24355 4 3 0002B9 7DCF74FF 0
24356 4 3 0002BA 64723E44 0
24357 4 3 0002BB 64986192 0
24358 4 3 0002BC 16D7469C 0
24359 4 3 0002BD 7C1337ED 0
24360 4 3 0002BE 00000000 0
24361 4 3 0002BF 00000000 0
24373 3 2 0002FE 00000000 0
24389 4 3 0002F8 5FE17341 0
24390 4 3 0002F9 FA23775A 0
24391 4 3 0002FA FF9CE680 0
24392 4 3 0002FB 5460768A 0
24393 4 3 0002FC F0B49F82 0
24394 4 3 0002FD 98982306 0
24395 4 3 0002FE 00000000 0
24396 4 3 0002FF 00000000 0
24402 0 3 000238 00000000 0
24403 0 3 000238 80F2AA3E 0
24404 0 3 000239 5A192C82 0
24405 0 3 00023A FEE42B41 0
24406 0 3 00023B F57AA651 0
24407 0 3 00023C D8153714 0
24408 0 3 00023D 0574E915 0
24409 0 3 00023E EB6DED60 0
24410 0 3 00023F 00000000 0
24412 0 1 000038 00000000 0
24428 4 3 000038 43CBD030 0
24429 4 3 000039 4A4E8509 0
24430 4 3 00003A 0DAAC16C 0
24431 4 3 00003B 1C1BCF1D 0
24432 4 3 00003C D9D5315D 0
24433 4 3 00003D 5BF88BCF 0
24434 4 3 00003E 9BE44D96 0
24435 4 3 00003F 6B1EA866 0
24437 1 3 000278 00000000 0
24438 1 3 000278 E5B41718 0
24439 1 3 000279 24733DBE 0
24440 1 3 00027A C3823DDB 0
24441 1 3 00027B 487700BC 0
24442 1 3 00027C 1EAA71A4 0
24443 1 3 00027D 02189E43 0
24444 1 3 00027E B07B8A2A 0
24445 1 3 00027F 00000000 0
24447 1 1 000078 00000000 0
24463 4 3 000078 0FD7A3E3 0
24464 4 3 000079 4D2F9CD8 0
24465 4 3 00007A C41ABB91 0
24466 4 3 00007B 7BE31637 0
24467 4 3 00007C 67CDDFD0 0
24468 4 3 00007D F3D57FC7 0
24469 4 3 00007E 32D67B19 0
24470 4 3 00007F 728973D9 0
24491 2 3 0002B8 00000000 0
24492 2 3 0002B8 34E48541 0
24493 2 3 0002B9 7DCF74FF 0
24494 2 3 0002BA 64723E44 0
24495 2 3 0002BB 64986192 0
24496 2 3 0002BC 16D7469C 0
24497 2 3 0002BD 7C1337ED 0
24498 2 3 0002BE D3F5EF2F 0
24499 2 3 0002BF 00000000 0
24501 2 1 0000B8 00000000 0
24517 4 3 0000B8 19939C1A 0
24518 4 3 0000B9 66325BC0 0
24519 4 3 0000BA FA44661E 0
24520 4 3 0000BB AA9B42ED 0
24521 4 3 0000BC EBA5658F 0
24522 4 3 0000BD 4606B37D 0
24523 4 3 0000BE 7ED0D012 0
24524 4 3 0000BF 1CCF5699 0
24526 3 3 0002F8 00000000 0
24527 3 3 0002F8 5FE17341 0
24528 3 3 0002F9 FA23775A 0
24529 3 3 0002FA FF9CE680 0
24530 3 3 0002FB 5460768A 0
24531 3 3 0002FC F0B49F82 0
24532 3 3 0002FD 98982306 0
24533 3 3 0002FE 00B23EB2 0
24534 3 3 0002FF 00000000 0
24536 3 1 0000F8 00000000 0
24552 4 3 0000F8 4B116965 0
24553 4 3 0000F9 4AD767AF 0
24554 4 3 0000FA 3A6982A4 0
24555 4 3 0000FB 08F3D37A 0
24556 4 3 0000FC 829941E9 0
24557 4 3 0000FD 8817E1BA 0
24558 4 3 0000FE 3E2970C5 0
24559 4 3 0000FF 0675DE2E 0
24561 0 2 00023F 00000000 0
24577 4 3 000238 80F2AA3E 0
24578 4 3 000239 5A192C82 0
24579 4 3 00023A FEE42B41 0
24580 4 3 00023B F57AA651 0
24581 4 3 00023C D8153714 0
24582 4 3 00023D 0574E915 0
24583 4 3 00023E EB6DED60 0
24584 4 3 00023F 00000000 0
24596 1 2 00027F 00000000 0
24612 4 3 000278 E5B41718 0
24613 4 3 000279 24733DBE 0
24614 4 3 00027A C3823DDB 0
24615 4 3 00027B 487700BC 0
24616 4 3 00027C 1EAA71A4 0
24617 4 3 00027D 02189E43 0
24618 4 3 00027E B07B8A2A 0
24619 4 3 00027F 00000000 0
24650 2 2 0002BF 00000000 0
24666 4 3 0002B8 34E48541 0
24667 4 3 0002B9 7DCF74FF 0
24668 4 3 0002BA 64723E44 0
24669 4 3 0002BB 64986192 0
24670 4 3 0002BC 16D7469C 0
24671 4 3 0002BD 7C1337ED 0
24672 4 3 0002BE D3F5EF2F 0
24673 4 3 0002BF 00000000 0
24685 3 2 0002FF 00000000 0
24701 4 3 0002F8 5FE17341 0
24702 4 3 0002F9 FA23775A 0
24703 4 3 0002FA FF9CE680 0
24704 4 3 0002FB 5460768A 0
24705 4 3 0002FC F0B49F82 0
24706 4 3 0002FD 98982306 0
24707 4 3 0002FE 00B23EB2 0
24708 4 3 0002FF 00000000 0
